"Nome da embarcação";"Inscrição MB";"Situação atual";"Data da adesão";"Data último registro(Horário de Brasília)";"UF";"Dia de Extração";"Hora de Extração"
"12 APÓSTOLOS";"163-004603-5-CE";"Ativa/Envio irregular";"20/07/2023 10:58";"16/03/2026 07:14:51";"CE";"2026-10-01";"23:51:22"
"1º de abril";"021-102761-8-PA";"Desativada temporariamente";"18/12/2019 11:29";"26/05/2026 13:44:50";"PA";"2026-10-01";"23:51:22"
"1 Solar";"163-004663-9-CE";"Ativa";"24/03/2022 16:11";"01/10/2026 23:42:30";"CE";"2026-10-01";"23:51:22"
"3º Milênio";"021-017666-1-PA";"Ativa";"25/05/2018 06:58";"01/10/2026 23:49:20";"PA";"2026-10-01";"23:51:22"
"AA PESCA";"163-004662-1-CE";"Ativa";"02/03/2020 11:44";"01/10/2026 23:33:03";"CE";"2026-10-01";"23:51:22"
"Abençoado A";"382-008633-1-RJ";"Desativada temporariamente";"22/12/2022 11:40";"06/07/2026 19:12:13";"RJ";"2026-10-01";"23:51:22"
"ABENÇOADO POR DEUS III";"201-022005-6-PB";"Ativa";"25/03/2019 15:39";"01/10/2026 23:39:21";"PB";"2026-10-01";"23:51:22"
"ABENÇOADO Y";"162-001539-1-CE";"Ativa";"24/06/2015 16:53";"01/10/2026 23:31:29";"CE";"2026-10-01";"23:51:22"
"Abrigo dos Reis I / ex Radar do Mar";"382-005336-1-RJ";"Ativa";"18/11/2009 16:17";"01/10/2026 23:45:30";"RJ";"2026-10-01";"23:51:22"
"Acapulco";"021-028240-1-PA";"Ativa/Envio irregular";"25/07/2011 10:43";"21/11/2024 10:25:40";"PA";"2026-10-01";"23:51:22"
"ACARAU PESCA IV";"161-005413-0-CE";"Ativa/Envio irregular";"22/06/2015 17:48";"30/06/2015 19:58:02";"CE";"2026-10-01";"23:51:22"
"ACARAU PESCA X";"161-002956-9-CE";"Ativa/Envio irregular";"22/06/2015 17:50";"01/07/2015 16:20:55";"CE";"2026-10-01";"23:51:22"
"ACARAU PESCA XIV";"161-002975-5-CE";"Ativa/Envio irregular";"22/06/2015 17:51";"03/07/2024 13:55:23";"CE";"2026-10-01";"23:51:22"
"ACARAU PESCA XVII";"163-003836-9-CE";"Ativa/Envio irregular";"30/06/2023 11:35";"03/09/2023 16:56:36";"CE";"2026-10-01";"23:51:22"
"ACF Mar";"163-004869-1-CE";"Ativa/Envio irregular";"13/04/2022 15:51";"20/09/2023 09:52:24";"CE";"2026-10-01";"23:51:22"
"AC Marlin";"163-004590-0-CE";"Ativa";"07/07/2015 16:09";"01/10/2026 23:42:48";"CE";"2026-10-01";"23:51:22"
"Acréscimo do Senhor";"163-004646-9-CE";"Ativa";"30/12/2019 18:19";"01/10/2026 23:47:38";"CE";"2026-10-01";"23:51:22"
"ADAO II";"161-006214-1-CE";"Ativa";"31/03/2015 11:12";"01/10/2026 23:39:32";"CE";"2026-10-01";"23:51:22"
"ADEMIR JR";"443-009801-8-SC";"Ativa/Envio irregular";"12/01/2017 07:55";"27/08/2026 13:12:42";"SC";"2026-10-01";"23:51:22"
"ADEMIR JR II";"461-009751-6-RS";"Ativa";"04/03/2008 14:26";"01/10/2026 23:34:21";"RS";"2026-10-01";"23:51:22"
"ADENOR MARTHINS";"163-004717-1-CE";"Ativa/Envio irregular";"20/02/2020 09:07";"01/10/2026 06:53:01";"CE";"2026-10-01";"23:51:22"
"ADNA";"162-002133-1-CE";"Ativa";"22/06/2015 17:47";"01/10/2026 23:42:04";"CE";"2026-10-01";"23:51:22"
"Adolpho José";"443-009683-0-SC";"Ativa";"20/06/2007 10:19";"01/10/2026 23:34:02";"SC";"2026-10-01";"23:51:22"
"Adriana";"382-004480-9-RJ";"Ativa/Envio irregular";"19/11/2008 16:25";"05/01/2010 10:22:27";"RJ";"2026-10-01";"23:51:22"
"Adriana II";"181-004930-0-RN";"Ativa/Envio irregular";"09/03/2015 11:44";"30/09/2020 10:52:12";"RN";"2026-10-01";"23:51:22"
"ADRIANA SANTOS";"443-048154-7-SC";"Ativa";"05/07/2016 14:55";"01/10/2026 23:50:11";"SC";"2026-10-01";"23:51:22"
"ADRIANO LUIZ";"163-004105-0-CE";"Ativa";"02/12/2022 14:02";"01/10/2026 23:35:54";"CE";"2026-10-01";"23:51:22"
"Adriano Santos";"443-011059-0-SC";"Ativa/Envio irregular";"03/10/2007 10:22";"01/12/2025 08:21:53";"SC";"2026-10-01";"23:51:22"
"ADRIANO VIII";"161-003208-0-CE";"Ativa";"22/06/2015 17:51";"01/10/2026 23:39:56";"CE";"2026-10-01";"23:51:22"
"Adrian P";"163-004768-6-CE";"Ativa";"05/03/2020 08:41";"01/10/2026 23:37:39";"CE";"2026-10-01";"23:51:22"
"ADRIPESCA IX";"022-011269-0-PA";"Ativa";"11/05/2023 17:32";"01/10/2026 23:45:53";"PA";"2026-10-01";"23:51:22"
"Adripesca VI";"022-008612-5-PA";"Ativa";"29/12/2017 09:48";"01/10/2026 23:47:11";"PA";"2026-10-01";"23:51:22"
"Adripesca X";"022-008864-1-PA";"Ativa";"10/11/2017 08:19";"01/10/2026 23:40:56";"PA";"2026-10-01";"23:51:22"
"AERO NAVAL I";"161-003561-5-CE";"Ativa/Envio irregular";"22/06/2015 17:53";"23/12/2023 23:09:49";"CE";"2026-10-01";"23:51:22"
"Ágape JC";"163-004637-0-CE";"Ativa/Envio irregular";"31/10/2017 12:15";"19/08/2026 15:35:38";"CE";"2026-10-01";"23:51:22"
"Agios Nikolaus";"201-E00117-9-PB";"Interrupção permanente";"16/02/2007 08:46";"08/05/2007 16:01:27";"PB";"2026-10-01";"23:51:22"
"A. Gouvea";"021-030966-1-PA";"Ativa/Envio irregular";"23/02/2015 17:44";"05/07/2018 07:23:15";"PA";"2026-10-01";"23:51:22"
"A. Gouvea II";"021-098422-8-PA";"Ativa/Envio irregular";"13/01/2012 10:39";"04/07/2018 11:11:25";"PA";"2026-10-01";"23:51:22"
"Agradeço a Deus";"341-023755-1-ES";"Ativa";"21/09/2021 10:12";"01/10/2026 23:46:13";"ES";"2026-10-01";"23:51:22"
"Água Marinha I / ex Ipê I";"443-005362-6-SC";"Ativa";"04/01/2008 14:02";"01/10/2026 23:50:02";"SC";"2026-10-01";"23:51:22"
"Águas Claras C";"021-018305-5-PA";"Ativa";"15/07/2008 15:47";"01/10/2026 23:49:28";"PA";"2026-10-01";"23:51:22"
"ÁGUAS CLARAS M";"445-007912-4-SP";"Ativa";"13/09/2016 08:14";"01/10/2026 23:36:46";"SP";"2026-10-01";"23:51:22"
"Águas do Rio Negro";"221-011410-1-PE";"Ativa/Envio irregular";"15/02/2008 11:14";"13/09/2011 00:18:51";"PE";"2026-10-01";"23:51:22"
"Água Viva I";"441-009811-0-SC";"Ativa";"22/06/2007 10:44";"01/10/2026 23:47:35";"SC";"2026-10-01";"23:51:22"
"Água Viva M / Nieves - N";"443-011035-2-SC";"Ativa";"05/12/2008 17:09";"01/10/2026 23:32:53";"SC";"2026-10-01";"23:51:22"
"Águia do Mar V";"443-011086-7-SC";"Ativa";"04/05/2012 17:28";"01/10/2026 23:33:00";"SC";"2026-10-01";"23:51:22"
"Águia Dourada III";"443-008112-3-SC";"Ativa/Envio irregular";"21/12/2009 11:44";"19/11/2019 12:06:22";"SC";"2026-10-01";"23:51:22"
"Aguia Dourada IX";"443-009164-1-SC";"Ativa/Envio irregular";"10/11/2008 09:43";"27/08/2026 18:27:13";"SC";"2026-10-01";"23:51:22"
"Aguia Dourada VII";"443-009154-4-SC";"Ativa";"30/10/2007 16:00";"01/10/2026 23:39:52";"SC";"2026-10-01";"23:51:22"
"Águia Dourada XI";"443-009703-8-SC";"Ativa/Envio irregular";"21/12/2009 18:22";"05/02/2026 11:09:11";"SC";"2026-10-01";"23:51:22"
"Aguia Dourada XII";"443-010701-7-SC";"Ativa/Envio irregular";"30/10/2007 15:35";"09/06/2026 01:10:46";"SC";"2026-10-01";"23:51:22"
"Aguia Dourada XVI";"443-012104-4-SC";"Ativa/Envio irregular";"04/03/2008 17:10";"02/03/2022 09:32:37";"SC";"2026-10-01";"23:51:22"
"Aguia Dourada XVII";"443-047799-0-SC";"Ativa/Envio irregular";"21/07/2011 17:37";"19/09/2026 16:08:35";"SC";"2026-10-01";"23:51:22"
"AGUIA F";"443-009130-7-SC";"Desativada temporariamente";"15/08/2007 13:20";"08/09/2026 19:47:12";"SC";"2026-10-01";"23:51:22"
"Aguia I";"021-029380-2-PA";"Ativa";"27/07/2007 14:52";"01/10/2026 23:45:45";"PA";"2026-10-01";"23:51:22"
"Aguia II";"021-017671-7-PA";"Ativa";"26/07/2007 17:18";"01/10/2026 23:45:12";"PA";"2026-10-01";"23:51:22"
"Aguia III";"021-030349-2-PA";"Ativa/Envio irregular";"27/07/2007 09:25";"26/08/2019 17:05:47";"PA";"2026-10-01";"23:51:22"
"AGUIA MARINHA I";"401-015789-5-SP";"Ativa";"19/07/2007 14:32";"01/10/2026 23:43:52";"SP";"2026-10-01";"23:51:22"
"AGUIA N 1";"443-008578-1-SC";"Ativa/Envio irregular";"13/02/2013 18:01";"07/03/2023 14:37:56";"SC";"2026-10-01";"23:51:22"
"Aguia V";"021-031279-3-PA";"Ativa";"26/07/2007 17:31";"01/10/2026 23:33:05";"PA";"2026-10-01";"23:51:22"
"ÁGUIA V";"161-005694-9-CE";"Ativa";"21/07/2011 17:16";"01/10/2026 23:39:56";"CE";"2026-10-01";"23:51:22"
"Agustinho de Castro";"443-047548-2-SC";"Ativa/Envio irregular";"16/10/2012 17:27";"08/02/2014 18:21:55";"SC";"2026-10-01";"23:51:22"
"AGUSTINHO DE CASTRO III";"381-019462-0-RJ";"Ativa";"30/07/2010 11:05";"01/10/2026 23:41:12";"RJ";"2026-10-01";"23:51:22"
"AIDA II";"162-001635-4-CE";"Ativa";"22/11/2022 19:08";"01/10/2026 23:48:34";"CE";"2026-10-01";"23:51:22"
"Aira";"381-008902-8-RJ";"Ativa/Envio irregular";"12/05/2010 15:20";"17/07/2018 07:36:40";"RJ";"2026-10-01";"23:51:22"
"AJÔJO";"441-013742-5-SC";"Ativa";"09/05/2012 11:13";"01/10/2026 23:43:53";"SC";"2026-10-01";"23:51:22"
"Akira";"401-074583-5-SP";"Ativa/Envio irregular";"14/09/2007 14:27";"13/01/2008 18:50:36";"SP";"2026-10-01";"23:51:22"
"Akira VI";"443-004826-6-SC";"Ativa";"15/08/2008 08:45";"01/10/2026 23:07:51";"SC";"2026-10-01";"23:51:22"
"Alalunga III";"443-009166-8-SC";"Ativa";"20/06/2007 10:08";"01/10/2026 23:37:05";"SC";"2026-10-01";"23:51:22"
"Alalunga IV";"443-010157-4-SC";"Ativa";"28/06/2007 16:48";"01/10/2026 23:37:13";"SC";"2026-10-01";"23:51:22"
"Alalunga V / ex Pavão Misterioso I";"461-003676-2-RS";"Ativa";"20/06/2007 16:21";"01/10/2026 23:32:58";"RS";"2026-10-01";"23:51:22"
"Alalunga VII";"443-012118-4-SC";"Interrupção permanente";"14/12/2007 16:36";"14/01/2008 09:30:06";"SC";"2026-10-01";"23:51:22"
"Alalunga VIII";"443-049259-0-SC";"Ativa";"06/02/2018 08:40";"01/10/2026 23:46:44";"SC";"2026-10-01";"23:51:22"
"ALAN II";"401-020947-0-SP";"Ativa/Envio irregular";"15/10/2007 12:44";"24/04/2024 10:29:12";"SP";"2026-10-01";"23:51:22"
"Alarriba (1º Rastreamento)";"381-002998-0-RJ";"Interrupção permanente";"06/03/2008 15:40";"07/01/2009 09:34:36";"RJ";"2026-10-01";"23:51:22"
"Alarriba (2º Rastreamento)";"381-002988-2-RJ";"Ativa/Envio irregular";"07/01/2009 10:39";"23/09/2026 08:53:20";"RJ";"2026-10-01";"23:51:22"
"Alaska I";"401-038313-5-SP";"Ativa";"15/08/2007 14:38";"01/10/2026 23:37:11";"SP";"2026-10-01";"23:51:22"
"Albacora";"441-016531-3-SC";"Ativa";"27/07/2007 17:35";"01/10/2026 23:46:57";"SC";"2026-10-01";"23:51:22"
"Albacora BP";"163-004668-0-CE";"Ativa";"16/12/2021 12:46";"01/10/2026 23:49:26";"CE";"2026-10-01";"23:51:22"
"ALBACORA GPS";"381-021471-0-RJ";"Ativa";"14/11/2007 17:30";"01/10/2026 23:34:55";"RJ";"2026-10-01";"23:51:22"
"ALBACORA II";"341-014528-1-BA";"Desativada temporariamente";"";"";"BA";"2026-10-01";"23:51:22"
"Albamar";"181-E00177-2-RN";"Ativa/Envio irregular";"29/04/2008 17:23";"14/03/2009 14:04:06";"RN";"2026-10-01";"23:51:22"
"Albatros";"181-E00193-4-RN";"Interrupção permanente";"28/01/2009 16:35";"04/02/2009 06:27:52";"RN";"2026-10-01";"23:51:22"
"Albatroz Real I";"021-027210-4-PA";"Ativa/Envio irregular";"28/09/2010 15:19";"24/09/2013 09:29:45";"PA";"2026-10-01";"23:51:22"
"ALBUQUERQUE I";"201-022123-1-PB";"Ativa";"16/05/2025 14:50";"01/10/2026 23:50:15";"PB";"2026-10-01";"23:51:22"
"ALCANTARA I";"161-005867-4-CE";"Ativa";"22/06/2015 17:54";"01/10/2026 23:35:56";"CE";"2026-10-01";"23:51:22"
"ALCAR";"221-009596-4-PE";"Ativa";"05/06/2025 09:43";"01/10/2026 23:39:22";"PE";"2026-10-01";"23:51:22"
"ALCATRAZ";"381-033922-9-RJ";"Ativa/Envio irregular";"12/04/2013 10:49";"06/04/2021 15:07:45";"RJ";"2026-10-01";"23:51:22"
"Alcatraz I";"401-054410-4-SP";"Ativa/Envio irregular";"27/08/2012 15:18";"13/03/2022 22:40:48";"SP";"2026-10-01";"23:51:22"
"Alegrete II";"465-001224-4-RS";"Ativa";"18/11/2013 16:34";"01/10/2026 23:32:23";"RS";"2026-10-01";"23:51:22"
"Alemão Pescados / Ex Vô Luciano";"401-014490-4-SC";"Ativa";"18/10/2007 18:30";"01/10/2026 23:33:40";"SC";"2026-10-01";"23:51:22"
"ALEMÃO PESCADOS I /ex DONA CATHARINA I";"466-000889-4-RS";"Ativa";"21/05/2009 10:28";"01/10/2026 23:32:00";"RS";"2026-10-01";"23:51:22"
"ALESSANDRA I";"161-005426-1-CE";"Ativa/Envio irregular";"22/06/2015 17:54";"";"CE";"2026-10-01";"23:51:22"
"Alexandre";"384-004392-1-RJ";"Ativa/Envio irregular";"01/04/2009 15:07";"14/09/2010 11:13:45";"RJ";"2026-10-01";"23:51:22"
"ALEXANDRE";"381-016758-4-RJ";"Ativa";"21/10/2024 15:40";"01/10/2026 23:33:20";"RJ";"2026-10-01";"23:51:22"
"ALEXSANDRA";"161-006227-2-CE";"Ativa";"22/06/2015 17:56";"01/10/2026 23:39:05";"CE";"2026-10-01";"23:51:22"
"Alfa";"121-010422-9-MA";"Ativa";"22/03/2007 14:08";"01/10/2026 23:47:35";"MA";"2026-10-01";"23:51:22"
"Alfa II/ ex Dom Manoel XV";"401-055560-2-SC";"Ativa";"11/12/2007 16:45";"01/10/2026 23:46:24";"SC";"2026-10-01";"23:51:22"
"ALFREDO FILHO II";"162-001726-1-CE";"Ativa";"23/06/2015 15:30";"01/10/2026 23:35:56";"CE";"2026-10-01";"23:51:22"
"Alfredo pesca";"182-005210-9-RN";"Ativa";"08/04/2020 09:01";"01/10/2026 23:35:34";"RN";"2026-10-01";"23:51:22"
"Aliança JB / Cunhamar VI / Giovanna III A / ex Leardini VI";"401-055040-6-SP";"Ativa/Envio irregular";"18/07/2007 17:13";"17/06/2026 17:27:48";"SP";"2026-10-01";"23:51:22"
"ALICE EJ";"443-050644-2-SC";"Ativa";"24/04/2024 17:01";"01/10/2026 23:37:44";"SC";"2026-10-01";"23:51:22"
"Alimar I";"161-004929-2-CE";"Ativa/Envio irregular";"22/05/2009 14:35";"16/12/2009 19:58:45";"CE";"2026-10-01";"23:51:22"
"Alimar II";"161-005042-8-CE";"Ativa";"16/08/2007 14:29";"01/10/2026 23:44:51";"CE";"2026-10-01";"23:51:22"
"Alimar VIII";"161-003816-9-CE";"Ativa/Envio irregular";"08/08/2007 18:19";"19/05/2011 13:54:57";"CE";"2026-10-01";"23:51:22"
"Al mar";"341-023763-1-ES";"Ativa/Envio irregular";"25/06/2018 09:03";"29/05/2026 11:46:13";"ES";"2026-10-01";"23:51:22"
"AL MARE III C";"443-012171-1-SC";"Ativa";"15/05/2017 08:31";"01/10/2026 23:05:26";"SC";"2026-10-01";"23:51:22"
"AL MARE IV G";"421-552904-2-SC";"Ativa/Envio irregular";"11/07/2016 12:19";"21/05/2026 09:03:59";"SC";"2026-10-01";"23:51:22"
"Al Mar I";"341-023109-9-ES";"Ativa";"11/09/2018 17:58";"01/10/2026 23:39:08";"ES";"2026-10-01";"23:51:22"
"Almar II";"341-023539-6-ES";"Ativa";"16/06/2015 11:39";"01/10/2026 23:49:07";"ES";"2026-10-01";"23:51:22"
"ALMEIDA II";"161-003784-7-CE";"Ativa/Envio irregular";"23/06/2015 18:05";"";"CE";"2026-10-01";"23:51:22"
"ALMIRANTE SETE";"163-003361-8-CE";"Ativa/Envio irregular";"08/06/2026 16:28";"26/09/2026 03:23:30";"CE";"2026-10-01";"23:51:22"
"Almirante SG";"163-004735-0-CE";"Ativa";"02/03/2020 12:41";"01/10/2026 23:39:46";"CE";"2026-10-01";"23:51:22"
"Almirante SG I";"163-004734-1-CE";"Ativa";"02/03/2020 12:43";"01/10/2026 23:37:37";"CE";"2026-10-01";"23:51:22"
"ALMIRANTE SG II";"163-004823-2-CE";"Ativa";"31/05/2021 19:22";"01/10/2026 23:50:14";"CE";"2026-10-01";"23:51:22"
"ALMIRANTE SG III";"163-004671-0-CE";"Ativa/Envio irregular";"20/12/2019 10:58";"07/04/2026 17:42:25";"CE";"2026-10-01";"23:51:22"
"ALMIRANTE V";"161-002804-0-CE";"Ativa/Envio irregular";"30/06/2015 09:41";"19/07/2026 11:18:48";"CE";"2026-10-01";"23:51:22"
"ALMIRANTE VIII";"021-098546-1-CE";"Ativa";"11/03/2020 11:35";"01/10/2026 23:46:17";"CE";"2026-10-01";"23:51:22"
"ALTAMIR I";"381-045868-6-RJ";"Ativa/Envio irregular";"11/02/2008 09:36";"30/09/2026 19:51:47";"RJ";"2026-10-01";"23:51:22"
"Altanir";"162-001831-4-CE";"Desativada temporariamente";"27/03/2015 10:20";"04/09/2026 00:06:12";"CE";"2026-10-01";"23:51:22"
"Alto Mar IV";"443-009138-2-SC";"Ativa";"16/09/2008 15:23";"01/10/2026 23:33:33";"SC";"2026-10-01";"23:51:22"
"Alto Mar V";"441-012148-1-SC";"Ativa/Envio irregular";"01/09/2008 10:35";"18/01/2019 14:31:45";"SC";"2026-10-01";"23:51:22"
"ALTO MAR VI";"401-036809-8-SP";"Ativa";"06/09/2010 17:46";"01/10/2026 23:38:54";"SP";"2026-10-01";"23:51:22"
"ALVES E FERETTI";"382-010346-5-RJ";"Ativa";"10/11/2008 15:10";"01/10/2026 23:41:44";"RJ";"2026-10-01";"23:51:22"
"Alvor";"181-E00192-6-RN";"Cadastrada";"";"";"RN";"2026-10-01";"23:51:22"
"Alysson";"163-004030-4-CE";"Ativa";"15/04/2010 11:26";"01/10/2026 23:35:27";"CE";"2026-10-01";"23:51:22"
"AMAIR";"161-003161-0-CE";"Ativa/Envio irregular";"23/06/2015 18:07";"28/06/2015 19:30:35";"CE";"2026-10-01";"23:51:22"
"Amanda Santos";"443-011534-6-SC";"Ativa";"01/11/2007 17:57";"01/10/2026 23:42:18";"SC";"2026-10-01";"23:51:22"
"Amaral I A";"443-008380-1-SC";"Ativa/Envio irregular";"24/06/2013 17:36";"04/02/2014 20:51:12";"SC";"2026-10-01";"23:51:22"
"Amaral II A";"443-008381-9-SC";"Ativa/Envio irregular";"15/08/2013 15:21";"19/01/2014 15:37:40";"SC";"2026-10-01";"23:51:22"
"Amaral VI";"441-012478-1-SC";"Interrupção permanente";"20/02/2008 09:28";"22/06/2010 17:15:08";"SC";"2026-10-01";"23:51:22"
"Amaral XVI";"441-014927-0-SC";"Interrupção permanente";"22/11/2007 16:17";"29/09/2010 06:14:19";"SC";"2026-10-01";"23:51:22"
"Amasa 22";"021-018301-2-PA";"Ativa";"23/07/2007 11:00";"01/10/2026 23:31:35";"PA";"2026-10-01";"23:51:22"
"Amasa 75";"021-019011-6-PA";"Ativa";"27/07/2007 10:18";"01/10/2026 23:33:09";"PA";"2026-10-01";"23:51:22"
"AMAURI";"201-007624-9-PB";"Ativa";"31/03/2015 11:12";"01/10/2026 23:41:13";"PB";"2026-10-01";"23:51:22"
"AMAZON ROYAL II";"021-025354-1-PA";"Ativa";"22/06/2023 16:43";"01/10/2026 23:34:43";"PA";"2026-10-01";"23:51:22"
"Amélia Bueno";"403-016679-2-SP";"Ativa";"20/11/2007 15:06";"01/10/2026 23:37:57";"SP";"2026-10-01";"23:51:22"
"AMELIA I";"341-023439-0-ES";"Ativa";"02/12/2019 19:00";"01/10/2026 23:31:57";"ES";"2026-10-01";"23:51:22"
"AMELIA REGINA";"293-006406-4-BA";"Ativa";"02/09/2025 09:37";"01/10/2026 23:37:40";"BA";"2026-10-01";"23:51:22"
"AMELIA REGINA I";"293-006466-8-BA";"Ativa";"18/11/2025 11:32";"01/10/2026 23:39:50";"BA";"2026-10-01";"23:51:22"
"AMELIA REGINA II";"293-006472-2-BA";"Ativa";"18/11/2025 11:10";"01/10/2026 23:46:24";"BA";"2026-10-01";"23:51:22"
"Amigo de Deus";"161-006559-0-RN";"Ativa";"12/12/2019 17:58";"01/10/2026 23:37:05";"RN";"2026-10-01";"23:51:22"
"AMIGOS DE DEUS AM";"182-002375-3-CE";"Ativa";"25/06/2015 15:17";"01/10/2026 23:34:42";"CE";"2026-10-01";"23:51:22"
"Amoroso";"401-031543-1-SP";"Ativa/Envio irregular";"18/07/2012 17:38";"27/05/2023 18:21:15";"SP";"2026-10-01";"23:51:22"
"AMOS";"162-001378-9-CE";"Ativa";"23/06/2015 18:08";"01/10/2026 23:37:07";"CE";"2026-10-01";"23:51:22"
"AMZ II";"341-023331-8-ES";"Ativa";"14/02/2022 17:49";"01/10/2026 23:34:08";"ES";"2026-10-01";"23:51:22"
"ANA CARLA IV";"162-000719-3-CE";"Ativa";"23/06/2015 18:09";"01/10/2026 23:40:24";"CE";"2026-10-01";"23:51:22"
"ANA CLARA";"443-011156-1-SC";"Ativa";"08/10/2007 14:19";"01/10/2026 23:46:02";"SC";"2026-10-01";"23:51:22"
"ANA CLARA GV";"443-009122-6-SC";"Ativa/Envio irregular";"29/01/2013 10:06";"25/04/2023 11:28:45";"SC";"2026-10-01";"23:51:22"
"ANA CRISTINA III";"201-007604-4-PB";"Ativa";"31/03/2015 11:12";"01/10/2026 23:45:26";"PB";"2026-10-01";"23:51:22"
"ANAEL";"401-044965-9-SP";"Desativada temporariamente";"25/02/2008 09:52";"10/05/2026 07:25:32";"SP";"2026-10-01";"23:51:22"
"Ana Hadassah";"163-004748-1-CE";"Ativa";"22/11/2021 11:50";"01/10/2026 23:44:48";"CE";"2026-10-01";"23:51:22"
"ANA JULIA AS";"163-004784-8-CE";"Ativa";"21/11/2024 16:28";"01/10/2026 23:31:45";"CE";"2026-10-01";"23:51:22"
"ANA LAYSE A";"401-012499-7-SP";"Ativa";"13/12/2022 11:18";"01/10/2026 23:31:27";"SP";"2026-10-01";"23:51:22"
"Ana Luiza";"163-003994-2-CE";"Ativa";"17/05/2010 16:08";"01/10/2026 23:31:24";"CE";"2026-10-01";"23:51:22"
"Ana Mara";"182-002459-8-RN";"Ativa/Envio irregular";"11/05/2015 17:01";"11/09/2019 09:14:30";"RN";"2026-10-01";"23:51:22"
"Ana Maria I";"443-009702-0-SC";"Interrupção permanente";"23/07/2009 10:23";"02/09/2011 10:12:17";"SC";"2026-10-01";"23:51:22"
"ANANIAS MAR";"163-004723-6-CE";"Ativa";"02/03/2020 11:23";"01/10/2026 23:46:24";"CE";"2026-10-01";"23:51:22"
"ANANIAS MAR II";"163-004840-2-CE";"Ativa";"27/12/2022 14:32";"01/10/2026 23:38:19";"CE";"2026-10-01";"23:51:22"
"ANANIAS MAR III";"161-005650-7-CE";"Ativa";"24/06/2015 17:51";"01/10/2026 23:45:57";"CE";"2026-10-01";"23:51:22"
"ANA PAMELA";"161-005954-9-CE";"Ativa";"22/09/2023 13:01";"01/10/2026 23:47:07";"CE";"2026-10-01";"23:51:22"
"ANA PATRICIA I";"162-002047-5-CE";"Ativa";"07/06/2023 16:58";"01/10/2026 23:34:24";"CE";"2026-10-01";"23:51:22"
"Ana Paula II";"461-007537-7-RS";"Ativa";"01/08/2013 17:43";"01/10/2026 23:40:30";"RS";"2026-10-01";"23:51:22"
"ANA PAULA III";"461-009646-3-RS";"Ativa";"31/10/2013 14:59";"01/10/2026 23:35:32";"RS";"2026-10-01";"23:51:22"
"ANA PRISCILA";"162-002156-1-CE";"Ativa";"23/06/2015 18:09";"01/10/2026 23:33:55";"CE";"2026-10-01";"23:51:22"
"Ana Rosa";"341-009640-0-SC";"Ativa/Envio irregular";"26/12/2012 11:13";"14/02/2025 00:57:42";"SC";"2026-10-01";"23:51:22"
"ANA ROSA F";"161-005435-1-CE";"Ativa";"23/06/2015 18:10";"01/10/2026 23:39:09";"CE";"2026-10-01";"23:51:22"
"Ana Vitoria";"461-009586-6-RS";"Ativa/Envio irregular";"19/12/2008 09:22";"17/09/2019 14:44:25";"RS";"2026-10-01";"23:51:22"
"ANDERSON";"163-003920-9-CE";"Ativa";"16/07/2015 17:38";"01/10/2026 23:33:39";"CE";"2026-10-01";"23:51:22"
"ANDERSON I";"201-007727-0-PB";"Ativa/Envio irregular";"31/03/2015 11:13";"22/07/2026 00:47:00";"PB";"2026-10-01";"23:51:22"
"ANDORINHA JG";"163-003827-0-CE";"Ativa";"08/12/2010 10:36";"01/10/2026 23:47:16";"CE";"2026-10-01";"23:51:22"
"Andorinha VIII";"163-003956-0-CE";"Ativa/Envio irregular";"13/12/2010 09:50";"13/09/2026 10:03:49";"CE";"2026-10-01";"23:51:22"
"Andorinha X";"163-004108-4-CE";"Ativa";"09/12/2010 14:32";"01/10/2026 23:37:51";"CE";"2026-10-01";"23:51:22"
"Andrade";"261-007876-5-SE";"Ativa";"28/09/2021 11:04";"01/10/2026 23:09:31";"SE";"2026-10-01";"23:51:22"
"Andrade 'S II";"445-010146-4-SC";"Ativa";"03/09/2009 10:26";"01/10/2026 23:41:29";"SC";"2026-10-01";"23:51:22"
"ANDREAZZA-I";"162-000693-6-CE";"Ativa";"23/06/2015 18:10";"01/10/2026 23:49:28";"CE";"2026-10-01";"23:51:22"
"ANDREILSON II";"181-003378-1-RN";"Ativa/Envio irregular";"09/03/2015 11:44";"12/04/2018 13:40:00";"RN";"2026-10-01";"23:51:22"
"André Lucas";"163-004340-1-CE";"Ativa";"19/11/2021 11:45";"01/10/2026 23:34:57";"CE";"2026-10-01";"23:51:22"
"ANDRE MAR";"443-048207-1-SC";"Ativa";"18/08/2016 08:32";"01/10/2026 23:39:54";"SC";"2026-10-01";"23:51:22"
"Andre Mar A / ex Marian I";"443-007990-1-SC";"Ativa/Envio irregular";"12/07/2007 11:37";"16/05/2017 10:04:20";"SC";"2026-10-01";"23:51:22"
"Andre Neto";"201-022020-0-PB";"Ativa";"08/11/2021 11:20";"01/10/2026 23:37:38";"PB";"2026-10-01";"23:51:22"
"Andre Pesca I";"021-030130-9-PA";"Ativa/Envio irregular";"30/09/2010 16:52";"26/01/2015 09:19:00";"PA";"2026-10-01";"23:51:22"
"ANDREPOLI";"161-005046-1-CE";"Ativa";"23/06/2015 18:11";"01/10/2026 23:33:25";"CE";"2026-10-01";"23:51:22"
"ANDRESINHO I";"162-001763-6-CE";"Ativa";"31/03/2015 11:14";"01/10/2026 23:42:56";"CE";"2026-10-01";"23:51:22"
"ANDRESSA MARIA";"163-003846-6-CE";"Ativa";"23/06/2015 18:12";"01/10/2026 23:50:28";"CE";"2026-10-01";"23:51:22"
"ANDRESSA MONTEIRO";"163-003847-4-CE";"Ativa";"23/06/2015 18:12";"01/10/2026 23:40:48";"CE";"2026-10-01";"23:51:22"
"ANEKIN";"443-010908-7-SC";"Ativa";"06/01/2023 12:25";"01/10/2026 23:37:40";"SC";"2026-10-01";"23:51:22"
"Anelize Cardoso";"445-007166-2-SC";"Ativa/Envio irregular";"19/02/2021 15:57";"07/12/2023 02:09:31";"SC";"2026-10-01";"23:51:22"
"A Neto";"163-004819-4-CE";"Ativa/Envio irregular";"21/01/2021 11:31";"01/10/2026 14:13:06";"CE";"2026-10-01";"23:51:22"
"Anga II";"381-042299-1-RJ";"Ativa/Envio irregular";"06/11/2007 14:38";"26/01/2015 10:15:16";"RJ";"2026-10-01";"23:51:22"
"Anga III";"381-039538-2-RJ";"Ativa";"14/05/2010 11:53";"01/10/2026 23:48:51";"RJ";"2026-10-01";"23:51:22"
"ANGELA BEATRIZ";"443-009092-1-SC";"Ativa/Envio irregular";"20/06/2007 10:23";"05/07/2025 02:57:44";"SC";"2026-10-01";"23:51:22"
"Angelica i";"466-001604-8-RS";"Ativa";"25/07/2019 15:54";"01/10/2026 23:32:29";"RS";"2026-10-01";"23:51:22"
"ANGELINO";"162-000752-5-CE";"Ativa";"23/06/2015 18:13";"01/10/2026 23:37:29";"CE";"2026-10-01";"23:51:22"
"Angra Rio II";"382-009692-2-RJ";"Ativa/Envio irregular";"20/11/2008 15:29";"15/02/2022 10:11:00";"RJ";"2026-10-01";"23:51:22"
"Anjo da Paz";"341-024231-7-ES";"Ativa";"20/09/2010 15:50";"01/10/2026 23:33:14";"ES";"2026-10-01";"23:51:22"
"Anjo do Mar";"341-023645-7-ES";"Ativa";"02/12/2019 15:34";"01/10/2026 23:34:52";"ES";"2026-10-01";"23:51:22"
"Anjo do Mar I";"461-009478-9-RS";"Ativa/Envio irregular";"14/08/2015 17:51";"17/12/2015 08:57:10";"RS";"2026-10-01";"23:51:22"
"ANJO GABRIEL C";"441-012072-7-SC";"Ativa";"10/11/2009 17:43";"01/10/2026 23:45:28";"SC";"2026-10-01";"23:51:22"
"ANJO RICARDO";"381-026305-2-RJ";"Ativa/Envio irregular";"06/02/2012 14:39";"24/09/2025 09:48:29";"RJ";"2026-10-01";"23:51:22"
"ANNABEL";"021-101475-3-PA";"Ativa";"11/03/2025 15:47";"01/10/2026 22:32:42";"PA";"2026-10-01";"23:51:22"
"ANNA JULIA";"341-023624-4-ES";"Ativa";"10/07/2024 15:19";"01/10/2026 23:44:28";"ES";"2026-10-01";"23:51:22"
"Anna Karoline";"161-003123-7-CE";"Ativa";"22/06/2010 11:00";"01/10/2026 23:46:25";"CE";"2026-10-01";"23:51:22"
"ANNA KAROLINE II";"163-003948-9-CE";"Ativa";"17/11/2010 09:50";"01/10/2026 23:47:26";"CE";"2026-10-01";"23:51:22"
"Anna Luisa I";"021-100466-9-PA";"Ativa";"03/08/2016 08:40";"01/10/2026 23:34:45";"PA";"2026-10-01";"23:51:22"
"ANN I";"161-006228-1-CE";"Ativa/Envio irregular";"25/06/2015 16:18";"01/07/2015 16:22:10";"CE";"2026-10-01";"23:51:22"
"Anni Carolini / ex Brinco de Ouro I";"443-011136-7-SC";"Ativa/Envio irregular";"16/04/2020 15:08";"21/12/2021 09:31:15";"SC";"2026-10-01";"23:51:22"
"Antares I";"401-058821-7-SP";"Ativa/Envio irregular";"24/10/2007 16:00";"23/04/2010 13:04:38";"SP";"2026-10-01";"23:51:22"
"ANTONELLA III";"341-023157-9-ES";"Ativa/Envio irregular";"14/03/2025 17:01";"28/07/2026 12:30:41";"ES";"2026-10-01";"23:51:22"
"ANTONELLA IV";"293-006241-0-BA";"Cadastrada";"";"";"BA";"2026-10-01";"23:51:22"
"ANTONELLA V";"293-002124-1-BA";"Ativa/Envio irregular";"17/03/2025 09:51";"03/04/2026 21:36:00";"BA";"2026-10-01";"23:51:22"
"ANTONELLA VI";"341-023576-1-ES";"Ativa/Envio irregular";"14/03/2025 16:50";"24/07/2026 15:48:03";"ES";"2026-10-01";"23:51:22"
"ANTONIO E";"381-026314-1-RJ";"Ativa";"25/02/2008 16:02";"01/10/2026 23:34:45";"RJ";"2026-10-01";"23:51:22"
"Antonio F / ex Filho da Promessa F / ex Primavera XIII";"443-008291-0-SC";"Ativa/Envio irregular";"23/08/2007 13:28";"08/03/2017 03:10:40";"SC";"2026-10-01";"23:51:22"
"ANTONIO FILHO";"221-012451-4-PE";"Ativa";"30/06/2015 09:42";"01/10/2026 23:43:40";"PE";"2026-10-01";"23:51:22"
"ANTONIO FILHO II";"162-001668-1-CE";"Ativa";"23/06/2015 18:13";"01/10/2026 23:34:43";"CE";"2026-10-01";"23:51:22"
"Antonio Filho S / ex Datani I";"443-011084-1-SC";"Ativa";"27/03/2007 15:16";"01/10/2026 23:45:59";"SC";"2026-10-01";"23:51:22"
"ANTONIO PAI";"201-007627-3-PB";"Ativa";"25/06/2015 15:27";"01/10/2026 23:35:13";"PB";"2026-10-01";"23:51:22"
"Antonio Paulino";"162-002353-9-CE";"Ativa/Envio irregular";"07/02/2022 16:30";"13/06/2024 16:54:05";"CE";"2026-10-01";"23:51:22"
"Antonio Pedro Domingos / ex Águia Dourada II";"443-007962-5-SC";"Ativa/Envio irregular";"28/06/2007 16:39";"19/10/2022 09:57:33";"SC";"2026-10-01";"23:51:22"
"Antonio Pescado";"163-004731-7-CE";"Ativa";"14/07/2022 10:42";"01/10/2026 23:34:46";"CE";"2026-10-01";"23:51:22"
"Antonio S";"441-011643-6-SC";"Ativa/Envio irregular";"13/11/2008 16:30";"13/10/2010 11:36:07";"SC";"2026-10-01";"23:51:22"
"Antônio Silva";"381-019472-7-RJ";"Ativa/Envio irregular";"13/08/2007 17:08";"03/01/2017 17:44:27";"RJ";"2026-10-01";"23:51:22"
"APARECIDA I";"162-000775-4-CE";"Ativa";"31/03/2015 11:16";"01/10/2026 23:49:27";"CE";"2026-10-01";"23:51:22"
"APESC I / ex Gato Preto S / ex Ana Maria III";"443-009701-1-SC";"Ativa/Envio irregular";"26/03/2009 13:01";"26/10/2025 10:07:28";"SC";"2026-10-01";"23:51:22"
"Apolo";"401-012217-0-SP";"Ativa/Envio irregular";"18/10/2007 16:15";"04/11/2014 16:19:07";"SP";"2026-10-01";"23:51:22"
"Apolo I";"401-038314-3-SP";"Ativa/Envio irregular";"18/10/2007 13:55";"16/08/2010 02:18:52";"SP";"2026-10-01";"23:51:22"
"Apolo IX";"161-003032-0-CE";"Ativa";"02/06/2008 14:42";"01/10/2026 23:46:26";"CE";"2026-10-01";"23:51:22"
"Aquarela I";"403-021602-1-SP";"Ativa";"12/06/2008 16:47";"01/10/2026 23:29:06";"SP";"2026-10-01";"23:51:22"
"Aquarius III";"281-889822-6-BA";"Interrupção permanente";"22/03/2012 10:34";"27/09/2012 11:47:02";"BA";"2026-10-01";"23:51:22"
"Aquarius`s - ex Fenix Gonçalense III";"401-011690-1-SP";"Ativa";"13/01/2011 16:41";"01/10/2026 23:34:51";"SP";"2026-10-01";"23:51:22"
"ARACA V";"443-011658-0-SC";"Ativa";"30/10/2007 15:12";"01/10/2026 23:46:28";"SC";"2026-10-01";"23:51:22"
"ARAÇA VI";"443-011267-3-SC";"Ativa/Envio irregular";"20/05/2013 15:50";"18/02/2025 09:26:48";"SC";"2026-10-01";"23:51:22"
"Araça X / Ex. Pedro Crispim I";"443-011208-8-SC";"Ativa/Envio irregular";"18/03/2008 10:54";"22/07/2026 08:01:57";"SC";"2026-10-01";"23:51:22"
"Araça XI";"381-001987-9-RJ";"Ativa/Envio irregular";"15/10/2021 17:11";"22/07/2026 11:50:41";"RJ";"2026-10-01";"23:51:22"
"Araguaia II";"401-015577-9-SP";"Ativa/Envio irregular";"07/07/2008 10:31";"07/06/2010 12:39:02";"SP";"2026-10-01";"23:51:22"
"Araturi";"162-001828-4-CE";"Ativa";"27/03/2015 10:33";"01/10/2026 23:44:33";"CE";"2026-10-01";"23:51:22"
"ARCA DA ALIANCA III";"141-010882-1-PI";"Ativa";"30/06/2015 09:43";"01/10/2026 23:38:39";"PI";"2026-10-01";"23:51:22"
"Arca do Testemunho";"021-030107-4-PA";"Ativa/Envio irregular";"18/07/2011 17:23";"23/08/2017 10:12:10";"PA";"2026-10-01";"23:51:22"
"Argonauta";"401-054563-1-SP";"Ativa/Envio irregular";"27/01/2009 15:28";"27/11/2019 17:02:22";"SP";"2026-10-01";"23:51:22"
"ARGUS";"162-000755-0-CE";"Ativa/Envio irregular";"10/11/2023 16:13";"29/12/2025 12:38:08";"CE";"2026-10-01";"23:51:22"
"Ariela Pesca";"163-004795-3-CE";"Ativa";"10/11/2020 16:55";"01/10/2026 23:41:12";"CE";"2026-10-01";"23:51:22"
"Armagedom";"382-004382-9-RJ";"Ativa/Envio irregular";"07/01/2010 11:55";"06/08/2011 05:35:50";"RJ";"2026-10-01";"23:51:22"
"Armando Junior I";"021-026814-0-PA";"Ativa/Envio irregular";"18/10/2007 16:30";"24/04/2013 16:54:35";"PA";"2026-10-01";"23:51:22"
"Armando Lucas";"021-029092-7-PA";"Ativa/Envio irregular";"09/10/2007 16:07";"24/02/2016 08:23:47";"PA";"2026-10-01";"23:51:22"
"Arraial";"161-005077-1-CE";"Ativa";"14/06/2010 12:15";"01/10/2026 23:41:01";"CE";"2026-10-01";"23:51:22"
"ARRECIFE";"021-099727-3-PA";"Ativa/Envio irregular";"27/08/2026 10:06";"08/09/2026 10:57:30";"PA";"2026-10-01";"23:51:22"
"ARTE VIVA";"162-001607-9-CE";"Ativa";"26/07/2024 09:36";"01/10/2026 23:31:55";"CE";"2026-10-01";"23:51:22"
"ARTHU R";"181-004342-5-RN";"Ativa";"24/06/2015 15:56";"01/10/2026 23:41:21";"RN";"2026-10-01";"23:51:22"
"Arthur Seif";"441-013298-9-SC";"Ativa/Envio irregular";"16/05/2011 17:48";"30/12/2014 07:01:37";"SC";"2026-10-01";"23:51:22"
"ARTUR BRUNO";"162-001972-8-CE";"Ativa/Envio irregular";"23/06/2015 18:22";"01/07/2015 16:22:20";"CE";"2026-10-01";"23:51:22"
"ARTUR I";"162-002155-2-CE";"Ativa";"25/06/2015 16:22";"01/10/2026 23:47:42";"CE";"2026-10-01";"23:51:22"
"Aruak";"443-006657-4-SC";"Ativa";"07/06/2013 09:44";"01/10/2026 23:37:51";"SC";"2026-10-01";"23:51:22"
"Arvoredo I - ex Damavio";"443-008690-7-SC";"Ativa";"30/10/2009 17:49";"01/10/2026 23:48:19";"SC";"2026-10-01";"23:51:22"
"ASCOPEM I";"161-005846-1-CE";"Ativa/Envio irregular";"23/06/2015 18:23";"01/07/2015 16:43:55";"CE";"2026-10-01";"23:51:22"
"ASER";"161-006012-1-CE";"Ativa/Envio irregular";"23/06/2015 18:23";"";"CE";"2026-10-01";"23:51:22"
"Astromar";"401-058842-0-SP";"Ativa/Envio irregular";"28/06/2007 16:56";"11/02/2010 16:56:41";"SP";"2026-10-01";"23:51:22"
"Astro RN";"182-005203-6-RN";"Ativa";"14/02/2019 16:13";"01/10/2026 23:37:01";"RN";"2026-10-01";"23:51:22"
"Astro Sol I";"443-011991-1-SC";"Ativa";"16/09/2008 16:24";"01/10/2026 23:46:46";"SC";"2026-10-01";"23:51:22"
"Astro Sol II / ex Flipper";"443-009802-6-SC";"Ativa/Envio irregular";"23/08/2007 17:04";"22/07/2021 09:49:07";"SC";"2026-10-01";"23:51:22"
"ASTRO VIII";"162-001777-6-CE";"Ativa/Envio irregular";"23/06/2015 18:24";"21/09/2026 10:42:38";"CE";"2026-10-01";"23:51:22"
"ATENA F";"443-012163-0-SC";"Ativa";"10/03/2008 10:32";"01/10/2026 23:37:53";"SC";"2026-10-01";"23:51:22"
"Atlanta II";"401-058848-9-SP";"Ativa/Envio irregular";"30/08/2012 09:34";"25/10/2024 10:11:05";"SP";"2026-10-01";"23:51:22"
"Atlanta III M";"401-044716-8-SC";"Ativa/Envio irregular";"15/07/2013 16:04";"08/03/2018 14:12:15";"SC";"2026-10-01";"23:51:22"
"Atlântico";"021-022657-9-PA";"Ativa/Envio irregular";"06/08/2007 10:56";"22/12/2025 15:06:18";"PA";"2026-10-01";"23:51:22"
"Atlantico M / ex Tiago Ivo / ex Paraiba I";"021-028947-3-PA";"Ativa";"18/05/2010 10:24";"01/10/2026 23:43:19";"PA";"2026-10-01";"23:51:22"
"ATLANTIS I";"181-003494-9-RN";"Ativa";"25/06/2015 15:30";"01/10/2026 23:34:41";"RN";"2026-10-01";"23:51:22"
"Atobá II";"341-014787-0-BA";"Desativada temporariamente";"03/02/2022 15:23";"07/05/2026 05:58:21";"BA";"2026-10-01";"23:51:22"
"Ato de Fé";"341-038915-6-ES";"Ativa";"16/04/2015 14:31";"01/10/2026 23:41:59";"ES";"2026-10-01";"23:51:22"
"Atos I";"163-003828-8-PA";"Ativa";"12/05/2010 17:00";"01/10/2026 23:34:59";"PA";"2026-10-01";"23:51:22"
"ATOS I";"161-004864-4-CE";"Ativa/Envio irregular";"23/06/2015 18:25";"";"CE";"2026-10-01";"23:51:22"
"ATOS II";"161-003322-1-CE";"Ativa";"23/06/2015 18:26";"01/10/2026 23:41:47";"CE";"2026-10-01";"23:51:22"
"ATOS III";"161-003432-5-CE";"Ativa/Envio irregular";"23/06/2015 18:27";"20/11/2023 14:06:47";"CE";"2026-10-01";"23:51:22"
"A Travessia I";"021-027966-4-PA";"Ativa/Envio irregular";"17/06/2009 15:20";"25/10/2017 10:06:22";"PA";"2026-10-01";"23:51:22"
"Atrevido I";"401-064980-1-SP";"Ativa/Envio irregular";"09/09/2010 09:59";"22/01/2013 13:38:55";"SP";"2026-10-01";"23:51:22"
"Atum.com II";"341-023310-5-ES";"Ativa";"24/05/2013 17:53";"01/10/2026 23:45:36";"ES";"2026-10-01";"23:51:22"
"AUDAIR I";"021-030212-7-PA";"Ativa/Envio irregular";"08/06/2011 16:33";"17/09/2026 12:17:21";"PA";"2026-10-01";"23:51:22"
"AUDAIR II";"021-101767-1-PA";"Ativa/Envio irregular";"19/08/2024 10:40";"17/09/2026 12:14:18";"PA";"2026-10-01";"23:51:22"
"Augusto C";"443-009014-9-SC";"Ativa";"03/09/2021 10:46";"01/10/2026 23:39:31";"SC";"2026-10-01";"23:51:22"
"Aurita II";"381-019523-5-RJ";"Ativa/Envio irregular";"24/08/2011 17:30";"30/12/2025 05:07:49";"RJ";"2026-10-01";"23:51:22"
"Austria II";"401-054809-6-SP";"Ativa";"17/07/2007 15:07";"01/10/2026 23:21:50";"SP";"2026-10-01";"23:51:22"
"Ave Maria";"181-003935-5-RN";"Ativa/Envio irregular";"22/05/2007 14:14";"10/08/2009 17:49:41";"RN";"2026-10-01";"23:51:22"
"Ave Maria II";"381-009588-5-RJ";"Ativa/Envio irregular";"25/03/2008 14:29";"28/11/2013 07:38:22";"RJ";"2026-10-01";"23:51:22"
"Azteca III";"443-049840-7-SC";"Ativa/Envio irregular";"30/06/2020 08:38";"18/06/2026 10:43:04";"SC";"2026-10-01";"23:51:22"
"Bacana IV";"461-007571-7-RS";"Ativa";"04/11/2013 14:05";"01/10/2026 23:34:14";"RS";"2026-10-01";"23:51:22"
"Bacana VI";"461-009773-7-RS";"Ativa";"06/02/2013 10:42";"01/10/2026 23:42:14";"RS";"2026-10-01";"23:51:22"
"Bacana VL";"443-011218-5-SC";"Ativa";"22/11/2013 08:33";"01/10/2026 23:41:51";"SC";"2026-10-01";"23:51:22"
"Bad Boy IV";"387-704666-5-RJ";"Ativa/Envio irregular";"30/08/2010 15:11";"03/05/2016 11:30:10";"RJ";"2026-10-01";"23:51:22"
"Baia Dourada I";"443-011266-5-SC";"Ativa";"30/10/2007 16:17";"01/10/2026 23:37:47";"SC";"2026-10-01";"23:51:22"
"Bailique";"021-098717-1-PA";"Ativa/Envio irregular";"10/08/2010 11:44";"07/12/2025 13:14:53";"PA";"2026-10-01";"23:51:22"
"BALI J";"441-889029-7-SC";"Ativa";"02/12/2022 11:44";"01/10/2026 23:31:09";"SC";"2026-10-01";"23:51:22"
"BALI JJ";"441-889028-9-SC";"Ativa";"09/12/2011 11:16";"01/10/2026 23:40:29";"SC";"2026-10-01";"23:51:22"
"BALUARTE III";"181-003956-8-RN";"Ativa";"09/03/2015 11:45";"01/10/2026 23:36:16";"RN";"2026-10-01";"23:51:22"
"Barbosa Pesca";"181-005223-8-RN";"Ativa/Envio irregular";"21/11/2017 13:15";"17/01/2018 09:53:27";"RN";"2026-10-01";"23:51:22"
"Barreto Brandão";"341-038981-4-ES";"Ativa";"14/09/2022 14:38";"01/10/2026 23:35:51";"ES";"2026-10-01";"23:51:22"
"BARRETO NUNES";"341-039175-4-ES";"Ativa";"12/01/2024 12:17";"01/10/2026 23:40:22";"ES";"2026-10-01";"23:51:22"
"Barreto Rosa";"341-038512-6-ES";"Ativa";"16/03/2012 16:46";"01/10/2026 23:31:32";"ES";"2026-10-01";"23:51:22"
"Baruki";"163-004702-3-CE";"Ativa";"19/08/2020 16:37";"01/10/2026 23:31:51";"CE";"2026-10-01";"23:51:22"
"BARUK I";"443-049710-9-SC";"Ativa";"14/05/2020 11:16";"01/10/2026 23:47:56";"SC";"2026-10-01";"23:51:22"
"Batuta IV";"401-012838-1-SP";"Ativa/Envio irregular";"18/09/2007 09:21";"08/02/2023 08:58:49";"SP";"2026-10-01";"23:51:22"
"BAU I";"141-010110-0-PI";"Ativa";"23/04/2025 16:15";"01/10/2026 23:43:42";"PI";"2026-10-01";"23:51:22"
"BAU II";"021-100303-4-PA";"Ativa";"23/04/2025 16:40";"01/10/2026 23:39:00";"PA";"2026-10-01";"23:51:22"
"BEATRIZ SETUBAL";"443-048137-7-SC";"Ativa";"28/02/2013 17:51";"01/10/2026 23:48:35";"SC";"2026-10-01";"23:51:22"
"Beatriz S / Ex D. Mattos I";"401-012836-4-SP";"Ativa/Envio irregular";"09/07/2008 16:58";"18/11/2025 09:50:12";"SP";"2026-10-01";"23:51:22"
"Belém Pesca";"021-022800-8-PA";"Ativa";"12/11/2007 17:07";"01/10/2026 23:38:51";"PA";"2026-10-01";"23:51:22"
"Belém Pesca IV";"021-022656-1-PA";"Ativa/Envio irregular";"07/11/2007 09:40";"18/12/2012 12:58:30";"PA";"2026-10-01";"23:51:22"
"BELEM PESCA V";"021-022670-6-PA";"Ativa";"12/11/2007 15:10";"01/10/2026 23:46:52";"PA";"2026-10-01";"23:51:22"
"Belém Pesca VI";"021-024448-8-PA";"Ativa/Envio irregular";"09/08/2007 17:04";"10/10/2007 21:41:41";"PA";"2026-10-01";"23:51:22"
"BELÉM PESCA VIII";"021-024449-6-PA";"Ativa";"09/07/2007 11:08";"01/10/2026 23:43:28";"PA";"2026-10-01";"23:51:22"
"BELEM PESCA XV";"021-022709-5-PA";"Ativa";"02/03/2026 13:49";"01/10/2026 23:50:07";"PA";"2026-10-01";"23:51:22"
"Belém Pesca XV";"021-022724-9-PA";"Ativa/Envio irregular";"09/08/2007 17:47";"03/03/2026 14:43:41";"PA";"2026-10-01";"23:51:22"
"Belém Pesca XVII";"021-024057-1-PA";"Ativa/Envio irregular";"09/08/2007 16:33";"22/08/2007 05:47:22";"PA";"2026-10-01";"23:51:22"
"BELEZA MAR";"163-001926-7-CE";"Ativa";"09/02/2026 10:59";"01/10/2026 23:40:25";"CE";"2026-10-01";"23:51:22"
"Belo Horizonte A";"443-010063-2-SC";"Ativa";"05/01/2010 11:28";"01/10/2026 23:37:52";"SC";"2026-10-01";"23:51:22"
"Belo Mar R";"443-011681-4-SC";"Ativa/Envio irregular";"19/10/2010 09:46";"01/10/2026 06:22:17";"SC";"2026-10-01";"23:51:22"
"Belpesca I";"141-010622-5-PI";"Ativa/Envio irregular";"19/05/2022 15:44";"";"PI";"2026-10-01";"23:51:22"
"Belpesca II";"161-005859-3-CE";"Ativa/Envio irregular";"19/05/2022 15:58";"";"CE";"2026-10-01";"23:51:22"
"BEM AVENTURADO II";"163-003861-0-CE";"Ativa/Envio irregular";"24/03/2026 12:25";"22/07/2026 11:56:01";"CE";"2026-10-01";"23:51:22"
"Benção de Deus MB";"163-004694-9-CE";"Ativa";"02/01/2020 18:08";"01/10/2026 23:31:16";"CE";"2026-10-01";"23:51:22"
"Benedetta I";"387-704817-0-RJ";"Ativa";"07/01/2020 11:36";"01/10/2026 23:47:29";"RJ";"2026-10-01";"23:51:22"
"Bernardino Rosa /ex Antônio Festas";"381-021437-0-RJ";"Ativa/Envio irregular";"08/03/2010 09:33";"07/11/2023 15:02:23";"RJ";"2026-10-01";"23:51:22"
"Bernardo XVII";"461-151555-9-RS";"Ativa";"22/01/2014 10:58";"01/10/2026 23:42:58";"RS";"2026-10-01";"23:51:22"
"Betan";"401-025491-2-SP";"Ativa/Envio irregular";"25/05/2012 16:55";"05/03/2026 09:18:10";"SP";"2026-10-01";"23:51:22"
"Betan I / ex Cometa Hale-Bopp";"443-008967-1-SC";"Ativa/Envio irregular";"31/05/2012 10:41";"05/03/2026 09:02:01";"SC";"2026-10-01";"23:51:22"
"BETEL M";"386-000224-4-RJ";"Ativa";"03/08/2016 08:54";"01/10/2026 23:33:03";"RJ";"2026-10-01";"23:51:22"
"Betel MJ / ex Três Meninas S / ex Araçá III";"443-011085-9-SC";"Ativa/Envio irregular";"23/01/2013 11:19";"18/07/2026 08:32:00";"SC";"2026-10-01";"23:51:22"
"Bianca IV";"342-004953-6-ES";"Ativa";"15/10/2018 14:21";"01/10/2026 23:41:44";"ES";"2026-10-01";"23:51:22"
"Big Brother I";"341-023455-1-ES";"Ativa";"09/10/2018 10:57";"01/10/2026 23:22:38";"ES";"2026-10-01";"23:51:22"
"Bigeye tuna";"163-004667-1-CE";"Ativa";"06/03/2020 11:18";"01/10/2026 23:47:45";"CE";"2026-10-01";"23:51:22"
"Big Valley";"401-013013-0-SP";"Ativa/Envio irregular";"06/06/2007 08:57";"29/12/2008 11:28:20";"SP";"2026-10-01";"23:51:22"
"Bijuteria / ex Álvaro Gama";"384-016043-0-RJ";"Ativa/Envio irregular";"31/07/2014 15:36";"23/01/2017 15:19:52";"RJ";"2026-10-01";"23:51:22"
"Bismark I";"182-005169-2-RN";"Ativa";"31/12/2019 10:34";"01/10/2026 23:49:32";"RN";"2026-10-01";"23:51:22"
"Bismark II";"182-005187-1-RN";"Ativa";"08/04/2019 09:16";"01/10/2026 23:43:54";"RN";"2026-10-01";"23:51:22"
"BLACK";"161-003233-1-CE";"Ativa/Envio irregular";"24/06/2015 14:36";"01/07/2015 16:44:40";"CE";"2026-10-01";"23:51:22"
"Black Sails";"163-004801-1-CE";"Ativa";"25/06/2021 16:03";"01/10/2026 23:47:46";"CE";"2026-10-01";"23:51:22"
"Blaze I";"441-892999-1-SC";"Ativa";"14/02/2023 15:13";"01/10/2026 23:33:09";"SC";"2026-10-01";"23:51:22"
"BLUEFIN I";"401-064966-6-SP";"Ativa/Envio irregular";"22/10/2008 14:53";"16/07/2025 10:19:54";"SP";"2026-10-01";"23:51:22"
"Boa Fé M";"443-011806-0-SC";"Ativa";"31/07/2013 11:16";"01/10/2026 23:46:01";"SC";"2026-10-01";"23:51:22"
"Boa Viagem IV";"445-007405-0-SC";"Ativa";"15/10/2010 15:43";"01/10/2026 23:36:37";"SC";"2026-10-01";"23:51:22"
"Boa Vida C / ex Boa Vida I";"401-061087-5-SP";"Ativa";"19/09/2012 16:19";"01/10/2026 23:50:33";"SP";"2026-10-01";"23:51:22"
"Boa Vida III";"443-010903-6-SC";"Ativa";"18/02/2008 11:30";"01/10/2026 23:32:11";"SC";"2026-10-01";"23:51:22"
"Boemia";"021-021829-1-PA";"Cadastrada";"";"";"PA";"2026-10-01";"23:51:22"
"Boemio X";"461-007298-0-RS";"Ativa";"04/12/2008 09:59";"01/10/2026 23:47:39";"RS";"2026-10-01";"23:51:22"
"Boemio XIII";"461-008396-5-RS";"Ativa";"21/05/2008 09:44";"01/10/2026 18:51:28";"RS";"2026-10-01";"23:51:22"
"Boemio XVI";"461-009525-4-RS";"Ativa";"16/04/2008 14:58";"01/10/2026 23:39:44";"RS";"2026-10-01";"23:51:22"
"Bolão II";"341-023491-8-ES";"Ativa/Envio irregular";"09/02/2023 14:27";"01/10/2026 23:12:07";"ES";"2026-10-01";"23:51:22"
"Bolívar IV";"401-019810-9-SP";"Ativa/Envio irregular";"30/12/2010 00:34";"08/02/2014 19:16:31";"SP";"2026-10-01";"23:51:22"
"BOLT BP";"163-004775-9-CE";"Ativa";"03/03/2020 15:03";"01/10/2026 23:39:42";"CE";"2026-10-01";"23:51:22"
"BOM JESUS";"162-001656-7-CE";"Ativa";"24/06/2015 14:37";"01/10/2026 23:46:11";"CE";"2026-10-01";"23:51:22"
"BONANZA-II";"221-009685-5-PE";"Ativa";"03/07/2025 10:52";"01/10/2026 23:15:17";"PE";"2026-10-01";"23:51:22"
"Bora Bora I";"341-023483-7-ES";"Ativa/Envio irregular";"30/06/2015 09:44";"01/07/2015 16:23:57";"ES";"2026-10-01";"23:51:22"
"Bora Pescar / Ex Helton I L /Ex Porto Belo";"441-011731-9-SC";"Interrupção permanente";"14/09/2012 15:56";"24/01/2013 22:54:57";"SC";"2026-10-01";"23:51:22"
"Borges Henrique";"443-010239-2-SC";"Ativa";"18/12/2015 17:13";"01/10/2026 23:36:18";"SC";"2026-10-01";"23:51:22"
"Botinni Mar / ex Sidney Celino dos Santos / Ex Calypso";"381-023041-3-RJ";"Ativa/Envio irregular";"22/06/2007 09:30";"21/08/2025 14:08:23";"RJ";"2026-10-01";"23:51:22"
"BRASIL MAR II";"162-001986-8-CE";"Ativa";"24/06/2015 14:38";"01/10/2026 23:33:19";"CE";"2026-10-01";"23:51:22"
"Brasinha";"381-033937-7-RJ";"Ativa";"24/05/2010 10:49";"01/10/2026 23:45:18";"RJ";"2026-10-01";"23:51:22"
"BRASIPESCA II";"161-003309-4-CE";"Ativa/Envio irregular";"24/06/2015 14:39";"16/09/2026 11:41:47";"CE";"2026-10-01";"23:51:22"
"BRAULINO";"162-001578-1-CE";"Ativa";"15/05/2025 10:18";"01/10/2026 23:44:11";"CE";"2026-10-01";"23:51:22"
"BRAVO DO MAR";"162-001620-6-CE";"Ativa";"24/06/2015 17:40";"01/10/2026 23:19:11";"CE";"2026-10-01";"23:51:22"
"BRAVO SONHO";"163-004599-3-CE";"Ativa";"11/05/2023 09:08";"01/10/2026 23:37:44";"CE";"2026-10-01";"23:51:22"
"Braza";"443-009175-7-SC";"Ativa";"17/09/2010 17:23";"01/10/2026 23:37:46";"SC";"2026-10-01";"23:51:22"
"Brazão";"381-006010-1-RJ";"Ativa";"18/09/2007 16:19";"01/10/2026 23:49:39";"RJ";"2026-10-01";"23:51:22"
"Brenda Pesca";"022-011139-1-PA";"Ativa";"07/05/2020 16:12";"01/10/2026 23:46:36";"PA";"2026-10-01";"23:51:22"
"Brenda Santos";"443-011271-1-SC";"Ativa";"15/10/2007 13:01";"01/10/2026 23:46:07";"SC";"2026-10-01";"23:51:22"
"Brilho Celeste / ex Fidji VII";"341-023947-2-ES";"Ativa";"10/07/2013 09:58";"01/10/2026 23:38:01";"ES";"2026-10-01";"23:51:22"
"Brinco de Ouro II";"443-005384-7-SC";"Ativa/Envio irregular";"22/06/2012 16:29";"16/11/2016 15:21:40";"SC";"2026-10-01";"23:51:22"
"Brisa C";"401-012265-0-SC";"Ativa";"23/05/2013 11:44";"01/10/2026 23:34:33";"SC";"2026-10-01";"23:51:22"
"BRISA DO MAR II";"341-038468-5-ES";"Desativada temporariamente";"18/08/2011 11:29";"24/08/2026 01:33:11";"ES";"2026-10-01";"23:51:22"
"Brother 1000";"021-102036-2-PA";"Ativa/Envio irregular";"11/03/2020 12:05";"05/02/2025 20:41:51";"PA";"2026-10-01";"23:51:22"
"Brother 300";"161-006842-4-CE";"Ativa";"07/01/2020 15:26";"01/10/2026 23:32:22";"CE";"2026-10-01";"23:51:22"
"Brother 400";"161-006958-7-CE";"Ativa/Envio irregular";"07/01/2020 15:42";"01/12/2025 15:46:31";"CE";"2026-10-01";"23:51:22"
"Brother 500";"161-006957-9-CE";"Ativa";"07/01/2020 16:07";"01/10/2026 23:46:35";"CE";"2026-10-01";"23:51:22"
"Brother 800";"163-004766-0-CE";"Ativa";"11/03/2020 11:27";"01/10/2026 23:36:25";"CE";"2026-10-01";"23:51:22"
"Brother 900";"163-004765-1-CE";"Ativa/Envio irregular";"24/04/2020 09:33";"28/06/2025 10:12:21";"CE";"2026-10-01";"23:51:22"
"Brumarly RA";"163-004760-1-CE";"Ativa";"28/10/2021 10:15";"01/10/2026 23:33:05";"CE";"2026-10-01";"23:51:22"
"Bruna M / ex Marta K";"443-009755-1-SC";"Ativa";"01/03/2010 14:53";"01/10/2026 23:38:18";"SC";"2026-10-01";"23:51:22"
"Bruno F / ex Alcides Bengoa";"443-011064-6-SC";"Ativa/Envio irregular";"13/10/2008 17:21";"06/05/2015 17:41:49";"SC";"2026-10-01";"23:51:22"
"BUMERANGUE - I";"183-005517-8-RN";"Ativa";"09/03/2015 11:46";"01/10/2026 23:35:38";"RN";"2026-10-01";"23:51:22"
"Buttenbender I";"461-010124-6-RS";"Ativa";"09/07/2015 16:23";"01/10/2026 23:48:07";"RS";"2026-10-01";"23:51:22"
"B. VITÓRIO I";"021-103210-7-PA";"Ativa";"30/07/2026 11:32";"01/10/2026 20:31:17";"PA";"2026-10-01";"23:51:22"
"B. VITÓRIO II";"021-103211-5-PA";"Ativa";"17/07/2026 11:36";"01/10/2026 23:49:56";"PA";"2026-10-01";"23:51:22"
"Cabano da Vigia";"021-028239-8-PA";"Ativa/Envio irregular";"03/04/2008 09:54";"06/06/2013 14:44:20";"PA";"2026-10-01";"23:51:22"
"Cabeça Fria II";"241-222966-0-AL";"Ativa/Envio irregular";"22/10/2021 11:40";"23/04/2026 12:23:17";"AL";"2026-10-01";"23:51:22"
"Cabo Orange";"183-005363-9-PI";"Ativa/Envio irregular";"09/03/2015 11:52";"14/08/2019 17:08:00";"PI";"2026-10-01";"23:51:22"
"Cabral I / ex Vô Felipe";"382-003833-7-RJ";"Desativada temporariamente";"21/09/2007 14:47";"01/11/2021 01:29:58";"RJ";"2026-10-01";"23:51:22"
"Cabral VII";"443-011777-2-SC";"Ativa";"19/02/2013 16:56";"01/10/2026 23:36:23";"SC";"2026-10-01";"23:51:22"
"CAÇADOR DO MAR IV";"443-009189-7-SC";"Ativa";"17/08/2012 09:57";"01/10/2026 23:47:48";"SC";"2026-10-01";"23:51:22"
"Caetano I /ex Joel M";"443-005338-3-SC";"Ativa/Envio irregular";"29/04/2020 15:35";"05/12/2022 11:26:30";"SC";"2026-10-01";"23:51:22"
"Caetano Marques";"443-011501-0-SC";"Ativa";"07/01/2008 11:34";"01/10/2026 23:34:07";"SC";"2026-10-01";"23:51:22"
"Caetano Marques I";"401-055041-4-SP";"Ativa";"14/06/2010 16:44";"01/10/2026 23:35:52";"SP";"2026-10-01";"23:51:22"
"CAIAGO";"341-023337-7-ES";"Ativa/Envio irregular";"19/09/2018 13:24";"30/08/2019 09:02:52";"ES";"2026-10-01";"23:51:22"
"Cainhapai";"182-005204-4-RN";"Ativa";"15/07/2020 09:25";"01/10/2026 23:38:45";"RN";"2026-10-01";"23:51:22"
"Cainha Pai II";"182-005220-6-RN";"Ativa";"02/02/2021 12:17";"01/10/2026 23:42:26";"RN";"2026-10-01";"23:51:22"
"CAINHA PAI III /ex ANDRÉ NETO II";"201-022029-3-PB";"Ativa";"12/11/2020 17:19";"01/10/2026 23:44:52";"PB";"2026-10-01";"23:51:22"
"CAIO LUIZ I";"162-001290-1-CE";"Ativa";"22/08/2025 12:08";"01/10/2026 23:28:24";"CE";"2026-10-01";"23:51:22"
"CAIO VICTOR";"163-003910-1-CE";"Ativa";"30/06/2015 09:44";"01/10/2026 23:36:32";"CE";"2026-10-01";"23:51:22"
"Caixa D' Aco I / ex Araçá I";"443-011248-7-SC";"Ativa/Envio irregular";"18/03/2009 10:47";"24/02/2016 07:41:55";"SC";"2026-10-01";"23:51:22"
"CAJUAIS";"221-007816-4-PE";"Ativa";"30/06/2015 09:45";"01/10/2026 23:50:47";"PE";"2026-10-01";"23:51:22"
"Calamai II";"381-044705-6-RJ";"Ativa";"28/09/2016 14:27";"01/10/2026 23:36:43";"RJ";"2026-10-01";"23:51:22"
"Calebe";"387-704986-9-RJ";"Ativa";"24/06/2013 11:01";"01/10/2026 23:41:50";"RJ";"2026-10-01";"23:51:22"
"Caljevys";"021-018576-7-PA";"Ativa";"13/08/2007 09:08";"01/10/2026 22:44:27";"PA";"2026-10-01";"23:51:22"
"CALYPSO BR";"161-004479-7-CE";"Ativa";"29/04/2025 16:25";"01/10/2026 23:42:39";"CE";"2026-10-01";"23:51:22"
"Calypso Couto";"261-001648-4-SE";"Ativa";"03/05/2023 15:12";"01/10/2026 23:39:43";"SE";"2026-10-01";"23:51:22"
"CAMARGO D I";"401-004551-5-SP";"Ativa/Envio irregular";"06/06/2007 09:29";"18/08/2026 15:33:48";"SP";"2026-10-01";"23:51:22"
"Camburi";"401-064965-8-SP";"Ativa";"29/02/2008 15:03";"01/10/2026 23:49:28";"SP";"2026-10-01";"23:51:22"
"Camex I";"021-019080-9-PA";"Ativa/Envio irregular";"11/07/2007 14:38";"18/09/2024 09:33:37";"PA";"2026-10-01";"23:51:22"
"CAMILA IV";"162-000829-7-CE";"Ativa/Envio irregular";"24/06/2015 14:40";"30/06/2026 15:16:09";"CE";"2026-10-01";"23:51:22"
"Campeão F";"384-016027-8-RJ";"Ativa/Envio irregular";"26/02/2013 17:51";"19/03/2015 16:37:35";"RJ";"2026-10-01";"23:51:22"
"Campos D Lyrio";"341-038714-5-ES";"Ativa";"05/12/2019 18:07";"01/10/2026 23:46:54";"ES";"2026-10-01";"23:51:22"
"CANAÃ/ ex Aline IV";"161-005515-2-CE";"Ativa";"10/06/2010 11:21";"01/10/2026 23:33:58";"CE";"2026-10-01";"23:51:22"
"CANAÃ I";"441-014798-6-SC";"Ativa/Envio irregular";"20/01/2023 11:43";"22/09/2026 15:55:27";"SC";"2026-10-01";"23:51:22"
"Canaã V";"401-011110-1-SP";"Ativa/Envio irregular";"24/04/2007 18:24";"16/06/2024 20:57:30";"SP";"2026-10-01";"23:51:22"
"Cap Faustino";"163-004803-8-CE";"Ativa";"04/08/2021 16:58";"01/10/2026 23:38:04";"CE";"2026-10-01";"23:51:22"
"Cap. Gleidson";"021-031842-2-PA";"Ativa/Envio irregular";"02/12/2011 16:12";"29/01/2021 17:55:20";"PA";"2026-10-01";"23:51:22"
"Capitão Caike";"182-005212-5-RN";"Ativa";"11/05/2020 14:42";"01/10/2026 23:35:48";"RN";"2026-10-01";"23:51:22"
"Capitão Caverna";"161-003180-6-CE";"Ativa";"06/05/2022 11:21";"01/10/2026 23:37:29";"CE";"2026-10-01";"23:51:22"
"CAPITÃO JUCA III";"401-064992-5-SP";"Ativa";"05/12/2011 15:36";"01/10/2026 23:43:52";"SP";"2026-10-01";"23:51:22"
"Capitão Lauro / ex Ricomar R / Cunhamar III / D. Ivone";"401-058826-8-SP";"Ativa/Envio irregular";"03/08/2007 11:57";"17/07/2026 07:55:52";"SP";"2026-10-01";"23:51:22"
"Capitão Loiro /ex Porto Feliz";"401-014734-2-SP";"Ativa/Envio irregular";"14/02/2008 18:14";"19/03/2025 10:13:21";"SP";"2026-10-01";"23:51:22"
"Capitão Lucas";"443-048949-1-SC";"Ativa";"27/09/2016 07:32";"01/10/2026 23:49:31";"SC";"2026-10-01";"23:51:22"
"CAPITÃO RIBEIRO I";"021-102033-8-PA";"Desativada temporariamente";"28/04/2021 11:05";"25/06/2026 01:50:28";"PA";"2026-10-01";"23:51:22"
"Capitão Ribeiro II / ex Shyrley Pesca";"121-011190-0-MA";"Ativa";"05/06/2012 09:35";"01/10/2026 23:38:53";"MA";"2026-10-01";"23:51:22"
"CAPITÃO RIBEIRO III";"021-102884-3-PA";"Ativa";"03/09/2026 17:42";"01/10/2026 23:46:20";"PA";"2026-10-01";"23:51:22"
"Capitão Ribeiro IV/ ex Comandante Amoedo";"021-022918-7-PA";"Ativa";"09/02/2012 14:35";"01/10/2026 23:32:59";"PA";"2026-10-01";"23:51:22"
"CAPITÃO SILVESTRE";"461-010109-2-RS";"Ativa";"12/01/2009 12:10";"01/10/2026 23:49:30";"RS";"2026-10-01";"23:51:22"
"Capitão Thor / ex Mar do Sul II";"381-022992-0-RJ";"Ativa";"21/09/2007 15:48";"01/10/2026 23:41:19";"RJ";"2026-10-01";"23:51:22"
"Capitão Trovão / ex Emanuelle 1º";"461-006781-1-RS";"Ativa";"31/03/2015 17:28";"01/10/2026 23:40:59";"RS";"2026-10-01";"23:51:22"
"Capivari";"401-055546-7-SP";"Ativa/Envio irregular";"27/08/2007 15:16";"28/09/2011 10:42:45";"SP";"2026-10-01";"23:51:22"
"CAP OLIVEIRA 5";"021-027658-4-PA";"Ativa";"24/08/2026 10:23";"01/10/2026 23:43:43";"PA";"2026-10-01";"23:51:22"
"CAP OLIVEIRA IV";"021-028301-7-PA";"Ativa";"06/03/2012 17:02";"01/10/2026 23:31:55";"PA";"2026-10-01";"23:51:22"
"CAP OLIVEIRA VI";"021-027509-0-PA";"Ativa";"26/02/2015 14:15";"01/10/2026 23:44:07";"PA";"2026-10-01";"23:51:22"
"CAPRICHO M";"403-022286-2-SP";"Ativa";"02/12/2013 09:49";"01/10/2026 23:33:04";"SP";"2026-10-01";"23:51:22"
"CAPRICHO NETO F";"461-010522-5-RS";"Ativa";"08/11/2013 16:04";"01/10/2026 23:45:46";"RS";"2026-10-01";"23:51:22"
"CARAVELA I";"162-001474-2-CE";"Ativa";"07/07/2023 11:01";"01/10/2026 23:41:54";"CE";"2026-10-01";"23:51:22"
"Caravel do Mar";"401-024378-3-SP";"Interrupção permanente";"03/04/2007 12:54";"16/08/2010 23:28:37";"SP";"2026-10-01";"23:51:22"
"CARDOSO A";"443-011170-7-SC";"Ativa";"19/10/2016 09:04";"01/10/2026 23:38:58";"SC";"2026-10-01";"23:51:22"
"Cardoso C II";"443-048490-2-SC";"Ativa/Envio irregular";"04/11/2014 16:00";"23/12/2016 20:01:40";"SC";"2026-10-01";"23:51:22"
"Carejo IV";"461-010273-1-RS";"Ativa/Envio irregular";"29/08/2013 16:38";"10/08/2023 15:28:59";"RS";"2026-10-01";"23:51:22"
"Caribe";"401-015649-0-SP";"Ativa";"13/02/2008 17:54";"01/10/2026 23:41:25";"SP";"2026-10-01";"23:51:22"
"Carinhoso";"401-031542-3-SP";"Ativa";"14/02/2008 15:01";"01/10/2026 23:39:43";"SP";"2026-10-01";"23:51:22"
"Carinhoso I";"021-016262-7-PA";"Ativa";"08/08/2007 09:54";"01/10/2026 23:48:02";"PA";"2026-10-01";"23:51:22"
"Carinhoso II";"443-004843-6-SC";"Ativa";"07/08/2007 10:09";"01/10/2026 23:31:28";"SC";"2026-10-01";"23:51:22"
"Carliny I";"021-029851-1-PA";"Ativa";"10/05/2010 14:46";"01/10/2026 23:44:28";"PA";"2026-10-01";"23:51:22"
"Carlos Alberto I";"163-003323-5-CE";"Ativa/Envio irregular";"14/05/2010 16:21";"28/06/2018 05:43:37";"CE";"2026-10-01";"23:51:22"
"CARLOS ALBERTO II";"163-003039-2-CE";"Ativa";"15/12/2010 17:04";"01/10/2026 23:50:56";"CE";"2026-10-01";"23:51:22"
"Carlos Alberto III - PA";"163-003045-7-CE";"Ativa/Envio irregular";"11/03/2010 16:00";"06/03/2017 12:33:55";"CE";"2026-10-01";"23:51:22"
"Carlos Alberto III - RJ";"382-005861-3-RJ";"Ativa";"08/05/2008 15:57";"01/10/2026 23:50:30";"RJ";"2026-10-01";"23:51:22"
"Carlos Alberto IV";"163-003169-1-CE";"Ativa/Envio irregular";"14/05/2010 16:33";"11/08/2023 00:48:40";"CE";"2026-10-01";"23:51:22"
"Carlos Alberto VI";"161-005302-8-CE";"Ativa/Envio irregular";"16/06/2010 17:37";"17/05/2013 22:39:40";"CE";"2026-10-01";"23:51:22"
"Carlos Bruno";"443-011411-1-SC";"Ativa";"09/10/2007 18:07";"01/10/2026 23:39:34";"SC";"2026-10-01";"23:51:22"
"Carlos Francisco I";"443-011775-6-SC";"Ativa";"18/07/2007 17:38";"01/10/2026 23:35:19";"SC";"2026-10-01";"23:51:22"
"Carlos Gabriel M \Ex Flexa da Vitória I";"443-010566-9-SC";"Ativa/Envio irregular";"06/02/2008 16:59";"28/09/2026 13:41:45";"SC";"2026-10-01";"23:51:22"
"CARLOS RUBENS";"161-003265-9-CE";"Ativa";"27/07/2023 11:14";"01/10/2026 23:32:34";"CE";"2026-10-01";"23:51:22"
"CARLOS SERGIO";"161-004226-3-CE";"Ativa";"16/01/2025 10:52";"01/10/2026 23:41:15";"CE";"2026-10-01";"23:51:22"
"Carlos Vieira";"381-021172-9-RJ";"Ativa";"18/02/2008 11:36";"01/10/2026 23:32:03";"RJ";"2026-10-01";"23:51:22"
"Carolina F-I";"403-022583-7-SP";"Ativa";"16/08/2007 08:19";"01/10/2026 23:46:44";"SP";"2026-10-01";"23:51:22"
"Caroline I";"461-009473-8-RS";"Ativa/Envio irregular";"18/12/2009 15:45";"31/05/2024 17:52:01";"RS";"2026-10-01";"23:51:22"
"CAROLINE SN";"163-004792-9-CE";"Ativa";"02/04/2025 14:02";"01/10/2026 23:46:43";"CE";"2026-10-01";"23:51:22"
"CARTOGRAFICA";"162-001867-5-CE";"Ativa/Envio irregular";"27/03/2015 10:34";"13/01/2026 09:45:21";"CE";"2026-10-01";"23:51:22"
"CASTANHOLA II";"163-004770-8-CE";"Ativa";"23/10/2024 11:03";"01/10/2026 23:33:58";"CE";"2026-10-01";"23:51:22"
"CASTANHOLA III";"163-004833-0-CE";"Ativa";"13/12/2022 12:11";"01/10/2026 23:50:45";"CE";"2026-10-01";"23:51:22"
"Castelo Branco / Ex Belém Pesca XVI";"021-022655-2-PA";"Ativa";"29/08/2007 15:06";"01/10/2026 23:18:44";"PA";"2026-10-01";"23:51:22"
"Castelo Branco II";"021-019298-4-PA";"Ativa/Envio irregular";"30/07/2007 17:51";"18/10/2022 10:05:19";"PA";"2026-10-01";"23:51:22"
"CASTELO FORTE";"341-038636-0-ES";"Ativa";"03/12/2025 10:26";"01/10/2026 21:59:53";"ES";"2026-10-01";"23:51:22"
"CASTELO I";"161-006245-1-CE";"Ativa/Envio irregular";"24/06/2015 14:41";"";"CE";"2026-10-01";"23:51:22"
"Cat Fish I";"021-028588-5-PA";"Ativa/Envio irregular";"30/12/2008 15:58";"20/04/2013 18:13:42";"PA";"2026-10-01";"23:51:22"
"Cat Fish II";"021-028711-0-PA";"Ativa/Envio irregular";"21/11/2007 14:39";"08/06/2012 09:21:50";"PA";"2026-10-01";"23:51:22"
"Cat Fish VII";"021-030006-0-PA";"Ativa/Envio irregular";"17/12/2008 15:00";"22/11/2018 23:04:25";"PA";"2026-10-01";"23:51:22"
"Catua";"341-023809-3-BA";"Ativa";"12/07/2022 11:11";"01/10/2026 23:49:58";"BA";"2026-10-01";"23:51:22"
"CAUÃ (ERIEL)";"201-006366-0-PB";"Ativa";"31/03/2015 11:18";"01/10/2026 23:42:56";"PB";"2026-10-01";"23:51:22"
"Cavaliere";"401-016651-7-SP";"Interrupção permanente";"12/02/2008 17:53";"17/11/2008 01:14:46";"SP";"2026-10-01";"23:51:22"
"Cecilia";"021-099489-4-PA";"Ativa/Envio irregular";"26/09/2012 18:21";"22/08/2017 07:50:20";"PA";"2026-10-01";"23:51:22"
"CECILIA ROSA";"401-030733-1-SP";"Ativa";"15/08/2007 15:11";"01/10/2026 23:43:37";"SP";"2026-10-01";"23:51:22"
"Celebridade II";"401-042327-7-SP";"Ativa/Envio irregular";"13/02/2013 17:57";"24/06/2016 23:40:32";"SP";"2026-10-01";"23:51:22"
"Celeiro de Deus";"443-006323-1-SC";"Ativa";"27/01/2009 18:10";"01/10/2026 23:39:18";"SC";"2026-10-01";"23:51:22"
"Celino Neto / ex Cidade Satélite";"401-044957-8-SP";"Ativa/Envio irregular";"20/11/2012 22:37";"31/03/2021 14:24:10";"SP";"2026-10-01";"23:51:22"
"Celmar II";"341-010453-4-ES";"Ativa/Envio irregular";"30/01/2008 18:37";"16/09/2026 12:07:11";"ES";"2026-10-01";"23:51:22"
"CHACON";"201-007569-2-PB";"Ativa/Envio irregular";"30/06/2015 10:38";"23/07/2026 03:08:39";"PB";"2026-10-01";"23:51:22"
"Chambinho JB";"163-004767-8-CE";"Ativa";"05/03/2020 09:33";"01/10/2026 23:39:28";"CE";"2026-10-01";"23:51:22"
"Champagne III";"443-010332-1-SC";"Interrupção permanente";"13/06/2007 14:58";"15/01/2010 06:47:05";"SC";"2026-10-01";"23:51:22"
"Charlef Junior";"021-027553-7-PA";"Ativa/Envio irregular";"14/03/2012 08:59";"22/09/2020 08:13:07";"PA";"2026-10-01";"23:51:22"
"Charmoso";"401-013374-1-SP";"Ativa";"22/02/2013 11:43";"01/10/2026 23:46:46";"SP";"2026-10-01";"23:51:22"
"Charmoso II";"221-008909-3-PE";"Ativa";"29/08/2007 14:35";"01/10/2026 23:34:08";"PE";"2026-10-01";"23:51:22"
"CHARMOSO III";"161-005654-0-PA";"Ativa";"08/08/2007 10:59";"01/10/2026 23:44:56";"PA";"2026-10-01";"23:51:22"
"Charmozo";"221-010299-5-PE";"Ativa/Envio irregular";"06/08/2007 19:00";"15/02/2026 11:01:44";"PE";"2026-10-01";"23:51:22"
"CHEKNAR";"163-004551-9-CE";"Ativa/Envio irregular";"06/02/2023 18:54";"27/08/2026 11:20:46";"CE";"2026-10-01";"23:51:22"
"CHEKNAR I";"163-004645-1-CE";"Ativa/Envio irregular";"06/02/2023 19:03";"02/02/2026 02:08:14";"CE";"2026-10-01";"23:51:22"
"Cheknar II";"163-004724-4-CE";"Ativa/Envio irregular";"13/03/2020 09:14";"28/06/2024 15:33:47";"CE";"2026-10-01";"23:51:22"
"CHEKNAR III";"163-004826-7-CE";"Ativa/Envio irregular";"14/06/2023 11:13";"27/08/2026 11:30:16";"CE";"2026-10-01";"23:51:22"
"CHEKNAR IV";"163-004839-9-CE";"Ativa/Envio irregular";"06/02/2023 17:47";"14/07/2026 08:27:21";"CE";"2026-10-01";"23:51:22"
"Chimarrão";"401-014657-5-SP";"Interrupção permanente";"13/06/2007 16:44";"25/01/2008 12:08:28";"SP";"2026-10-01";"23:51:22"
"CHIQUINHO REBOUÇAS";"162-002159-5-CE";"Ativa/Envio irregular";"30/06/2015 11:15";"01/07/2015 16:52:30";"CE";"2026-10-01";"23:51:22"
"Chokyo Maru nº11";"181-E00238-8-RN";"Ativa/Envio irregular";"25/02/2011 11:34";"13/07/2011 23:43:52";"RN";"2026-10-01";"23:51:22"
"CIBELE";"161-006015-6-CE";"Ativa";"24/06/2015 14:43";"01/10/2026 23:46:57";"CE";"2026-10-01";"23:51:22"
"Cibradep IX";"021-018087-1-PA";"Ativa";"09/08/2007 16:05";"01/10/2026 23:49:31";"PA";"2026-10-01";"23:51:22"
"Cibradep VII";"021-018059-5-PA";"Ativa";"09/11/2007 15:27";"01/10/2026 23:50:34";"PA";"2026-10-01";"23:51:22"
"Cibradep VIII";"021-018048-0-PA";"Ativa";"16/08/2007 15:14";"01/10/2026 23:44:00";"PA";"2026-10-01";"23:51:22"
"Cibradep X";"021-018088-9-PA";"Ativa";"09/08/2007 10:23";"01/10/2026 23:39:05";"PA";"2026-10-01";"23:51:22"
"CÍCERO JOSÉ III";"161-005323-1-CE";"Ativa";"16/06/2026 16:55";"01/10/2026 23:31:30";"CE";"2026-10-01";"23:51:22"
"Cigano do Mar II";"401-021830-4-SP";"Ativa";"28/06/2007 17:02";"01/10/2026 23:47:13";"SP";"2026-10-01";"23:51:22"
"Cigano do Mar III";"401-058841-1-SP";"Ativa/Envio irregular";"09/07/2007 15:49";"23/09/2026 11:09:04";"SP";"2026-10-01";"23:51:22"
"Cigano do Mar IV";"401-058840-3-SP";"Ativa/Envio irregular";"06/07/2007 14:40";"23/09/2026 11:07:58";"SP";"2026-10-01";"23:51:22"
"C Igor";"162-002417-9-CE";"Ativa/Envio irregular";"05/11/2021 16:34";"12/08/2025 09:17:50";"CE";"2026-10-01";"23:51:22"
"Ciromar";"182-002351-6-RN";"Ativa";"09/03/2015 11:52";"01/10/2026 23:35:15";"RN";"2026-10-01";"23:51:22"
"CLARA C I";"443-006067-3-SC";"Ativa";"12/11/2008 15:24";"01/10/2026 23:40:48";"SC";"2026-10-01";"23:51:22"
"CLAUDIO I";"221-006630-1-PE";"Ativa/Envio irregular";"16/07/2015 17:38";"";"PE";"2026-10-01";"23:51:22"
"Clodoaldo";"161-003055-9-CE";"Cadastrada";"";"";"CE";"2026-10-01";"23:51:22"
"CNAVE I";"161-006949-8-PA";"Ativa";"08/02/2018 09:34";"01/10/2026 23:48:25";"PA";"2026-10-01";"23:51:22"
"CNAVE II";"161-006990-1-CE";"Ativa/Envio irregular";"16/02/2022 12:01";"14/02/2025 00:45:00";"CE";"2026-10-01";"23:51:22"
"Cobra D'Agua I";"221-013723-3-PE";"Ativa/Envio irregular";"30/06/2015 10:39";"";"PE";"2026-10-01";"23:51:22"
"COLOMBO";"161-005664-7-CE";"Ativa";"22/09/2025 10:54";"01/10/2026 23:34:46";"CE";"2026-10-01";"23:51:22"
"Columbus I";"443-011023-9-SC";"Ativa";"08/10/2007 15:30";"01/10/2026 23:44:08";"SC";"2026-10-01";"23:51:22"
"Columbus IIP";"443-011058-1-SC";"Ativa";"20/09/2007 09:43";"01/10/2026 23:41:11";"SC";"2026-10-01";"23:51:22"
"Comandante Everton";"403-015269-4-SP";"Ativa/Envio irregular";"14/10/2019 11:42";"";"SP";"2026-10-01";"23:51:22"
"Comandante Justino";"341-023887-5-ES";"Ativa/Envio irregular";"15/06/2010 13:10";"19/02/2020 10:04:54";"ES";"2026-10-01";"23:51:22"
"Comandante Matheus";"022-005201-8-PA";"Ativa/Envio irregular";"20/06/2011 09:50";"16/06/2017 06:15:42";"PA";"2026-10-01";"23:51:22"
"Comandante Oeiras";"021-032041-9-PA";"Ativa/Envio irregular";"18/06/2010 11:29";"10/10/2023 17:48:47";"PA";"2026-10-01";"23:51:22"
"Comandante Xavier II";"021-030834-6-PA";"Ativa/Envio irregular";"21/06/2011 11:29";"11/08/2011 07:28:32";"PA";"2026-10-01";"23:51:22"
"Cometa Halley I";"401-055568-8-SP";"Ativa";"08/08/2007 20:33";"01/10/2026 23:41:39";"SP";"2026-10-01";"23:51:22"
"Cometa I";"461-007000-6-RS";"Ativa/Envio irregular";"13/09/2013 11:46";"23/09/2026 11:06:46";"RS";"2026-10-01";"23:51:22"
"COMPESCAL I";"161-005386-9-CE";"Ativa";"16/12/2025 12:00";"01/10/2026 23:49:07";"CE";"2026-10-01";"23:51:22"
"COMPESCAL II";"161-005076-2-CE";"Ativa/Envio irregular";"24/06/2015 14:44";"13/06/2026 10:20:51";"CE";"2026-10-01";"23:51:22"
"COMPESCAL IX";"162-001897-7-CE";"Ativa";"22/11/2022 19:00";"01/10/2026 23:31:27";"CE";"2026-10-01";"23:51:22"
"COMPESCAL V";"161-003357-4-CE";"Ativa";"21/01/2025 16:46";"01/10/2026 23:39:57";"CE";"2026-10-01";"23:51:22"
"COMPESCAL -VI";"161-003528-3-CE";"Ativa";"24/06/2015 14:44";"01/10/2026 23:36:44";"CE";"2026-10-01";"23:51:22"
"COMPESCAL VII";"282-008106-1-BA";"Ativa";"24/06/2015 14:45";"01/10/2026 23:43:52";"BA";"2026-10-01";"23:51:22"
"COMPESCAL VIII";"161-003960-2-CE";"Ativa";"24/06/2015 14:50";"01/10/2026 23:35:33";"CE";"2026-10-01";"23:51:22"
"COMPESCAL X";"162-000712-6-BA";"Ativa/Envio irregular";"05/05/2023 16:14";"20/03/2025 10:40:16";"BA";"2026-10-01";"23:51:22"
"COMPESCAL X";"162-000712-6-CE";"Ativa";"24/06/2015 14:50";"01/10/2026 23:41:05";"CE";"2026-10-01";"23:51:22"
"COMPESCAL XI";"143-005341-1-CE";"Ativa/Envio irregular";"25/10/2019 17:14";"22/01/2024 09:10:55";"CE";"2026-10-01";"23:51:22"
"Comte Branco I";"021-029799-9-PA";"Ativa/Envio irregular";"10/03/2008 17:16";"17/03/2011 09:27:25";"PA";"2026-10-01";"23:51:22"
"Comte Clayton de Abaeté";"021-029521-0-PA";"Ativa/Envio irregular";"29/06/2011 16:38";"31/12/2011 01:11:30";"PA";"2026-10-01";"23:51:22"
"COMTE GECILDO";"163-004882-8-CE";"Ativa";"06/07/2026 17:48";"01/10/2026 23:32:37";"CE";"2026-10-01";"23:51:22"
"COMTE HEITOR CARDOSO";"021-027577-4-PA";"Ativa/Envio irregular";"04/05/2011 16:32";"07/05/2013 20:42:51";"PA";"2026-10-01";"23:51:22"
"Comte. João Evangelista Cardoso";"021-027357-7-PA";"Interrupção permanente";"20/08/2007 15:55";"26/07/2009 11:51:53";"PA";"2026-10-01";"23:51:22"
"Comte Jonison";"021-099025-2-PA";"Ativa/Envio irregular";"07/04/2011 11:19";"31/01/2021 00:36:42";"PA";"2026-10-01";"23:51:22"
"Comte Lohan";"021-029329-2-PA";"Ativa/Envio irregular";"21/06/2011 11:12";"01/07/2011 17:06:21";"PA";"2026-10-01";"23:51:22"
"COMTE MARYO";"261-007776-9-SE";"Ativa/Envio irregular";"17/12/2019 17:52";"07/04/2026 17:12:09";"SE";"2026-10-01";"23:51:22"
"Comte Messias";"021-030784-6-PA";"Ativa/Envio irregular";"05/04/2011 17:29";"04/05/2023 14:33:19";"PA";"2026-10-01";"23:51:22"
"Comte Vinicius Cardoso I";"021-028570-2-PA";"Interrupção permanente";"16/06/2008 17:45";"01/05/2012 03:54:41";"PA";"2026-10-01";"23:51:22"
"Confiança M";"401-008684-0-SC";"Ativa";"26/02/2015 11:23";"01/10/2026 23:39:40";"SC";"2026-10-01";"23:51:22"
"Confio em Deus IV";"021-029195-8-PA";"Ativa";"12/09/2013 10:17";"01/10/2026 23:49:26";"PA";"2026-10-01";"23:51:22"
"Confrio Marinho";"403-005973-2-SP";"Ativa/Envio irregular";"08/08/2007 19:19";"07/05/2022 23:34:30";"SP";"2026-10-01";"23:51:22"
"Conquistador XI";"465-001243-1-RS";"Ativa/Envio irregular";"09/07/2015 16:13";"14/06/2016 09:30:52";"RS";"2026-10-01";"23:51:22"
"COOMPI I";"241-222809-4-AL";"Ativa/Envio irregular";"27/02/2015 16:12";"07/07/2022 10:29:56";"AL";"2026-10-01";"23:51:22"
"COOPA II";"201-021696-2-PB";"Ativa/Envio irregular";"17/09/2012 18:06";"26/03/2015 22:20:50";"PB";"2026-10-01";"23:51:22"
"COOPA III";"201-021705-5-PB";"Ativa/Envio irregular";"17/09/2012 18:11";"19/09/2012 12:57:48";"PB";"2026-10-01";"23:51:22"
"Copacabana III";"401-000530-1-SP";"Ativa/Envio irregular";"16/12/2009 17:51";"11/07/2016 15:39:20";"SP";"2026-10-01";"23:51:22"
"Copacabana IV";"443-011013-1-SC";"Ativa/Envio irregular";"17/11/2009 17:35";"18/01/2013 16:11:45";"SC";"2026-10-01";"23:51:22"
"Coral";"401-013988-9-SP";"Ativa/Envio irregular";"23/03/2007 17:33";"05/11/2008 22:43:48";"SP";"2026-10-01";"23:51:22"
"Cordeiro de Deus E";"443-050031-2-SC";"Ativa";"03/11/2021 11:59";"01/10/2026 23:39:20";"SC";"2026-10-01";"23:51:22"
"Cordeiro de Deus II";"443-011273-8-SC";"Ativa";"11/04/2008 14:47";"01/10/2026 23:32:34";"SC";"2026-10-01";"23:51:22"
"Cordeiro de Deus J";"443-011287-8-SC";"Ativa/Envio irregular";"14/09/2007 17:39";"01/07/2026 14:40:10";"SC";"2026-10-01";"23:51:22"
"Cordeiro de Deus MS";"162-002429-2-CE";"Ativa";"08/02/2022 18:12";"01/10/2026 23:40:54";"CE";"2026-10-01";"23:51:22"
"CORDEIRO DE DEUS V";"162-002467-5-CE";"Ativa";"23/07/2026 10:27";"01/10/2026 23:46:17";"CE";"2026-10-01";"23:51:22"
"Corenav I";"161-004213-1-CE";"Ativa";"10/09/2007 17:00";"01/10/2026 23:37:49";"CE";"2026-10-01";"23:51:22"
"CORSARIO NEGRO II";"141-008371-3-PI";"Ativa/Envio irregular";"25/06/2015 15:40";"01/07/2015 16:05:37";"PI";"2026-10-01";"23:51:22"
"CORSARIO NEGRO III";"163-004710-4-CE";"Ativa";"25/04/2023 09:58";"01/10/2026 23:35:18";"CE";"2026-10-01";"23:51:22"
"Corumbá I";"401-017013-1-SP";"Ativa/Envio irregular";"23/04/2009 09:52";"17/09/2026 12:19:55";"SP";"2026-10-01";"23:51:22"
"Cosmos";"201-E00023-7-PB";"Interrupção permanente";"23/02/2007 16:15";"20/05/2008 08:13:43";"PB";"2026-10-01";"23:51:22"
"Costa Amendola / Ex Anjo 'S - Zique";"443-007866-1-SC";"Ativa";"25/09/2013 09:38";"01/10/2026 23:42:55";"SC";"2026-10-01";"23:51:22"
"Costa Amendola I / ex Soberano";"443-008203-1-SC";"Ativa";"27/08/2012 14:37";"01/10/2026 23:47:08";"SC";"2026-10-01";"23:51:22"
"Costa Amendola II / ex Mar do Leste";"443-006733-3-SC";"Ativa";"08/11/2013 10:00";"01/10/2026 23:49:28";"SC";"2026-10-01";"23:51:22"
"Costa Amendola III / ex Vera Bremen";"401-055567-0-SP";"Ativa/Envio irregular";"21/05/2010 11:32";"01/10/2026 16:31:29";"SP";"2026-10-01";"23:51:22"
"Costa Azul III";"341-024170-1-ES";"Ativa";"03/08/2022 14:46";"01/10/2026 23:40:29";"ES";"2026-10-01";"23:51:22"
"COSTA DO OURO";"162-001669-9-CE";"Ativa/Envio irregular";"27/03/2015 10:34";"01/07/2015 16:14:15";"CE";"2026-10-01";"23:51:22"
"Costa Esmeralda L";"443-011316-5-SC";"Ativa";"13/08/2007 09:35";"01/10/2026 23:40:10";"SC";"2026-10-01";"23:51:22"
"Costa Fortuna M / ex Primeiro Principe / ex Porto Belo II";"401-014806-3-SP";"Ativa/Envio irregular";"17/08/2012 09:45";"21/12/2021 09:45:42";"SP";"2026-10-01";"23:51:22"
"COSTA LESTE";"341-023696-1-BA";"Ativa/Envio irregular";"23/03/2023 13:21";"01/10/2026 23:26:46";"BA";"2026-10-01";"23:51:22"
"COSTAMAR";"341-023351-2-BA";"Ativa";"23/03/2023 13:49";"01/10/2026 23:13:30";"BA";"2026-10-01";"23:51:22"
"Costamar BP";"163-004776-7-CE";"Ativa";"05/03/2020 09:22";"01/10/2026 23:41:42";"CE";"2026-10-01";"23:51:22"
"Costa Negra";"141-011272-1-PI";"Ativa";"01/07/2020 09:57";"01/10/2026 23:48:04";"PI";"2026-10-01";"23:51:22"
"Costa Neves CN";"443-009123-4-SC";"Ativa";"28/06/2007 17:05";"01/10/2026 23:32:47";"SC";"2026-10-01";"23:51:22"
"Costa Neves I CN";"401-047177-8-SC";"Ativa/Envio irregular";"11/06/2007 17:04";"11/08/2019 12:28:45";"SC";"2026-10-01";"23:51:22"
"Costa Neves II CN / ex Abílio Souza";"443-008218-9-SC";"Ativa";"06/08/2007 10:13";"01/10/2026 23:46:55";"SC";"2026-10-01";"23:51:22"
"Costa Sul V";"461-007532-6-RS";"Ativa/Envio irregular";"03/08/2007 10:20";"06/01/2009 13:29:08";"RS";"2026-10-01";"23:51:22"
"COSTEIRO MAR";"163-004928-0-CE";"Ativa";"02/07/2026 10:17";"01/10/2026 23:48:35";"CE";"2026-10-01";"23:51:22"
"CRISTAL IV";"161-005663-9-CE";"Ativa/Envio irregular";"24/06/2015 14:55";"23/06/2025 16:04:46";"CE";"2026-10-01";"23:51:22"
"CRISTAL V";"161-005513-6-CE";"Ativa";"13/04/2026 17:58";"01/10/2026 23:32:04";"CE";"2026-10-01";"23:51:22"
"CRISTAL VI";"161-003221-7-CE";"Ativa";"24/06/2015 14:55";"01/10/2026 23:34:12";"CE";"2026-10-01";"23:51:22"
"CRISTAL VII";"161-002852-0-CE";"Ativa";"24/06/2015 14:56";"01/10/2026 23:45:54";"CE";"2026-10-01";"23:51:22"
"Cristina D / ex Amaral XIV";"443-010671-1-SC";"Ativa/Envio irregular";"28/08/2019 15:37";"17/09/2019 19:34:42";"SC";"2026-10-01";"23:51:22"
"Cristo Rei C";"443-011127-8-SC";"Ativa";"20/11/2007 15:37";"01/10/2026 23:31:38";"SC";"2026-10-01";"23:51:22"
"Cruper";"401-E00089-3-SP";"Interrupção permanente";"04/04/2007 11:40";"03/09/2007 09:55:42";"SP";"2026-10-01";"23:51:22"
"Cunhamar I / Ex Beth I";"401-058850-1-SP";"Ativa";"25/03/2010 17:21";"01/10/2026 23:37:24";"SP";"2026-10-01";"23:51:22"
"Cunhamar II";"401-019127-9-SP";"Ativa";"27/07/2007 16:36";"01/10/2026 23:43:19";"SP";"2026-10-01";"23:51:22"
"Cunhamar III / ex Marian II";"443-008030-5-SC";"Ativa";"12/07/2007 11:39";"01/10/2026 23:46:44";"SC";"2026-10-01";"23:51:22"
"CYGANO";"443-011039-5-SC";"Ativa";"29/06/2016 08:48";"01/10/2026 23:50:10";"SC";"2026-10-01";"23:51:22"
"CYNTHIA I";"342-004567-1-ES";"Ativa";"18/05/2023 11:46";"01/10/2026 23:33:29";"ES";"2026-10-01";"23:51:22"
"Dadiva";"341-023485-3-RN";"Ativa/Envio irregular";"28/05/2013 10:07";"21/10/2025 10:16:58";"RN";"2026-10-01";"23:51:22"
"DÁDIVA DE DEUS PA";"163-004640-0-CE";"Ativa";"14/08/2024 15:09";"01/10/2026 23:47:30";"CE";"2026-10-01";"23:51:22"
"DA HORA C II";"445-008392-0-SC";"Ativa";"24/03/2011 09:26";"01/10/2026 23:49:57";"SC";"2026-10-01";"23:51:22"
"Da Hora C II(Interrupção permanente)";"441-010007-6-SC";"Interrupção permanente";"29/02/2008 16:27";"23/03/2011 23:20:54";"SC";"2026-10-01";"23:51:22"
"Da Hora II";"443-004532-1-SC";"Interrupção permanente";"19/02/2008 16:46";"01/06/2009 01:59:13";"SC";"2026-10-01";"23:51:22"
"Da Hora XII";"384-009230-2-RJ";"Ativa";"13/09/2012 23:37";"01/10/2026 23:32:30";"RJ";"2026-10-01";"23:51:22"
"Da Hora XIV";"443-009140-4-SC";"Ativa/Envio irregular";"13/09/2012 23:39";"07/04/2017 17:34:12";"SC";"2026-10-01";"23:51:22"
"Daiana II";"461-004013-1-RS";"Ativa/Envio irregular";"10/03/2010 10:45";"15/03/2023 14:45:49";"RS";"2026-10-01";"23:51:22"
"D. Alice I";"021-031309-9-PA";"Ativa/Envio irregular";"29/10/2007 15:32";"23/06/2015 07:53:40";"PA";"2026-10-01";"23:51:22"
"DALILA AC";"201-007703-2-PB";"Ativa";"31/03/2015 11:21";"01/10/2026 23:43:23";"PB";"2026-10-01";"23:51:22"
"DAMA DO MAR";"443-011912-1-SC";"Ativa";"15/08/2024 16:48";"01/10/2026 23:34:28";"SC";"2026-10-01";"23:51:22"
"DANIELA";"162-000701-1-CE";"Ativa";"24/06/2015 14:56";"01/10/2026 23:47:01";"CE";"2026-10-01";"23:51:22"
"Daniela de Moura I";"161-003648-4-CE";"Ativa/Envio irregular";"08/08/2007 14:45";"17/03/2026 11:24:44";"CE";"2026-10-01";"23:51:22"
"Daniel Berg I";"403-019472-9-SP";"Ativa/Envio irregular";"21/01/2009 16:53";"15/01/2011 19:36:51";"SP";"2026-10-01";"23:51:22"
"DANIEL BERG II";"443-011133-2-SC";"Ativa";"06/02/2013 10:53";"01/10/2026 23:38:49";"SC";"2026-10-01";"23:51:22"
"Daniel e Gabriel";"021-100477-4-PA";"Ativa";"18/06/2018 14:42";"01/10/2026 23:37:31";"PA";"2026-10-01";"23:51:22"
"DANIELE LOUISE";"441-010618-0-SC";"Ativa";"04/05/2012 14:50";"01/10/2026 23:47:02";"SC";"2026-10-01";"23:51:22"
"DANIELLA";"161-005273-1-CE";"Ativa";"06/05/2025 15:37";"01/10/2026 23:34:36";"CE";"2026-10-01";"23:51:22"
"Darlan IV";"021-100184-8-PA";"Ativa/Envio irregular";"22/05/2019 13:40";"26/08/2026 11:36:30";"PA";"2026-10-01";"23:51:22"
"DAVI LUCAS SANTOS";"445-111307-5-SC";"Ativa";"07/08/2012 16:23";"01/10/2026 23:42:21";"SC";"2026-10-01";"23:51:22"
"Davi Nereu / ex D. MATTOS";"401-014932-9-SP";"Ativa";"14/06/2010 11:18";"01/10/2026 23:32:10";"SP";"2026-10-01";"23:51:22"
"Davi RM";"163-004631-1-CE";"Ativa";"23/06/2022 14:41";"01/10/2026 22:37:31";"CE";"2026-10-01";"23:51:22"
"Davi V";"445-008361-0-RS";"Ativa";"01/03/2019 09:26";"01/10/2026 23:31:22";"RS";"2026-10-01";"23:51:22"
"Davi V/ Ex Vilamar I / Ex Rocha II";"445-008361-0-SC";"Ativa/Envio irregular";"28/09/2007 09:38";"04/08/2016 21:12:22";"SC";"2026-10-01";"23:51:22"
"De Aço IV";"021-027769-6-PA";"Interrupção permanente";"23/11/2007 17:36";"28/02/2011 04:23:04";"PA";"2026-10-01";"23:51:22"
"De Aço V";"021-030297-6-PA";"Ativa/Envio irregular";"09/10/2007 17:41";"23/09/2015 13:52:39";"PA";"2026-10-01";"23:51:22"
"De Aço VI";"021-030838-9-PA";"Ativa/Envio irregular";"23/11/2007 17:15";"07/02/2014 12:27:12";"PA";"2026-10-01";"23:51:22"
"Deca Braga";"163-004746-5-CE";"Ativa";"26/06/2020 16:15";"01/10/2026 23:42:45";"CE";"2026-10-01";"23:51:22"
"Deivid JS";"441-012770-5-SC";"Ativa/Envio irregular";"19/06/2009 10:25";"27/01/2014 12:33:30";"SC";"2026-10-01";"23:51:22"
"DELFIM";"461-003677-1-RS";"Ativa";"27/09/2011 11:46";"01/10/2026 23:39:45";"RS";"2026-10-01";"23:51:22"
"Delfim (1º Rastreamento)";"461-002677-5-RS";"Interrupção permanente";"11/09/2007 16:41";"29/09/2009 13:11:53";"RS";"2026-10-01";"23:51:22"
"DEL LESTE III";"021-031555-5-PA";"Ativa/Envio irregular";"21/01/2025 17:58";"03/07/2025 11:09:28";"PA";"2026-10-01";"23:51:22"
"Delmare I";"443-009186-2-SC";"Ativa/Envio irregular";"16/08/2007 14:41";"19/06/2026 16:54:56";"SC";"2026-10-01";"23:51:22"
"DEL MAR I";"401-058849-7-SP";"Ativa";"03/07/2007 17:03";"01/10/2026 23:38:19";"SP";"2026-10-01";"23:51:22"
"Delourdes";"162-000660-0-CE";"Ativa";"16/07/2015 17:39";"01/10/2026 23:33:40";"CE";"2026-10-01";"23:51:22"
"Dengoso I";"441-014211-9-SC";"Ativa/Envio irregular";"19/07/2012 15:26";"23/07/2013 10:56:55";"SC";"2026-10-01";"23:51:22"
"DESTINO FELIZ II";"201-007975-2-PB";"Ativa";"31/03/2015 11:19";"01/10/2026 23:33:07";"PB";"2026-10-01";"23:51:22"
"DEUS CONOSCO CJ";"442-021044-3-SC";"Ativa/Envio irregular";"28/07/2008 10:11";"07/05/2026 04:51:13";"SC";"2026-10-01";"23:51:22"
"Deus da Gloria";"163-004569-1-CE";"Ativa";"30/12/2019 19:07";"01/10/2026 23:39:19";"CE";"2026-10-01";"23:51:22"
"DEUS DE MILAGRES";"387-705005-1-RJ";"Ativa";"21/07/2026 11:51";"01/10/2026 23:32:13";"RJ";"2026-10-01";"23:51:22"
"DEUS E AMOR XX";"221-013163-4-PE";"Ativa/Envio irregular";"16/07/2015 17:39";"";"PE";"2026-10-01";"23:51:22"
"DEUS E A RESPOSTA";"221-013086-7-PE";"Ativa/Envio irregular";"30/06/2015 10:40";"01/07/2015 17:03:55";"PE";"2026-10-01";"23:51:22"
"DEUS É FIEL II";"181-004923-7-RN";"Ativa";"09/03/2015 11:53";"01/10/2026 23:48:07";"RN";"2026-10-01";"23:51:22"
"DEUS E JUSTO";"221-013085-9-PE";"Ativa";"30/06/2015 10:41";"01/10/2026 23:45:38";"PE";"2026-10-01";"23:51:22"
"DEUS É MAIS I";"163-004081-9-CE";"Ativa";"17/06/2010 10:18";"01/10/2026 23:34:57";"CE";"2026-10-01";"23:51:22"
"DEUS E MAIS III";"021-030185-6-PA";"Ativa";"07/06/2010 17:20";"01/10/2026 23:32:18";"PA";"2026-10-01";"23:51:22"
"DEUS É MAIS IV";"163-003919-5-CE";"Ativa";"19/05/2023 14:41";"01/10/2026 23:34:58";"CE";"2026-10-01";"23:51:22"
"DEUS É MAIS MR III";"021-030837-1-PA";"Ativa";"03/07/2023 09:14";"01/10/2026 23:43:32";"PA";"2026-10-01";"23:51:22"
"DEUS E MAIS V";"021-028403-0-PA";"Ativa";"11/05/2011 11:16";"01/10/2026 23:41:09";"PA";"2026-10-01";"23:51:22"
"DEUS E PAI";"162-001987-6-CE";"Ativa/Envio irregular";"30/06/2015 11:14";"";"CE";"2026-10-01";"23:51:22"
"DEUS ME DEU";"183-005499-6-PI";"Ativa";"25/06/2015 15:51";"01/10/2026 23:43:06";"PI";"2026-10-01";"23:51:22"
"Deus Proverá JCAP";"163-004742-2-CE";"Ativa/Envio irregular";"21/02/2022 11:33";"01/10/2026 14:01:54";"CE";"2026-10-01";"23:51:22"
"Devaneios III";"384-008151-3-RJ";"Ativa/Envio irregular";"05/09/2007 16:33";"24/05/2012 05:11:47";"RJ";"2026-10-01";"23:51:22"
"Diamantina II";"163-004101-7-CE";"Ativa/Envio irregular";"25/03/2009 11:39";"17/09/2023 09:56:53";"CE";"2026-10-01";"23:51:22"
"DIAMANTINA JS";"021-101415-0-PA";"Ativa";"24/08/2023 11:11";"01/10/2026 23:50:54";"PA";"2026-10-01";"23:51:22"
"DIAN I";"443-049678-1-SC";"Ativa";"11/10/2019 10:43";"01/10/2026 23:31:27";"SC";"2026-10-01";"23:51:22"
"Diego J";"443-011677-6-SC";"Ativa";"26/09/2008 10:07";"01/10/2026 23:45:40";"SC";"2026-10-01";"23:51:22"
"Diego J I";"443-012333-1-SC";"Ativa";"02/06/2009 16:51";"01/10/2026 23:47:41";"SC";"2026-10-01";"23:51:22"
"DIEGO J II";"443-048430-9-SC";"Ativa";"05/07/2016 14:53";"01/10/2026 23:38:05";"SC";"2026-10-01";"23:51:22"
"Diego J III / ex Laio Pesca I";"443-012299-7-SC";"Ativa";"10/08/2010 11:11";"01/10/2026 23:37:03";"SC";"2026-10-01";"23:51:22"
"Diego Leonardo";"443-011339-4-SC";"Ativa";"30/07/2007 10:37";"01/10/2026 23:41:37";"SC";"2026-10-01";"23:51:22"
"Diego Lucas / ex Rafaelly R / ex Viola S / Ex M. Victória";"401-011397-9-SP";"Ativa/Envio irregular";"13/04/2007 17:21";"17/10/2024 11:14:18";"SP";"2026-10-01";"23:51:22"
"Digital I";"021-027352-6-PA";"Ativa/Envio irregular";"01/04/2009 16:51";"14/12/2013 15:52:15";"PA";"2026-10-01";"23:51:22"
"Diniz Pesca";"021-029746-8-PA";"Ativa";"02/06/2008 15:34";"01/10/2026 23:39:33";"PA";"2026-10-01";"23:51:22"
"Dipesca V";"161-004811-3-CE";"Ativa";"09/06/2010 12:14";"01/10/2026 23:32:33";"CE";"2026-10-01";"23:51:22"
"Dipesca VI";"163-003776-1-CE";"Ativa";"03/12/2020 08:38";"01/10/2026 23:44:46";"CE";"2026-10-01";"23:51:22"
"Diplomata I";"463-003257-6-RS";"Ativa";"02/08/2016 14:34";"01/10/2026 23:31:39";"RS";"2026-10-01";"23:51:22"
"D. Mattos III";"443-006444-0-SC";"Ativa/Envio irregular";"06/10/2008 18:08";"08/02/2014 18:23:10";"SC";"2026-10-01";"23:51:22"
"D. Mattos IV";"443-005831-8-SC";"Ativa/Envio irregular";"03/10/2008 09:43";"24/09/2024 07:20:08";"SC";"2026-10-01";"23:51:22"
"DM IV";"163-004815-1-CE";"Ativa/Envio irregular";"28/05/2021 16:34";"01/10/2026 09:26:27";"CE";"2026-10-01";"23:51:22"
"Dodô II";"293-002274-4-BA";"Ativa/Envio irregular";"14/06/2019 17:36";"13/01/2026 10:27:12";"BA";"2026-10-01";"23:51:22"
"DOLORES MARTINS";"382-293646-4-RJ";"Ativa";"11/11/2008 09:09";"01/10/2026 23:36:07";"RJ";"2026-10-01";"23:51:22"
"Domael";"341-013370-4-ES";"Desativada temporariamente";"25/10/2007 16:38";"11/08/2026 19:45:15";"ES";"2026-10-01";"23:51:22"
"Dom Alcides";"021-017961-9-PA";"Ativa/Envio irregular";"08/09/2009 10:26";"15/01/2026 10:44:27";"PA";"2026-10-01";"23:51:22"
"Dom Apoliano";"021-026141-2-PA";"Ativa";"30/08/2007 14:55";"01/10/2026 23:46:58";"PA";"2026-10-01";"23:51:22"
"Dom Apoliano II";"021-025187-5-PA";"Ativa";"13/08/2007 15:01";"01/10/2026 23:43:25";"PA";"2026-10-01";"23:51:22"
"Dom Aquino";"441-015108-8-SC";"Interrupção permanente";"27/07/2007 14:33";"08/12/2011 14:28:55";"SC";"2026-10-01";"23:51:22"
"Do Mar II";"293-002234-5-BA";"Ativa/Envio irregular";"04/02/2020 18:25";"28/07/2026 03:40:20";"BA";"2026-10-01";"23:51:22"
"DO MAR IV";"293-005654-1-BA";"Ativa/Envio irregular";"08/07/2025 10:23";"01/10/2026 22:48:16";"BA";"2026-10-01";"23:51:22"
"Dom Armando I";"441-008476-3-SC";"Ativa";"17/06/2008 16:37";"01/10/2026 23:26:15";"SC";"2026-10-01";"23:51:22"
"DOM ARMANDO II";"443-011215-1-SC";"Ativa";"01/11/2013 08:08";"01/10/2026 23:38:26";"SC";"2026-10-01";"23:51:22"
"Dom Armando III / ex Emanuele A";"443-011742-0-SC";"Ativa";"09/09/2009 09:37";"01/10/2026 23:48:28";"SC";"2026-10-01";"23:51:22"
"DO MAR V";"293-005653-3-BA";"Ativa/Envio irregular";"08/07/2025 09:57";"01/10/2026 23:31:22";"BA";"2026-10-01";"23:51:22"
"Dom Atanazio / Ex Duna I";"463-003244-4-RS";"Ativa/Envio irregular";"16/12/2008 17:35";"27/03/2025 09:57:32";"RS";"2026-10-01";"23:51:22"
"Dom Bernardo / ex  Dom Bernardo II";"443-049181-0-SC";"Desativada temporariamente";"15/09/2017 11:09";"25/08/2026 19:47:57";"SC";"2026-10-01";"23:51:22"
"Dom Bottini / ex Andreas";"401-047132-8-SP";"Ativa";"23/03/2007 17:36";"01/10/2026 23:34:11";"SP";"2026-10-01";"23:51:22"
"Dom Caetano III";"461-008787-1-RS";"Ativa";"04/12/2013 10:20";"01/10/2026 23:49:04";"RS";"2026-10-01";"23:51:22"
"Dom Caetano IV";"461-009669-2-RS";"Ativa";"19/08/2013 10:43";"01/10/2026 23:42:33";"RS";"2026-10-01";"23:51:22"
"Dom Cearazinho I";"021-023878-0-PA";"Ativa";"07/02/2018 07:14";"01/10/2026 23:42:00";"PA";"2026-10-01";"23:51:22"
"Dom Celino I";"441-011112-4-SC";"Ativa/Envio irregular";"29/08/2011 09:33";"26/01/2021 14:08:12";"SC";"2026-10-01";"23:51:22"
"Dom Chino / ex Izidoro Franco";"341-010433-0-ES";"Ativa/Envio irregular";"13/10/2008 17:52";"30/12/2022 09:51:37";"ES";"2026-10-01";"23:51:22"
"Dom Cristiano";"021-019078-7-PA";"Ativa/Envio irregular";"08/08/2007 17:04";"09/06/2023 14:16:01";"PA";"2026-10-01";"23:51:22"
"Dom Ernesto II / ex Ana Laura II";"443-011608-3-SC";"Ativa";"25/02/2008 11:19";"01/10/2026 23:41:33";"SC";"2026-10-01";"23:51:22"
"Dom Estevam";"461-009721-4-RS";"Ativa/Envio irregular";"03/08/2007 08:48";"01/04/2025 05:14:45";"RS";"2026-10-01";"23:51:22"
"DOM FAGUNDES II";"441-017301-4-SC";"Ativa";"21/08/2017 11:45";"01/10/2026 23:34:14";"SC";"2026-10-01";"23:51:22"
"DOM FELIPPE A";"443-050030-4-SP";"Ativa";"02/03/2023 09:26";"01/10/2026 23:45:35";"SP";"2026-10-01";"23:51:22"
"Dom Francisco";"461-009572-6-RS";"Ativa";"30/07/2008 17:12";"01/10/2026 23:50:13";"RS";"2026-10-01";"23:51:22"
"Dom Heber G";"443-049709-5-SC";"Ativa";"11/02/2020 18:07";"01/10/2026 23:32:37";"SC";"2026-10-01";"23:51:22"
"Dom Henrique II";"443-010564-2-SC";"Ativa";"12/11/2007 14:48";"01/10/2026 23:33:26";"SC";"2026-10-01";"23:51:22"
"Dom Henrique III";"443-011400-5-SC";"Ativa";"25/10/2007 15:02";"01/10/2026 23:44:12";"SC";"2026-10-01";"23:51:22"
"Dom Henrique IV";"443-047521-1-SC";"Ativa";"31/12/2010 09:43";"01/10/2026 23:31:50";"SC";"2026-10-01";"23:51:22"
"Dom Idalgo";"443-006876-3-SC";"Ativa/Envio irregular";"07/10/2011 17:40";"20/05/2026 11:10:48";"SC";"2026-10-01";"23:51:22"
"Dom Isaac";"441-008251-5-SC";"Ativa";"15/05/2012 09:02";"01/10/2026 23:46:03";"SC";"2026-10-01";"23:51:22"
"Dom Isaac II";"441-009325-8-SC";"Ativa/Envio irregular";"09/05/2012 10:58";"06/04/2018 18:36:52";"SC";"2026-10-01";"23:51:22"
"Dom Isaac III";"441-009337-1-SC";"Ativa/Envio irregular";"09/05/2012 11:03";"31/07/2018 10:33:15";"SC";"2026-10-01";"23:51:22"
"Dom Isaac IV";"441-009951-5-SC";"Ativa/Envio irregular";"19/07/2007 14:25";"28/02/2009 03:04:43";"SC";"2026-10-01";"23:51:22"
"Dom Isaac XI";"441-012146-4-SC";"Interrupção permanente";"29/06/2007 08:39";"18/10/2007 04:09:28";"SC";"2026-10-01";"23:51:22"
"Dom Isaac XII";"441-012364-5-SC";"Ativa";"15/08/2012 17:25";"01/10/2026 23:39:18";"SC";"2026-10-01";"23:51:22"
"Dom Isaac XV";"441-014618-1-SC";"Interrupção permanente";"11/09/2007 16:36";"17/03/2008 10:26:56";"SC";"2026-10-01";"23:51:22"
"Dom Isaac XVI";"441-015637-3-SC";"Ativa/Envio irregular";"15/05/2012 09:15";"14/03/2024 02:18:04";"SC";"2026-10-01";"23:51:22"
"Dom Isaac XVII";"441-015638-1-SC";"Ativa/Envio irregular";"16/05/2012 11:29";"20/03/2024 13:36:56";"SC";"2026-10-01";"23:51:22"
"Dom Isaac XVIII";"441-044310-1-SC";"Ativa";"09/05/2012 11:15";"01/10/2026 23:32:50";"SC";"2026-10-01";"23:51:22"
"Dom Joao II";"441-044503-1-SC";"Ativa/Envio irregular";"03/03/2021 09:44";"13/04/2023 10:41:21";"SC";"2026-10-01";"23:51:22"
"Dom Joaquim A";"021-022647-1-PA";"Ativa";"23/05/2011 10:30";"01/10/2026 23:34:54";"PA";"2026-10-01";"23:51:22"
"Dom José M / Ex Mirella VII-A";"443-004641-7-SC";"Ativa";"13/07/2007 14:37";"01/10/2026 23:43:40";"SC";"2026-10-01";"23:51:22"
"Dom Lelo";"443-008856-0-SC";"Ativa";"24/08/2017 12:23";"01/10/2026 23:46:59";"SC";"2026-10-01";"23:51:22"
"Dom Leonardo";"161-003921-1-CE";"Ativa/Envio irregular";"13/08/2007 08:53";"11/06/2026 11:17:52";"CE";"2026-10-01";"23:51:22"
"Dom Leonardo Tobias";"443-011318-1-SC";"Ativa";"28/07/2008 17:57";"01/10/2026 23:46:28";"SC";"2026-10-01";"23:51:22"
"Dom Lilico";"341-013684-3-ES";"Ativa";"05/01/2011 15:45";"01/10/2026 23:41:53";"ES";"2026-10-01";"23:51:22"
"Dom Lucas S (1º Rastreamento)";"443-008646-0-SC";"Interrupção permanente";"08/08/2007 14:54";"16/12/2008 16:02:39";"SC";"2026-10-01";"23:51:22"
"Dom Lucas S (2º Rastreamento)";"443-008446-7-SC";"Ativa/Envio irregular";"16/12/2008 17:31";"01/10/2026 23:25:19";"SC";"2026-10-01";"23:51:22"
"Dom Manoel CII - ex Dom Guilherme I";"404-007735-1-SP";"Ativa";"19/11/2009 11:32";"01/10/2026 23:48:42";"SP";"2026-10-01";"23:51:22"
"Dom Manoel II / ex Alexandre II";"461-009656-1-RS";"Ativa";"12/09/2007 10:57";"01/10/2026 23:41:34";"RS";"2026-10-01";"23:51:22"
"Dom Manoel IV";"443-009094-7-SC";"Ativa";"05/10/2007 10:37";"01/10/2026 23:33:35";"SC";"2026-10-01";"23:51:22"
"Dom Manoel IX";"443-009159-5-SC";"Ativa/Envio irregular";"29/02/2008 15:35";"09/05/2023 20:00:41";"SC";"2026-10-01";"23:51:22"
"Dom Manoel Pacheco";"401-021144-0-SP";"Ativa/Envio irregular";"06/04/2015 11:00";"03/04/2026 03:23:51";"SP";"2026-10-01";"23:51:22"
"Dom Manoel V";"443-008439-4-SC";"Ativa/Envio irregular";"23/04/2008 17:43";"24/06/2024 18:28:39";"SC";"2026-10-01";"23:51:22"
"Dom Manoel VI";"443-008966-3-SC";"Ativa/Envio irregular";"23/04/2008 18:16";"08/12/2024 10:21:08";"SC";"2026-10-01";"23:51:22"
"DOM MANOEL VII";"441-014055-8-SC";"Ativa/Envio irregular";"05/10/2007 15:12";"01/10/2026 10:44:00";"SC";"2026-10-01";"23:51:22"
"Dom Manoel VIII";"443-009158-7-SC";"Ativa/Envio irregular";"23/04/2008 10:17";"10/08/2022 12:21:10";"SC";"2026-10-01";"23:51:22"
"Dom Manoel X";"461-007124-0-RS";"Ativa/Envio irregular";"15/02/2008 10:46";"14/07/2026 20:17:58";"RS";"2026-10-01";"23:51:22"
"Dom Manoel XI";"461-007123-1-RS";"Ativa/Envio irregular";"15/02/2008 09:14";"27/09/2026 06:34:10";"RS";"2026-10-01";"23:51:22"
"Dom Manoel XIV";"401-055565-3-SP";"Ativa/Envio irregular";"18/02/2008 09:39";"07/05/2025 12:06:52";"SP";"2026-10-01";"23:51:22"
"Dom Manoel XIX";"443-009133-1-SC";"Ativa";"03/03/2011 14:55";"01/10/2026 23:35:07";"SC";"2026-10-01";"23:51:22"
"Dom Manoel XVI";"443-009169-2-SC";"Ativa/Envio irregular";"11/12/2007 15:37";"11/08/2017 03:50:52";"SC";"2026-10-01";"23:51:22"
"DOM MANOEL XVII";"445-009594-4-SC";"Ativa";"05/10/2007 11:11";"01/10/2026 23:37:00";"SC";"2026-10-01";"23:51:22"
"Dom Manoel XVIII";"443-009134-0-SC";"Ativa";"27/09/2012 17:06";"01/10/2026 23:41:43";"SC";"2026-10-01";"23:51:22"
"DOM MANOEL XX";"443-008319-3-SC";"Ativa";"13/06/2007 16:39";"01/10/2026 23:34:57";"SC";"2026-10-01";"23:51:22"
"DOM MANOEL XXI";"443-008320-7-SC";"Ativa";"13/06/2007 16:31";"01/10/2026 23:50:24";"SC";"2026-10-01";"23:51:22"
"Dom Manoel XXII / ex Marilea F";"443-009574-4-SC";"Ativa/Envio irregular";"25/07/2007 09:21";"14/07/2026 07:37:30";"SC";"2026-10-01";"23:51:22"
"Dom Manoel XXIII";"443-009573-6-SC";"Ativa/Envio irregular";"03/08/2007 13:47";"29/09/2026 00:30:51";"SC";"2026-10-01";"23:51:22"
"DOM MANOEL XXIV";"443-009125-1-SC";"Ativa/Envio irregular";"11/06/2007 16:35";"31/12/2021 19:26:15";"SC";"2026-10-01";"23:51:22"
"DOM MANOEL XXV";"443-009126-9-SC";"Ativa/Envio irregular";"12/06/2007 11:32";"08/01/2020 10:56:47";"SC";"2026-10-01";"23:51:22"
"Dom Manoel XXVI / ex Boemio XVII";"461-010256-1-RS";"Ativa";"13/03/2008 17:36";"01/10/2026 23:39:38";"RS";"2026-10-01";"23:51:22"
"Dom Marciel";"443-008927-2-SC";"Ativa/Envio irregular";"08/10/2019 11:33";"02/12/2020 14:59:09";"SC";"2026-10-01";"23:51:22"
"Dom Marcu S / ex Vô Chico II";"443-011772-1-SC";"Ativa";"28/06/2007 17:03";"01/10/2026 23:31:50";"SC";"2026-10-01";"23:51:22"
"Dom Miguel I / ex São Jorge G / Ex Samir I";"341-010752-5-ES";"Ativa/Envio irregular";"06/03/2008 15:09";"30/11/2022 07:21:29";"ES";"2026-10-01";"23:51:22"
"Dom Nicolas";"441-017063-5-SC";"Ativa";"08/02/2023 11:18";"01/10/2026 23:49:53";"SC";"2026-10-01";"23:51:22"
"Dom Orlando II";"443-005045-7-SC";"Ativa/Envio irregular";"01/02/2008 11:14";"02/07/2013 08:10:41";"SC";"2026-10-01";"23:51:22"
"Dom Pedro B";"443-006478-4-SC";"Interrupção permanente";"12/08/2008 16:52";"21/02/2011 09:05:42";"SC";"2026-10-01";"23:51:22"
"Dom Pedro I / ex Dom Pedro";"443-008051-8-SC";"Ativa";"24/10/2007 08:50";"01/10/2026 23:36:27";"SC";"2026-10-01";"23:51:22"
"Dom Quirino";"441-015109-6-SC";"Ativa/Envio irregular";"27/07/2007 15:20";"02/12/2022 10:45:55";"SC";"2026-10-01";"23:51:22"
"DOM RAFAEL IV";"381-045836-8-RJ";"Desativada temporariamente";"01/11/2007 17:00";"17/08/2026 19:25:23";"RJ";"2026-10-01";"23:51:22"
"Dom Rodrigues /ex Baé";"463-003328-9-RS";"Ativa";"28/05/2015 15:05";"01/10/2026 23:31:48";"RS";"2026-10-01";"23:51:22"
"Dom Sebastião";"401-033023-6-SP";"Ativa";"06/07/2007 11:27";"01/10/2026 23:33:16";"SP";"2026-10-01";"23:51:22"
"Dom Sebastião A";"021-019000-1-PA";"Ativa";"18/09/2007 15:56";"01/10/2026 23:31:14";"PA";"2026-10-01";"23:51:22"
"Dom Vicente - ex Lamas";"021-025429-7-PA";"Ativa/Envio irregular";"08/09/2011 11:56";"09/11/2014 18:52:00";"PA";"2026-10-01";"23:51:22"
"Dona Adelina";"461-009710-9-RS";"Ativa/Envio irregular";"14/02/2008 17:52";"21/05/2011 04:24:54";"RS";"2026-10-01";"23:51:22"
"Dona Adelina II";"461-009711-7-RS";"Ativa/Envio irregular";"23/11/2009 16:49";"28/06/2010 08:17:50";"RS";"2026-10-01";"23:51:22"
"Dona Angela";"443-004184-9-SC";"Ativa/Envio irregular";"14/09/2007 15:54";"12/02/2026 22:01:35";"SC";"2026-10-01";"23:51:22"
"DONA ASSUNÇÃO";"162-002292-3-CE";"Ativa";"22/09/2026 11:50";"01/10/2026 23:39:11";"CE";"2026-10-01";"23:51:22"
"Dona Beatriz";"161-005019-3-CE";"Ativa";"14/09/2007 09:56";"01/10/2026 23:34:01";"CE";"2026-10-01";"23:51:22"
"Dona Carol";"021-098531-3-PA";"Ativa/Envio irregular";"22/06/2011 10:17";"13/10/2018 11:41:05";"PA";"2026-10-01";"23:51:22"
"Dona Catharina II / Ex Quaresma I";"401-040893-6-SP";"Ativa";"23/09/2013 18:01";"01/10/2026 23:23:17";"SP";"2026-10-01";"23:51:22"
"Dona Cene D";"443-049243-3-SC";"Ativa";"29/10/2018 19:09";"01/10/2026 23:40:56";"SC";"2026-10-01";"23:51:22"
"DONA CLEIA F";"443-049174-7-SC";"Ativa";"26/02/2019 08:53";"01/10/2026 23:49:14";"SC";"2026-10-01";"23:51:22"
"Dona Flor F1 / ex Akira I";"403-007861-3-SP";"Ativa/Envio irregular";"14/09/2007 14:08";"30/10/2023 04:22:14";"SP";"2026-10-01";"23:51:22"
"DONA FLOR F2";"443-011545-1-SC";"Ativa";"01/11/2007 17:24";"01/10/2026 23:40:03";"SC";"2026-10-01";"23:51:22"
"Dona Flor F / ex Dom Ernesto";"443-011415-3-SC";"Ativa";"30/10/2007 14:11";"01/10/2026 23:38:39";"SC";"2026-10-01";"23:51:22"
"DONA HELEN";"401-021673-5-SP";"Ativa";"27/07/2007 15:12";"01/10/2026 23:33:15";"SP";"2026-10-01";"23:51:22"
"Dona Lurdes I";"443-011297-5-SC";"Ativa";"24/10/2007 15:08";"01/10/2026 23:37:28";"SC";"2026-10-01";"23:51:22"
"Dona Nilda II";"443-010897-8-SC";"Ativa/Envio irregular";"28/10/2009 12:11";"10/03/2025 18:25:52";"SC";"2026-10-01";"23:51:22"
"Dona Nita";"161-003447-3-SC";"Ativa/Envio irregular";"07/12/2011 16:23";"16/07/2013 13:57:32";"SC";"2026-10-01";"23:51:22"
"Don Antonio A / ex Don Jean B";"443-011194-4-SC";"Ativa/Envio irregular";"19/03/2008 16:44";"08/12/2020 08:02:27";"SC";"2026-10-01";"23:51:22"
"DONA QUINHA";"443-010939-7-SC";"Ativa/Envio irregular";"06/08/2007 09:56";"23/09/2026 11:14:10";"SC";"2026-10-01";"23:51:22"
"DONA ROLA";"443-008940-0-SC";"Ativa/Envio irregular";"26/10/2022 09:17";"29/06/2026 08:56:50";"SC";"2026-10-01";"23:51:22"
"Dona Santina";"443-011663-6-SC";"Ativa";"10/10/2007 11:23";"01/10/2026 23:44:53";"SC";"2026-10-01";"23:51:22"
"Dona Santina II / ex Dona Zeza";"443-011661-0-SC";"Ativa";"10/10/2007 10:31";"01/10/2026 23:41:06";"SC";"2026-10-01";"23:51:22"
"Dona Santina III /ex. Lugemar";"381-050347-9-RJ";"Ativa";"03/10/2007 09:36";"01/10/2026 23:31:48";"RJ";"2026-10-01";"23:51:22"
"Dona Santina IV / Ex Marilia VI";"443-007924-2-SC";"Desativada temporariamente";"25/07/2011 09:06";"13/07/2026 19:20:47";"SC";"2026-10-01";"23:51:22"
"Dona Santina V / Ex Marilia V";"443-007923-4-SC";"Desativada temporariamente";"25/07/2011 08:59";"13/07/2026 19:38:17";"SC";"2026-10-01";"23:51:22"
"Dona Santina VI / ex Mayara G";"401-079312-1-SP";"Ativa";"03/09/2007 09:29";"01/10/2026 23:31:36";"SP";"2026-10-01";"23:51:22"
"Dona Santina VII / ex Vanessa H";"401-079311-2-SP";"Ativa";"03/09/2007 09:48";"01/10/2026 23:41:23";"SP";"2026-10-01";"23:51:22"
"DONA TEREZA / ex Tamandaré II";"341-010753-3-ES";"Ativa/Envio irregular";"19/02/2009 16:54";"19/09/2023 05:41:39";"ES";"2026-10-01";"23:51:22"
"Dona Terezinha F / ex Olhos d'agua I";"381-033954-7-RJ";"Ativa/Envio irregular";"11/06/2007 17:19";"24/02/2023 16:57:22";"RJ";"2026-10-01";"23:51:22"
"Dona Terezinha F II / ex Olhos D'agua II";"401-011820-2-SP";"Ativa/Envio irregular";"11/06/2007 14:18";"03/03/2023 17:13:54";"SP";"2026-10-01";"23:51:22"
"Dona Zica I / ex Iakan";"401-055554-8-SP";"Ativa/Envio irregular";"27/06/2008 15:56";"24/09/2026 10:54:41";"SP";"2026-10-01";"23:51:22"
"Don Francesco I";"401-055540-8-SP";"Ativa/Envio irregular";"12/03/2010 09:46";"11/04/2025 05:09:53";"SP";"2026-10-01";"23:51:22"
"Don Lucas";"461-009813-0-RS";"Ativa";"13/10/2008 16:54";"01/10/2026 23:42:53";"RS";"2026-10-01";"23:51:22"
"Don Luiz P";"443-048016-8-SC";"Ativa";"20/05/2015 09:25";"01/10/2026 23:41:58";"SC";"2026-10-01";"23:51:22"
"DON SALVATORE";"401-005907-9-SP";"Ativa";"03/07/2009 16:35";"01/10/2026 23:32:50";"SP";"2026-10-01";"23:51:22"
"Dorada";"201-007688-5-PB";"Ativa/Envio irregular";"22/02/2007 17:09";"26/09/2012 14:14:44";"PB";"2026-10-01";"23:51:22"
"DOUGLAS C";"381-033930-0-RJ";"Ativa/Envio irregular";"08/06/2010 09:44";"22/12/2022 07:02:40";"RJ";"2026-10-01";"23:51:22"
"DOUGLAS C I /ex FAROL DA ILHA";"381-023719-1-RJ";"Ativa";"12/07/2011 14:22";"01/10/2026 23:46:41";"RJ";"2026-10-01";"23:51:22"
"DOUGLAS X";"401-024454-2-SP";"Ativa";"09/10/2007 15:16";"01/10/2026 23:33:17";"SP";"2026-10-01";"23:51:22"
"Dragão F / ex Trimar X";"401-055579-3-SP";"Ativa/Envio irregular";"03/08/2007 11:12";"17/03/2022 05:08:15";"SP";"2026-10-01";"23:51:22"
"Dr. Helano";"161-004891-1-PA";"Ativa";"26/10/2020 10:07";"01/10/2026 23:44:48";"PA";"2026-10-01";"23:51:22"
"Drielly I / ex Henrique Felipe A / ex Chico Pescados II";"442-000090-2-SC";"Ativa/Envio irregular";"08/01/2010 17:20";"25/02/2026 10:58:43";"SC";"2026-10-01";"23:51:22"
"Dr Jose Maria I";"162-001009-7-CE";"Ativa";"08/02/2021 14:27";"01/10/2026 23:49:51";"CE";"2026-10-01";"23:51:22"
"DUARTE I";"261-007678-9-SE";"Ativa";"30/06/2015 10:41";"01/10/2026 23:50:00";"SE";"2026-10-01";"23:51:22"
"Duarte Neto";"182-005193-5-RN";"Ativa";"13/07/2021 17:21";"01/10/2026 23:43:13";"RN";"2026-10-01";"23:51:22"
"Duda Baltazar / ex Vo Antonio II";"403-021790-7-SP";"Ativa";"28/01/2008 15:23";"01/10/2026 23:46:53";"SP";"2026-10-01";"23:51:22"
"Dulcemar II";"443-011476-5-SC";"Ativa/Envio irregular";"23/10/2007 10:39";"25/05/2015 09:09:04";"SC";"2026-10-01";"23:51:22"
"DULCIMAR I";"162-002479-9-CE";"Ativa";"03/01/2023 17:43";"01/10/2026 22:59:51";"CE";"2026-10-01";"23:51:22"
"Dupesca I";"161-003934-3-CE";"Ativa/Envio irregular";"06/08/2010 11:21";"25/03/2026 08:57:28";"CE";"2026-10-01";"23:51:22"
"DURVAL FILHO I";"162-001502-1-CE";"Ativa/Envio irregular";"12/08/2024 15:42";"27/04/2025 13:57:05";"CE";"2026-10-01";"23:51:22"
"EBENEZER II";"162-000779-7-CE";"Ativa/Envio irregular";"24/06/2015 14:58";"08/01/2019 17:00:07";"CE";"2026-10-01";"23:51:22"
"ECLAZIARTE";"163-003852-1-CE";"Ativa";"24/06/2015 14:59";"01/10/2026 23:50:15";"CE";"2026-10-01";"23:51:22"
"Eclipse II";"461-007803-1-RS";"Ativa";"06/03/2008 15:03";"01/10/2026 23:49:02";"RS";"2026-10-01";"23:51:22"
"Eclipse Total";"401-013231-1-SP";"Ativa/Envio irregular";"30/10/2007 14:39";"13/08/2010 22:49:53";"SP";"2026-10-01";"23:51:22"
"Ecomar I";"401-016148-5-SP";"Ativa/Envio irregular";"28/06/2007 17:08";"21/11/2024 10:45:34";"SP";"2026-10-01";"23:51:22"
"Ecomar II";"022-003010-3-PA";"Ativa/Envio irregular";"26/09/2012 15:39";"21/11/2024 10:00:24";"PA";"2026-10-01";"23:51:22"
"Ecomar III";"022-002866-4-PA";"Ativa/Envio irregular";"28/06/2007 17:07";"21/11/2024 10:35:04";"PA";"2026-10-01";"23:51:22"
"Ecomar IV";"022-003001-4-PA";"Ativa/Envio irregular";"02/08/2011 15:45";"21/11/2024 10:27:39";"PA";"2026-10-01";"23:51:22"
"Ecomar V";"021-028208-8-PA";"Ativa/Envio irregular";"02/08/2011 15:59";"21/11/2024 10:03:10";"PA";"2026-10-01";"23:51:22"
"Ecomar VI";"021-025626-5-PA";"Ativa/Envio irregular";"28/06/2007 17:09";"21/11/2024 10:20:38";"PA";"2026-10-01";"23:51:22"
"Ecomar VII";"021-020237-8-PA";"Ativa/Envio irregular";"28/06/2007 17:10";"21/11/2024 10:32:00";"PA";"2026-10-01";"23:51:22"
"Ecomar X";"021-030667-0-PA";"Ativa/Envio irregular";"28/06/2007 17:08";"19/11/2024 10:57:35";"PA";"2026-10-01";"23:51:22"
"Ecomar XII";"021-030776-5-PA";"Ativa/Envio irregular";"19/07/2007 14:49";"19/11/2024 10:43:17";"PA";"2026-10-01";"23:51:22"
"Ecomar XIV / Ex Belém Pesca IX";"021-023858-5-PA";"Ativa/Envio irregular";"08/08/2007 19:12";"21/11/2024 10:04:54";"PA";"2026-10-01";"23:51:22"
"Ecomar XVI";"443-005512-2-SC";"Ativa/Envio irregular";"08/12/2008 17:52";"21/11/2024 10:26:21";"SC";"2026-10-01";"23:51:22"
"Ecomar XVIII";"021-031721-3-PA";"Ativa/Envio irregular";"09/03/2012 15:16";"21/11/2024 10:07:44";"PA";"2026-10-01";"23:51:22"
"Ecomar XX";"021-031722-1-PA";"Ativa/Envio irregular";"09/03/2012 15:23";"21/11/2024 10:02:28";"PA";"2026-10-01";"23:51:22"
"EDINAMAR";"161-005836-4-CE";"Ativa/Envio irregular";"24/06/2015 14:59";"01/07/2015 16:36:40";"CE";"2026-10-01";"23:51:22"
"Edson Matheus I / ex Margus II";"443-006365-6-SC";"Ativa";"27/08/2008 11:18";"01/10/2026 23:34:53";"SC";"2026-10-01";"23:51:22"
"EDUARDA II";"401-064984-4-SC";"Ativa";"10/11/2022 17:30";"01/10/2026 23:46:19";"SC";"2026-10-01";"23:51:22"
"EDUARDO";"162-001586-2-CE";"Ativa/Envio irregular";"24/06/2015 15:00";"26/09/2026 12:23:18";"CE";"2026-10-01";"23:51:22"
"Eduardo Antonio F";"443-010775-1-SC";"Ativa";"31/07/2007 14:56";"01/10/2026 23:48:04";"SC";"2026-10-01";"23:51:22"
"E Filho I";"021-027942-7-PA";"Ativa/Envio irregular";"10/09/2007 17:20";"03/03/2013 17:27:37";"PA";"2026-10-01";"23:51:22"
"E Filho II";"021-027486-7-PA";"Ativa/Envio irregular";"10/09/2007 17:37";"28/02/2013 14:13:51";"PA";"2026-10-01";"23:51:22"
"E Filho III";"021-028725-0-PA";"Ativa/Envio irregular";"28/09/2007 17:16";"03/11/2012 00:32:00";"PA";"2026-10-01";"23:51:22"
"ELAILTON";"161-005855-1-CE";"Ativa";"24/06/2015 15:00";"01/10/2026 23:34:13";"CE";"2026-10-01";"23:51:22"
"Elandio MJ /ex Itajuba BV";"443-048419-8-SC";"Ativa";"22/05/2015 15:36";"01/10/2026 23:48:24";"SC";"2026-10-01";"23:51:22"
"El Dorado";"401-011130-5-SP";"Ativa/Envio irregular";"07/07/2008 11:01";"07/06/2010 13:17:30";"SP";"2026-10-01";"23:51:22"
"ELDOURADO";"163-003876-8-CE";"Ativa";"24/06/2015 15:01";"01/10/2026 23:36:06";"CE";"2026-10-01";"23:51:22"
"Elias I";"242-009113-2-AL";"Ativa";"09/03/2015 11:55";"01/10/2026 23:49:41";"AL";"2026-10-01";"23:51:22"
"Elias JC";"163-004341-9-CE";"Ativa/Envio irregular";"10/12/2020 17:26";"19/12/2024 14:24:55";"CE";"2026-10-01";"23:51:22"
"Elias Seif";"443-008044-5-SC";"Ativa/Envio irregular";"04/08/2010 15:52";"19/09/2023 11:39:25";"SC";"2026-10-01";"23:51:22"
"ELINDOMAR";"181-004155-4-RN";"Ativa/Envio irregular";"09/03/2015 11:55";"25/03/2019 08:49:55";"RN";"2026-10-01";"23:51:22"
"Elisa - 0";"443-004640-9-SC";"Ativa/Envio irregular";"28/08/2012 10:12";"27/09/2012 14:27:02";"SC";"2026-10-01";"23:51:22"
"Elisabete Nereu / ex Primicia I";"443-011966-0-SC";"Ativa";"12/07/2010 10:15";"01/10/2026 23:39:49";"SC";"2026-10-01";"23:51:22"
"Elisa II";"401-012904-2-SP";"Ativa/Envio irregular";"13/06/2012 15:54";"14/06/2013 03:17:06";"SP";"2026-10-01";"23:51:22"
"ELISANGELA PEDRO";"162-000751-7-CE";"Ativa";"24/06/2015 15:01";"01/10/2026 23:48:12";"CE";"2026-10-01";"23:51:22"
"Elis I";"441-012405-6-SC";"Ativa";"06/02/2009 11:38";"01/10/2026 23:44:14";"SC";"2026-10-01";"23:51:22"
"ELIZABETE AM";"162-000728-2-CE";"Ativa/Envio irregular";"23/06/2026 11:43";"13/07/2026 10:24:57";"CE";"2026-10-01";"23:51:22"
"ELIZABETE II";"162-001348-7-CE";"Ativa";"09/05/2023 11:32";"01/10/2026 23:38:33";"CE";"2026-10-01";"23:51:22"
"ELIZABETH";"381-023040-5-RJ";"Ativa";"28/06/2007 17:13";"01/10/2026 23:43:41";"RJ";"2026-10-01";"23:51:22"
"ELIZANGELA ARLI";"163-003781-8-CE";"Ativa";"24/06/2015 15:01";"01/10/2026 23:48:19";"CE";"2026-10-01";"23:51:22"
"ELIZETE CRISTINA";"162-001797-1-CE";"Ativa/Envio irregular";"24/06/2015 15:02";"01/07/2015 16:36:45";"CE";"2026-10-01";"23:51:22"
"ELLEN M";"443-010192-2-SC";"Ativa";"09/07/2007 13:29";"01/10/2026 23:50:11";"SC";"2026-10-01";"23:51:22"
"Ell Shaday X";"182-005196-0-RN";"Ativa/Envio irregular";"25/02/2019 08:51";"19/09/2026 03:39:53";"RN";"2026-10-01";"23:51:22"
"ELOA BIANCHI";"182-005162-5-RN";"Ativa";"27/12/2019 11:34";"01/10/2026 23:45:02";"RN";"2026-10-01";"23:51:22"
"Elohim";"341-023848-4-ES";"Ativa";"20/08/2019 18:26";"01/10/2026 23:31:17";"ES";"2026-10-01";"23:51:22"
"ELOHIM";"293-002186-1-BA";"Desativada temporariamente";"17/10/2025 12:06";"03/09/2026 22:11:26";"BA";"2026-10-01";"23:51:22"
"ELOISA CRISTINA II";"181-005540-7-RN";"Ativa";"19/01/2026 12:31";"01/10/2026 23:37:44";"RN";"2026-10-01";"23:51:22"
"Elshaddai Jc";"163-004681-7-CE";"Ativa";"31/12/2019 10:07";"01/10/2026 23:44:42";"CE";"2026-10-01";"23:51:22"
"Emanuel C";"443-012105-2-SC";"Ativa";"15/04/2009 10:19";"01/10/2026 22:58:22";"SC";"2026-10-01";"23:51:22"
"Emanuel DC / Ex. Salvador Domingos";"443-007145-4-SC";"Ativa/Envio irregular";"04/09/2013 12:01";"22/01/2020 11:08:40";"SC";"2026-10-01";"23:51:22"
"Emanuel - I";"341-023134-0-ES";"Ativa";"13/07/2022 11:36";"01/10/2026 23:50:11";"ES";"2026-10-01";"23:51:22"
"Emanuelle II";"461-008643-3-RS";"Ativa";"12/08/2008 17:19";"01/10/2026 23:42:13";"RS";"2026-10-01";"23:51:22"
"Empecon I";"181-002231-2-RN";"Ativa/Envio irregular";"18/09/2017 08:44";"12/08/2019 10:29:55";"RN";"2026-10-01";"23:51:22"
"Empesca LXX";"021-022343-0-PA";"Ativa/Envio irregular";"14/12/2007 14:26";"31/03/2009 17:03:20";"PA";"2026-10-01";"23:51:22"
"Empesca X";"161-003415-5-CE";"Ativa/Envio irregular";"28/06/2007 17:14";"22/11/2010 10:04:47";"CE";"2026-10-01";"23:51:22"
"Empesca XL";"161-005031-2-CE";"Ativa/Envio irregular";"09/11/2007 10:07";"31/03/2009 17:04:19";"CE";"2026-10-01";"23:51:22"
"Empesca XVII";"181-003543-1-RN";"Ativa";"10/07/2007 13:10";"01/10/2026 23:48:09";"RN";"2026-10-01";"23:51:22"
"Empesca XX";"181-003544-9-RN";"Ativa";"28/06/2007 17:15";"01/10/2026 23:31:40";"RN";"2026-10-01";"23:51:22"
"Empesca XXIV";"161-003980-7-CE";"Ativa/Envio irregular";"13/12/2007 10:06";"31/03/2009 12:37:37";"CE";"2026-10-01";"23:51:22"
"Empesca XXX";"021-019134-1-PA";"Ativa/Envio irregular";"04/12/2007 17:31";"15/06/2022 18:23:04";"PA";"2026-10-01";"23:51:22"
"Eneliz";"161-005304-4-CE";"Ativa";"24/08/2007 09:41";"01/10/2026 23:36:00";"CE";"2026-10-01";"23:51:22"
"ENNZO AE";"162-000925-1-CE";"Ativa";"29/06/2023 12:01";"01/10/2026 23:45:32";"CE";"2026-10-01";"23:51:22"
"Enzo Gabriel";"182-005183-8-RN";"Ativa";"11/05/2020 09:36";"01/10/2026 23:39:03";"RN";"2026-10-01";"23:51:22"
"Enzo H I / Ex Da Hora";"161-005625-6-CE";"Ativa/Envio irregular";"06/05/2009 16:00";"09/12/2011 12:40:27";"CE";"2026-10-01";"23:51:22"
"ENZO RAFAEL";"163-004879-8-CE";"Ativa";"19/05/2026 11:24";"01/10/2026 23:32:51";"CE";"2026-10-01";"23:51:22"
"Epitácio I";"021-030913-0-PA";"Interrupção permanente";"28/09/2009 13:45";"31/05/2010 05:16:05";"PA";"2026-10-01";"23:51:22"
"ERICA";"162-001789-0-CE";"Ativa";"24/06/2015 15:02";"01/10/2026 23:50:49";"CE";"2026-10-01";"23:51:22"
"Erica 2";"161-006852-1-CE";"Ativa";"06/03/2020 13:25";"01/10/2026 23:40:00";"CE";"2026-10-01";"23:51:22"
"ERICA I";"201-007594-3-PB";"Ativa";"31/03/2015 11:20";"01/10/2026 23:35:28";"PB";"2026-10-01";"23:51:22"
"ERIKA";"161-005961-1-CE";"Ativa";"01/08/2023 11:48";"01/10/2026 23:48:58";"CE";"2026-10-01";"23:51:22"
"Erik Arthur";"341-023096-3-ES";"Ativa";"26/10/2018 16:23";"01/10/2026 23:45:25";"ES";"2026-10-01";"23:51:22"
"Eros CN";"401-018219-9-SP";"Ativa";"05/12/2007 11:32";"01/10/2026 23:47:34";"SP";"2026-10-01";"23:51:22"
"Escandieiro";"341-023463-2-ES";"Ativa";"16/03/2012 16:30";"01/10/2026 23:40:44";"ES";"2026-10-01";"23:51:22"
"ESPADA";"461-003703-3-RS";"Ativa/Envio irregular";"13/03/2013 15:57";"05/10/2022 08:37:50";"RS";"2026-10-01";"23:51:22"
"Espadarte";"401-078769-4-SP";"Ativa";"05/01/2012 10:54";"01/10/2026 23:44:20";"SP";"2026-10-01";"23:51:22"
"ESPARTAGOS";"141-011281-1-PI";"Ativa";"20/02/2020 10:21";"01/10/2026 23:45:16";"PI";"2026-10-01";"23:51:22"
"Espelho da Lua";"021-016820-0-PA";"Ativa/Envio irregular";"09/08/2007 14:41";"01/10/2026 18:08:37";"PA";"2026-10-01";"23:51:22"
"ESPERANCA II";"201-007733-4-PB";"Ativa";"31/03/2015 11:32";"01/10/2026 23:34:21";"PB";"2026-10-01";"23:51:22"
"Esperança IV";"021-030901-6-PA";"Ativa";"29/01/2014 16:04";"01/10/2026 23:47:45";"PA";"2026-10-01";"23:51:22"
"Esperança Nova II";"401-044966-7-SP";"Ativa/Envio irregular";"12/02/2010 18:04";"31/05/2010 15:34:17";"SP";"2026-10-01";"23:51:22"
"Esperança Nova VI";"401-058839-0-SP";"Ativa/Envio irregular";"07/07/2008 18:27";"16/10/2019 10:07:30";"SP";"2026-10-01";"23:51:22"
"Esperança V";"021-030902-4-PA";"Ativa";"07/08/2007 09:47";"01/10/2026 23:50:50";"PA";"2026-10-01";"23:51:22"
"Esperança X";"341-038859-1-ES";"Ativa";"16/04/2015 12:03";"01/10/2026 23:48:40";"ES";"2026-10-01";"23:51:22"
"Esperanza";"021-032171-7-PA";"Ativa/Envio irregular";"24/10/2011 09:29";"11/10/2019 16:43:27";"PA";"2026-10-01";"23:51:22"
"Estrela Azul";"381-007189-7-RJ";"Desativada temporariamente";"08/02/2008 15:18";"28/07/2012 12:35:12";"RJ";"2026-10-01";"23:51:22"
"ESTRELA BRANCA I";"161-006215-9-CE";"Ativa";"24/06/2015 15:03";"01/10/2026 23:38:53";"CE";"2026-10-01";"23:51:22"
"ESTRELA D ALVA";"162-000759-2-CE";"Ativa/Envio irregular";"30/06/2015 11:14";"01/07/2015 16:54:57";"CE";"2026-10-01";"23:51:22"
"Estrela Dalva II";"381-023660-8-RJ";"Ativa";"12/07/2007 17:56";"01/10/2026 23:43:57";"RJ";"2026-10-01";"23:51:22"
"Estrela de Israel";"441-008827-1-SC";"Ativa/Envio irregular";"19/11/2008 09:42";"08/06/2017 07:52:00";"SC";"2026-10-01";"23:51:22"
"Estrela de Israel C";"443-049133-0-SC";"Ativa";"08/06/2017 10:03";"01/10/2026 23:39:57";"SC";"2026-10-01";"23:51:22"
"Estrela de Kaly I";"443-012065-0-SC";"Ativa";"31/07/2008 09:28";"01/10/2026 23:46:37";"SC";"2026-10-01";"23:51:22"
"ESTRELA DE OURO I";"401-018981-9-SP";"Ativa";"25/02/2008 17:07";"01/10/2026 23:32:45";"SP";"2026-10-01";"23:51:22"
"Estrela de Ouro II";"401-055563-7-SP";"Ativa";"21/11/2011 13:56";"01/10/2026 23:33:11";"SP";"2026-10-01";"23:51:22"
"Estrela de Ouro / Vitoria V.E (1º Rastreameto)";"401-011438-0-SP";"Interrupção permanente";"25/06/2009 15:40";"28/06/2009 07:54:00";"SP";"2026-10-01";"23:51:22"
"ESTRELA DO AMANHA";"161-006213-2-CE";"Ativa/Envio irregular";"30/06/2015 11:09";"04/02/2022 09:40:39";"CE";"2026-10-01";"23:51:22"
"ESTRELA DO HORIZONTE";"443-010911-7-SC";"Ativa/Envio irregular";"04/07/2013 15:06";"03/06/2023 21:26:22";"SC";"2026-10-01";"23:51:22"
"Estrela do Horizonte V";"381-006872-1-RJ";"Ativa/Envio irregular";"02/12/2008 15:31";"29/09/2026 21:58:23";"RJ";"2026-10-01";"23:51:22"
"Estrela do Mar II";"441-009297-9-SC";"Ativa/Envio irregular";"20/02/2009 09:51";"25/09/2018 09:25:52";"SC";"2026-10-01";"23:51:22"
"Estrela do Mar III";"441-010067-0-SC";"Ativa/Envio irregular";"20/02/2009 10:06";"06/10/2024 07:45:11";"SC";"2026-10-01";"23:51:22"
"Estrela do Mar IV";"441-011622-3-SC";"Interrupção permanente";"29/05/2009 17:05";"21/08/2009 07:53:45";"SC";"2026-10-01";"23:51:22"
"Estrela do Mar VIII";"441-014512-6-SC";"Ativa";"20/01/2009 16:37";"01/10/2026 23:37:04";"SC";"2026-10-01";"23:51:22"
"Estrela Dourada";"443-009374-1-SC";"Ativa";"28/01/2008 16:23";"01/10/2026 23:39:57";"SC";"2026-10-01";"23:51:22"
"Estrela Guia CN";"401-021695-6-SP";"Desativada temporariamente";"27/09/2007 17:50";"11/09/2026 19:44:56";"SP";"2026-10-01";"23:51:22"
"ESTRELA GUIA FB";"163-003911-0-CE";"Ativa";"24/06/2015 15:03";"01/10/2026 23:45:04";"CE";"2026-10-01";"23:51:22"
"Estrela Guia MJ";"021-028813-2-RN";"Ativa";"26/11/2019 14:55";"01/10/2026 23:50:23";"RN";"2026-10-01";"23:51:22"
"Estrela Guia VII";"021-017670-9-PA";"Ativa/Envio irregular";"19/06/2007 10:31";"20/07/2022 10:45:21";"PA";"2026-10-01";"23:51:22"
"Estrela Guia XXX";"461-006537-1-SC";"Ativa/Envio irregular";"19/06/2017 10:21";"23/08/2018 08:47:20";"SC";"2026-10-01";"23:51:22"
"Estrela IV";"163-003753-2-CE";"Ativa/Envio irregular";"19/01/2011 15:37";"18/06/2016 08:06:52";"CE";"2026-10-01";"23:51:22"
"Estrelamar / ex Pedro João";"403-014656-2-SP";"Ativa/Envio irregular";"19/10/2009 14:55";"07/10/2021 15:26:34";"SP";"2026-10-01";"23:51:22"
"ESTUDANTE II";"201-005958-1-PB";"Ativa/Envio irregular";"31/03/2015 11:11";"22/06/2022 14:12:49";"PB";"2026-10-01";"23:51:22"
"ETERNA GRATIDÃO /ex JOSE LINDOLFO";"443-002755-2-SC";"Ativa/Envio irregular";"18/07/2019 18:17";"11/09/2026 13:35:46";"SC";"2026-10-01";"23:51:22"
"Eto";"021-023102-5-PA";"Ativa/Envio irregular";"18/05/2011 10:50";"19/06/2019 11:05:37";"PA";"2026-10-01";"23:51:22"
"EUCLIDES I";"161-003957-2-CE";"Ativa";"24/06/2015 15:04";"01/10/2026 23:44:48";"CE";"2026-10-01";"23:51:22"
"Eudes";"201-005784-8-PB";"Ativa/Envio irregular";"22/08/2017 12:40";"20/09/2019 15:58:42";"PB";"2026-10-01";"23:51:22"
"EU GALILEU";"163-004655-8-CE";"Ativa/Envio irregular";"14/02/2023 16:18";"18/12/2025 10:10:45";"CE";"2026-10-01";"23:51:22"
"EULYNDA";"161-005948-4-CE";"Ativa/Envio irregular";"24/06/2015 15:04";"30/09/2026 20:28:23";"CE";"2026-10-01";"23:51:22"
"Europa";"443-010237-6-SC";"Ativa/Envio irregular";"03/10/2007 15:49";"06/06/2026 05:32:39";"SC";"2026-10-01";"23:51:22"
"EVELINE";"162-001611-7-CE";"Ativa";"24/06/2015 15:05";"01/10/2026 23:36:23";"CE";"2026-10-01";"23:51:22"
"EVERESTE I";"341-023195-1-ES";"Ativa";"12/07/2023 10:37";"01/10/2026 23:50:33";"ES";"2026-10-01";"23:51:22"
"Everest II";"341-023484-5-ES";"Ativa/Envio irregular";"01/06/2020 14:57";"27/08/2026 15:10:44";"ES";"2026-10-01";"23:51:22"
"EVEREST III";"341-023730-5-ES";"Desativada temporariamente";"11/06/2026 11:28";"03/09/2026 08:33:24";"ES";"2026-10-01";"23:51:22"
"Everest V";"341-038678-5-ES";"Ativa";"06/06/2013 09:14";"01/10/2026 23:38:47";"ES";"2026-10-01";"23:51:22"
"Evertonbrenner";"341-023279-6-ES";"Ativa";"24/09/2018 11:56";"01/10/2026 23:37:55";"ES";"2026-10-01";"23:51:22"
"Evilazio II";"341-024060-8-ES";"Ativa/Envio irregular";"02/01/2020 18:38";"21/09/2026 10:36:19";"ES";"2026-10-01";"23:51:22"
"Evilazio III";"341-038462-6-ES";"Ativa";"13/07/2010 18:11";"01/10/2026 23:32:41";"ES";"2026-10-01";"23:51:22"
"EWERTON I";"162-001650-8-CE";"Ativa";"24/06/2015 14:42";"01/10/2026 23:48:44";"CE";"2026-10-01";"23:51:22"
"Expedito Neto";"021-029863-4-PA";"Ativa/Envio irregular";"17/12/2009 18:00";"25/06/2018 10:38:17";"PA";"2026-10-01";"23:51:22"
"FABIANA MOURA";"443-005795-8-SC";"Ativa";"02/05/2023 10:24";"01/10/2026 23:44:59";"SC";"2026-10-01";"23:51:22"
"FABIO COSTA I";"461-008629-8-RS";"Ativa";"24/10/2007 09:07";"01/10/2026 23:44:06";"RS";"2026-10-01";"23:51:22"
"Fabiola M";"341-023466-7-ES";"Ativa";"28/11/2017 08:05";"01/10/2026 23:37:25";"ES";"2026-10-01";"23:51:22"
"FABIO MARQUES I /  ex CAPRICHO III";"461-008635-2-RS";"Ativa";"22/11/2013 08:11";"01/10/2026 23:47:15";"RS";"2026-10-01";"23:51:22"
"Fabio Santos I /ex Cometa II";"461-009474-6-RS";"Ativa";"02/09/2013 16:16";"01/10/2026 23:40:56";"RS";"2026-10-01";"23:51:22"
"FAG I";"341-038955-5-ES";"Ativa";"09/10/2017 06:14";"01/10/2026 23:43:21";"ES";"2026-10-01";"23:51:22"
"FALCÃO XIX";"021-029129-0-PA";"Ativa";"04/05/2010 09:49";"01/10/2026 23:33:21";"PA";"2026-10-01";"23:51:22"
"Falcon I";"401-074582-7-SP";"Ativa/Envio irregular";"20/02/2008 10:22";"07/05/2016 08:25:30";"SP";"2026-10-01";"23:51:22"
"FAPESCA";"443-009156-1-SC";"Ativa";"13/10/2008 10:12";"01/10/2026 23:31:56";"SC";"2026-10-01";"23:51:22"
"Fatima";"293-002377-5-BA";"Ativa/Envio irregular";"07/08/2009 10:07";"27/10/2024 21:51:06";"BA";"2026-10-01";"23:51:22"
"FATIMA I";"293-002190-0-BA";"Ativa";"02/09/2025 12:13";"01/10/2026 23:42:08";"BA";"2026-10-01";"23:51:22"
"FATIMA II";"293-002099-7-BA";"Ativa";"27/03/2015 10:35";"01/10/2026 23:36:03";"BA";"2026-10-01";"23:51:22"
"Fátima III";"293-002094-6-BA";"Ativa";"28/08/2017 07:34";"01/10/2026 22:57:20";"BA";"2026-10-01";"23:51:22"
"Fatima IV";"293-002382-1-BA";"Ativa/Envio irregular";"21/03/2011 11:08";"19/07/2023 15:56:31";"BA";"2026-10-01";"23:51:22"
"Favaios";"181-E00174-8-RN";"Interrupção permanente";"26/02/2007 09:20";"";"RN";"2026-10-01";"23:51:22"
"FC. Magalhães VIII";"384-015874-5-RJ";"Ativa/Envio irregular";"01/04/2008 11:29";"23/07/2012 00:40:00";"RJ";"2026-10-01";"23:51:22"
"Fco Vasconcelos";"163-004828-3-CE";"Ativa";"09/12/2021 12:02";"01/10/2026 23:48:11";"CE";"2026-10-01";"23:51:22"
"FELIPE";"201-007560-9-PB";"Ativa";"24/06/2015 15:07";"01/10/2026 23:36:13";"PB";"2026-10-01";"23:51:22"
"Felipe Junior";"382-666867-7-RJ";"Ativa/Envio irregular";"01/06/2017 14:48";"20/06/2018 10:10:42";"RJ";"2026-10-01";"23:51:22"
"Felipe Junior - ex Luar de Itajurú";"384-004717-0-RJ";"Ativa/Envio irregular";"29/07/2009 17:34";"06/12/2020 02:55:17";"RJ";"2026-10-01";"23:51:22"
"Felipe Marques";"443-012322-5-SC";"Ativa";"12/11/2008 16:15";"01/10/2026 23:39:03";"SC";"2026-10-01";"23:51:22"
"Felipe Ribeiro";"021-029299-7-PA";"Ativa/Envio irregular";"29/05/2012 14:38";"20/06/2025 17:56:39";"PA";"2026-10-01";"23:51:22"
"Felippe Jorge";"443-010553-7-SC";"Ativa/Envio irregular";"20/06/2007 09:58";"18/10/2017 10:41:10";"SC";"2026-10-01";"23:51:22"
"FE NA PROVIDENCIA";"221-013089-1-PE";"Ativa/Envio irregular";"30/06/2015 10:42";"01/07/2015 17:05:50";"PE";"2026-10-01";"23:51:22"
"FÉ NA PROVIDENCIA II";"162-001944-2-CE";"Ativa";"24/10/2025 13:09";"01/10/2026 23:39:43";"CE";"2026-10-01";"23:51:22"
"FÉ NA PROVIDÊNCIA III";"181-005463-0-RN";"Desativada temporariamente";"26/01/2021 12:45";"09/07/2026 10:46:55";"RN";"2026-10-01";"23:51:22"
"FENIX 16 /ex GAUDI";"441-011642-8-SC";"Ativa";"15/03/2012 14:55";"01/10/2026 23:46:58";"SC";"2026-10-01";"23:51:22"
"Fenix Gonçalense V";"381-035848-7-RJ";"Ativa";"12/03/2010 09:26";"01/10/2026 23:31:08";"RJ";"2026-10-01";"23:51:22"
"FÊNIX X";"121-011254-0-MA";"Ativa";"07/05/2010 09:52";"01/10/2026 23:40:03";"MA";"2026-10-01";"23:51:22"
"Fenix X / Ex Nathalia";"443-009172-2-SC";"Interrupção permanente";"24/10/2007 14:00";"18/02/2013 19:54:37";"SC";"2026-10-01";"23:51:22"
"Fenix Z / ex Vô Chico III";"401-010991-2-SP";"Ativa";"04/10/2007 17:06";"01/10/2026 23:39:21";"SP";"2026-10-01";"23:51:22"
"Fernando MR";"162-002371-7-CE";"Ativa";"26/08/2021 10:33";"01/10/2026 23:35:36";"CE";"2026-10-01";"23:51:22"
"Ferpesca / ex Da Hora VIII";"441-012151-1-SC";"Ativa";"17/03/2008 09:28";"01/10/2026 23:34:29";"SC";"2026-10-01";"23:51:22"
"FERRARI";"293-002354-6-BA";"Ativa";"02/09/2025 11:39";"01/10/2026 23:30:11";"BA";"2026-10-01";"23:51:22"
"Ferreira II";"443-003717-5-SC";"Ativa/Envio irregular";"28/09/2012 17:07";"01/10/2012 10:16:25";"SC";"2026-10-01";"23:51:22"
"Ferreira III";"443-009178-1-SC";"Ativa/Envio irregular";"28/05/2007 15:44";"13/04/2020 14:57:22";"SC";"2026-10-01";"23:51:22"
"Ferreirão";"181-889397-5-RN";"Ativa";"19/05/2020 16:00";"01/10/2026 23:31:46";"RN";"2026-10-01";"23:51:22"
"Ferreira V";"443-005044-9-SC";"Ativa/Envio irregular";"13/06/2007 11:28";"07/08/2013 23:41:47";"SC";"2026-10-01";"23:51:22"
"Ferreira VI";"443-004896-7-SC";"Ativa/Envio irregular";"13/06/2007 11:33";"15/02/2016 12:27:35";"SC";"2026-10-01";"23:51:22"
"Ferreira VII";"443-006316-8-SC";"Ativa/Envio irregular";"13/06/2007 11:40";"08/06/2021 10:01:00";"SC";"2026-10-01";"23:51:22"
"Ferreira VIII";"443-006442-3-SC";"Ativa/Envio irregular";"13/06/2007 11:44";"07/08/2013 23:54:42";"SC";"2026-10-01";"23:51:22"
"Ferreira XIII";"443-007926-9-SC";"Ativa";"13/06/2007 17:51";"01/10/2026 23:37:24";"SC";"2026-10-01";"23:51:22"
"Ferreira XIV";"443-007927-7-SC";"Ativa";"14/06/2007 09:38";"01/10/2026 23:37:02";"SC";"2026-10-01";"23:51:22"
"FERREIRA XV";"443-007928-5-SC";"Ativa";"20/06/2007 10:36";"01/10/2026 23:39:07";"SC";"2026-10-01";"23:51:22"
"Ferreira XVI";"443-007929-3-SC";"Ativa/Envio irregular";"14/06/2007 10:08";"01/10/2026 15:59:42";"SC";"2026-10-01";"23:51:22"
"Ferreira XXI";"443-010345-3-SC";"Desativada temporariamente";"29/10/2007 16:45";"21/07/2026 19:35:20";"SC";"2026-10-01";"23:51:22"
"Ferreira XXII";"443-000190-1-SC";"Ativa/Envio irregular";"13/06/2007 09:08";"15/05/2009 23:03:40";"SC";"2026-10-01";"23:51:22"
"Ferreira XXIII";"443-009055-6-SC";"Ativa/Envio irregular";"13/06/2007 14:47";"13/05/2021 09:04:25";"SC";"2026-10-01";"23:51:22"
"Ferreira XXV";"443-011056-5-SC";"Ativa";"12/06/2007 11:33";"01/10/2026 23:39:46";"SC";"2026-10-01";"23:51:22"
"FERREIRA XXVI";"443-048022-2-SC";"Ativa";"10/07/2012 11:29";"01/10/2026 23:34:20";"SC";"2026-10-01";"23:51:22"
"FERREIRA XXVII";"443-048851-7-SC";"Ativa";"18/04/2016 05:43";"01/10/2026 23:33:26";"SC";"2026-10-01";"23:51:22"
"FERREIRA XXVIII";"443-012289-0-SC";"Ativa/Envio irregular";"28/07/2009 10:03";"22/12/2022 06:04:04";"SC";"2026-10-01";"23:51:22"
"Ferreiro";"443-006735-0-SC";"Ativa";"11/02/2008 16:33";"01/10/2026 23:40:38";"SC";"2026-10-01";"23:51:22"
"F F maia";"182-005192-7-CE";"Ativa";"29/04/2020 13:47";"01/10/2026 23:39:24";"CE";"2026-10-01";"23:51:22"
"Filho da Promessa C / ex Job Neto";"443-006335-4-SC";"Ativa/Envio irregular";"09/09/2008 09:26";"20/12/2024 02:45:23";"SC";"2026-10-01";"23:51:22"
"FILHO DO PAI";"163-004701-5-CE";"Ativa";"13/02/2020 18:13";"01/10/2026 23:32:27";"CE";"2026-10-01";"23:51:22"
"Filho do pai I";"021-102876-2-PA";"Ativa";"05/03/2020 08:52";"01/10/2026 23:47:23";"PA";"2026-10-01";"23:51:22"
"FILIAL DO MAR II";"282-008340-4-BA";"Ativa/Envio irregular";"27/03/2015 10:38";"01/07/2015 16:50:30";"BA";"2026-10-01";"23:51:22"
"FILIAL DO MAR IV";"282-008167-3-BA";"Ativa/Envio irregular";"16/07/2015 17:42";"";"BA";"2026-10-01";"23:51:22"
"Filial do Mar VI";"282-005570-2-BA";"Ativa/Envio irregular";"27/03/2015 10:42";"01/07/2015 16:49:55";"BA";"2026-10-01";"23:51:22"
"Filipe II";"341-014839-6-ES";"Ativa/Envio irregular";"15/05/2008 17:50";"04/08/2022 04:51:06";"ES";"2026-10-01";"23:51:22"
"Flamingo";"241-015348-8-AL";"Ativa/Envio irregular";"24/06/2015 15:08";"";"AL";"2026-10-01";"23:51:22"
"Flavia Monteiro / ex Porto Principe";"401-015113-7-SP";"Ativa";"02/07/2012 15:04";"01/10/2026 23:35:00";"SP";"2026-10-01";"23:51:22"
"FLAVINI III";"341-014440-4-ES";"Ativa/Envio irregular";"28/03/2025 15:40";"01/10/2026 22:17:05";"ES";"2026-10-01";"23:51:22"
"FLIPPER III";"161-005282-0-CE";"Ativa/Envio irregular";"24/06/2015 15:08";"01/07/2015 16:28:32";"CE";"2026-10-01";"23:51:22"
"Flipper III N";"381-031739-0-RJ";"Ativa/Envio irregular";"23/08/2007 17:21";"11/10/2024 16:03:25";"RJ";"2026-10-01";"23:51:22"
"Flipper IV N";"341-010320-1-ES";"Ativa/Envio irregular";"23/08/2007 17:43";"09/06/2024 23:26:14";"ES";"2026-10-01";"23:51:22"
"Flipper IX";"443-009589-2-SC";"Ativa";"08/10/2007 15:50";"01/10/2026 23:34:36";"SC";"2026-10-01";"23:51:22"
"Flipper VII";"461-009654-4-RS";"Ativa";"29/08/2007 15:42";"01/10/2026 23:42:17";"RS";"2026-10-01";"23:51:22"
"Flipper VI N";"441-014909-1-SC";"Ativa";"22/02/2008 15:24";"01/10/2026 23:32:54";"SC";"2026-10-01";"23:51:22"
"Flipper V N";"443-008557-9-SC";"Ativa";"22/02/2008 15:01";"01/10/2026 23:36:13";"SC";"2026-10-01";"23:51:22"
"Flipper X";"443-009590-6-SC";"Ativa";"08/10/2007 16:02";"01/10/2026 23:32:01";"SC";"2026-10-01";"23:51:22"
"Flipper XII";"341-013687-8-ES";"Ativa";"29/08/2007 16:03";"01/10/2026 23:31:55";"ES";"2026-10-01";"23:51:22"
"Flipper XIII";"441-013817-1-SC";"Interrupção permanente";"29/08/2007 08:48";"10/08/2008 17:22:16";"SC";"2026-10-01";"23:51:22"
"Flora Pesca I / Ex Orion I";"021-018575-9-PA";"Ativa";"15/01/2009 17:53";"01/10/2026 21:01:04";"PA";"2026-10-01";"23:51:22"
"Flor do Oriente";"443-048048-6-SC";"Ativa";"20/05/2013 17:22";"01/10/2026 23:40:51";"SC";"2026-10-01";"23:51:22"
"Floripa EJ  /ex Ponta da Prainha";"443-011363-7-SC";"Ativa";"12/09/2007 17:30";"01/10/2026 23:44:16";"SC";"2026-10-01";"23:51:22"
"FLORIPA EJ I";"401-030758-7-SP";"Ativa";"09/10/2007 16:32";"01/10/2026 23:31:34";"SP";"2026-10-01";"23:51:22"
"FLORIPA JSL";"443-011953-8-SC";"Ativa";"13/10/2008 16:10";"01/10/2026 23:34:17";"SC";"2026-10-01";"23:51:22"
"Floripa SL 3";"443-048027-3-SC";"Ativa";"17/07/2012 15:55";"01/10/2026 23:38:47";"SC";"2026-10-01";"23:51:22"
"Fonte Boa I";"161-005693-1-CE";"Ativa";"25/03/2010 10:24";"01/10/2026 23:50:05";"CE";"2026-10-01";"23:51:22"
"FONTE BOA II";"381-049647-2-RJ";"Ativa";"06/02/2009 10:38";"01/10/2026 23:32:11";"RJ";"2026-10-01";"23:51:22"
"FORÇA DAS ÁGUAS";"281-024573-8-BA";"Ativa";"27/03/2015 10:42";"01/10/2026 23:45:22";"BA";"2026-10-01";"23:51:22"
"Força Maior";"293-002395-3-BA";"Ativa/Envio irregular";"25/10/2011 09:42";"18/08/2022 02:31:02";"BA";"2026-10-01";"23:51:22"
"Força Maior I";"293-002434-8-BA";"Ativa";"25/10/2011 09:42";"01/10/2026 23:37:11";"BA";"2026-10-01";"23:51:22"
"Fort IX";"443-005452-5-SC";"Ativa";"31/07/2007 15:27";"01/10/2026 23:51:09";"SC";"2026-10-01";"23:51:22"
"Fort V";"221-009486-1-PE";"Ativa/Envio irregular";"19/07/2007 17:22";"30/11/2012 14:50:15";"PE";"2026-10-01";"23:51:22"
"Fort VI";"021-016781-5-PA";"Ativa";"19/07/2007 17:20";"01/10/2026 23:07:16";"PA";"2026-10-01";"23:51:22"
"Fort VII (1º Rastreamento)";"401-007220-2-SP";"Interrupção permanente";"09/08/2007 14:47";"07/01/2009 10:54:59";"SP";"2026-10-01";"23:51:22"
"Fort XI (1º Rastreamento)";"401-007171-1-SP";"Interrupção permanente";"24/07/2007 11:34";"07/01/2009 10:22:49";"SP";"2026-10-01";"23:51:22"
"Fort XI (2º Rastreamento)";"403-007171-6-SP";"Ativa";"07/01/2009 11:02";"01/10/2026 23:34:38";"SP";"2026-10-01";"23:51:22"
"Fort XII";"021-022850-4-PA";"Ativa/Envio irregular";"19/07/2007 17:20";"07/09/2012 20:25:31";"PA";"2026-10-01";"23:51:22"
"Fort XIV";"221-010467-0-PE";"Ativa/Envio irregular";"19/07/2007 17:19";"24/09/2012 23:15:02";"PE";"2026-10-01";"23:51:22"
"Fort XIX";"221-010300-2-PE";"Ativa";"12/12/2012 17:32";"01/10/2026 23:49:53";"PE";"2026-10-01";"23:51:22"
"Fort XVI";"161-005423-7-CE";"Ativa/Envio irregular";"24/07/2007 10:46";"30/11/2012 15:25:45";"CE";"2026-10-01";"23:51:22"
"Fort XVIII";"221-009856-4-PE";"Ativa";"12/12/2012 16:17";"01/10/2026 23:35:48";"PE";"2026-10-01";"23:51:22"
"Fort XX";"021-016830-7-PA";"Interrupção permanente";"24/07/2007 09:59";"06/06/2011 04:57:42";"PA";"2026-10-01";"23:51:22"
"Fort XXI";"021-016546-4-PA";"Interrupção permanente";"24/07/2007 10:12";"08/06/2011 14:52:10";"PA";"2026-10-01";"23:51:22"
"Fort XXIII";"161-005679-5-CE";"Ativa/Envio irregular";"09/08/2007 15:48";"27/01/2012 14:57:47";"CE";"2026-10-01";"23:51:22"
"Fort XXIV";"161-005678-7-CE";"Ativa/Envio irregular";"09/08/2007 17:39";"22/11/2022 11:24:25";"CE";"2026-10-01";"23:51:22"
"F PESCA I";"182-001164-0-RN";"Ativa/Envio irregular";"24/06/2015 15:05";"19/03/2025 10:43:03";"RN";"2026-10-01";"23:51:22"
"F PESCA II";"161-005521-7-CE";"Ativa/Envio irregular";"24/06/2015 15:06";"01/07/2015 16:16:02";"CE";"2026-10-01";"23:51:22"
"F PESCA IV";"161-005923-9-CE";"Ativa";"16/07/2015 17:41";"01/10/2026 23:42:20";"CE";"2026-10-01";"23:51:22"
"FRAJOLA";"161-003201-2-CE";"Ativa/Envio irregular";"24/06/2015 15:12";"01/07/2015 17:02:55";"CE";"2026-10-01";"23:51:22"
"Frajolas";"161-003801-1-CE";"Ativa";"03/09/2007 17:26";"01/10/2026 23:46:58";"CE";"2026-10-01";"23:51:22"
"FRANCI";"161-006051-2-CE";"Ativa/Envio irregular";"24/06/2015 15:12";"01/07/2015 16:18:02";"CE";"2026-10-01";"23:51:22"
"FRANCISCO DE ASSIS II";"162-000800-9-CE";"Ativa";"01/04/2015 09:46";"01/10/2026 23:37:43";"CE";"2026-10-01";"23:51:22"
"FRANCISCO FABIO";"162-001655-9-CE";"Ativa/Envio irregular";"24/06/2015 15:13";"";"CE";"2026-10-01";"23:51:22"
"FRANCISCO FABIO II";"141-010846-5-PI";"Ativa";"16/07/2015 17:45";"01/10/2026 23:04:42";"PI";"2026-10-01";"23:51:22"
"FRANCISCO FILHO";"183-005055-9-PI";"Ativa";"24/06/2015 15:14";"01/10/2026 23:32:42";"PI";"2026-10-01";"23:51:22"
"Franzese I";"401-014850-1-SP";"Ativa/Envio irregular";"28/06/2007 17:18";"29/09/2018 00:44:10";"SP";"2026-10-01";"23:51:22"
"Franzese II";"381-022454-5-RJ";"Ativa/Envio irregular";"22/06/2007 09:41";"18/06/2026 20:31:22";"RJ";"2026-10-01";"23:51:22"
"Franzese III";"401-074558-4-SP";"Ativa/Envio irregular";"24/01/2008 15:30";"13/09/2022 07:23:06";"SP";"2026-10-01";"23:51:22"
"Franzese IV";"161-004888-1-CE";"Ativa";"12/03/2010 09:39";"01/10/2026 23:37:14";"CE";"2026-10-01";"23:51:22"
"Franzese IX";"443-004860-6-SC";"Ativa";"22/06/2007 09:49";"01/10/2026 23:32:50";"SC";"2026-10-01";"23:51:22"
"Franzese V";"161-004403-7-CE";"Ativa/Envio irregular";"10/03/2010 16:14";"31/01/2026 10:58:38";"CE";"2026-10-01";"23:51:22"
"Franzese VI";"161-004402-9-CE";"Ativa";"14/06/2007 15:19";"01/10/2026 23:46:57";"CE";"2026-10-01";"23:51:22"
"Franzese VII";"401-071691-6-SP";"Ativa";"20/06/2007 09:40";"01/10/2026 23:35:34";"SP";"2026-10-01";"23:51:22"
"Franzese VIII";"401-074557-6-SP";"Ativa";"06/07/2007 15:41";"01/10/2026 23:33:47";"SP";"2026-10-01";"23:51:22"
"Franzese X";"443-004859-2-SC";"Ativa";"22/06/2007 09:00";"01/10/2026 23:50:32";"SC";"2026-10-01";"23:51:22"
"FREI DAMIAO";"162-001238-3-CE";"Ativa/Envio irregular";"30/06/2015 11:08";"";"CE";"2026-10-01";"23:51:22"
"Fruto da Fe";"341-038572-0-ES";"Ativa";"23/01/2013 11:50";"01/10/2026 23:32:17";"ES";"2026-10-01";"23:51:22"
"FS";"021-099031-7-PA";"Ativa/Envio irregular";"25/05/2011 17:34";"25/10/2019 17:06:15";"PA";"2026-10-01";"23:51:22"
"Funelli";"443-007808-4-SC";"Ativa/Envio irregular";"17/06/2010 17:16";"15/01/2026 19:05:59";"SC";"2026-10-01";"23:51:22"
"FUNG LY";"401-023673-6-SP";"Ativa/Envio irregular";"22/07/2009 11:36";"27/09/2021 11:10:20";"SP";"2026-10-01";"23:51:22"
"FZ Maia";"182-005198-6-RN";"Ativa/Envio irregular";"29/04/2020 13:41";"01/10/2026 15:30:53";"RN";"2026-10-01";"23:51:22"
"Gabriel C";"443-011458-7-SC";"Ativa";"27/12/2007 11:01";"01/10/2026 23:43:57";"SC";"2026-10-01";"23:51:22"
"Gabriel C / ex Viviane C / Ex Mar Cristalino";"382-010055-5-RJ";"Ativa";"01/04/2008 11:18";"01/10/2026 23:35:41";"RJ";"2026-10-01";"23:51:22"
"GABRIEL F / EX MAGALHAES SILVA XIV";"381-022490-1-RJ";"Ativa";"24/11/2008 10:47";"01/10/2026 23:35:02";"RJ";"2026-10-01";"23:51:22"
"Gabriel G";"441-009879-9-SC";"Ativa/Envio irregular";"19/05/2015 18:06";"28/04/2019 09:24:45";"SC";"2026-10-01";"23:51:22"
"Gabriel G I";"443-049729-0-SC";"Ativa";"26/01/2021 09:34";"01/10/2026 23:47:16";"SC";"2026-10-01";"23:51:22"
"GABRIEL G II";"443-011057-3-SC";"Ativa";"30/04/2009 16:27";"01/10/2026 23:35:35";"SC";"2026-10-01";"23:51:22"
"Gabriel H";"163-004561-6-CE";"Ativa/Envio irregular";"11/01/2021 10:03";"12/09/2026 18:44:55";"CE";"2026-10-01";"23:51:22"
"Gabriel H II";"163-004867-4-CE";"Ativa";"09/12/2021 12:20";"01/10/2026 23:35:44";"CE";"2026-10-01";"23:51:22"
"GABRIEL H II";"182-001100-3-CE";"Ativa";"30/06/2015 10:52";"01/10/2026 23:32:30";"CE";"2026-10-01";"23:51:22"
"GABRIEL H III /ex JOÃO SABINO I";"163-004781-3-CE";"Ativa";"02/03/2020 11:04";"01/10/2026 23:33:59";"CE";"2026-10-01";"23:51:22"
"Gabriel P";"443-010333-0-SC";"Ativa/Envio irregular";"25/09/2009 16:56";"30/09/2026 13:34:13";"SC";"2026-10-01";"23:51:22"
"Gabriel Pesca";"181-889432-7-RN";"Ativa";"03/09/2020 10:45";"01/10/2026 23:43:54";"RN";"2026-10-01";"23:51:22"
"GABRIELZÃO";"163-004670-1-CE";"Ativa";"20/01/2023 15:54";"01/10/2026 23:43:12";"CE";"2026-10-01";"23:51:22"
"GAIVOTA I";"293-006420-0-BA";"Ativa/Envio irregular";"18/11/2025 10:35";"01/10/2026 03:58:04";"BA";"2026-10-01";"23:51:22"
"GAIVOTA III";"221-014752-2-PE";"Ativa";"07/05/2010 09:54";"01/10/2026 23:41:07";"PE";"2026-10-01";"23:51:22"
"Galera";"161-002972-1-CE";"Ativa";"14/05/2010 15:44";"01/10/2026 23:44:31";"CE";"2026-10-01";"23:51:22"
"Galileu S / ex Santana II";"443-008152-2-SC";"Ativa/Envio irregular";"08/08/2016 07:12";"16/03/2024 17:03:25";"SC";"2026-10-01";"23:51:22"
"Galo Vencedor";"443-004686-7-SC";"Ativa";"05/10/2007 16:31";"01/10/2026 23:37:43";"SC";"2026-10-01";"23:51:22"
"Galo Vencedor II /ex Primavera XXI";"401-044715-0-SP";"Ativa";"11/06/2007 16:46";"01/10/2026 23:37:15";"SP";"2026-10-01";"23:51:22"
"Galo Vencedor III /ex Primavera XXII";"401-044714-1-SP";"Ativa";"13/06/2007 17:26";"01/10/2026 23:35:17";"SP";"2026-10-01";"23:51:22"
"Garcia Lorca";"381-020500-1-RJ";"Ativa/Envio irregular";"14/09/2011 08:36";"22/09/2019 19:11:40";"RJ";"2026-10-01";"23:51:22"
"Garopão I / ex Fenix Gonçalense";"381-023396-0-RJ";"Ativa";"18/03/2010 12:15";"01/10/2026 23:40:29";"RJ";"2026-10-01";"23:51:22"
"Garopão II / ex Vô Adhemar";"381-033962-8-RJ";"Ativa";"18/06/2010 10:56";"01/10/2026 23:33:19";"RJ";"2026-10-01";"23:51:22"
"Garota Linda";"401-041596-7-SP";"Ativa";"29/06/2007 10:56";"01/10/2026 23:39:35";"SP";"2026-10-01";"23:51:22"
"Garoupa";"021-028201-1-PA";"Ativa";"12/05/2010 16:09";"01/10/2026 23:40:43";"PA";"2026-10-01";"23:51:22"
"Garoupa III";"021-028659-8-PA";"Ativa";"11/05/2010 10:00";"01/10/2026 23:34:07";"PA";"2026-10-01";"23:51:22"
"GAROUPA IV";"021-028202-9-PA";"Ativa";"06/09/2024 16:35";"01/10/2026 23:45:25";"PA";"2026-10-01";"23:51:22"
"Garoupa V";"021-029680-1-PA";"Ativa";"16/06/2010 17:13";"01/10/2026 23:49:57";"PA";"2026-10-01";"23:51:22"
"Garoupa VI";"021-028620-2-PA";"Ativa";"01/10/2012 14:52";"01/10/2026 23:47:34";"PA";"2026-10-01";"23:51:22"
"Gato Preto  SS";"443-009136-6-SC";"Ativa/Envio irregular";"08/10/2013 11:01";"11/01/2021 15:09:40";"SC";"2026-10-01";"23:51:22"
"GATURAMA";"443-051047-4-SC";"Ativa";"17/09/2026 10:40";"01/10/2026 23:37:52";"SC";"2026-10-01";"23:51:22"
"GATURAMA I";"443-011220-7-SC";"Desativada temporariamente";"23/07/2013 10:50";"15/09/2026 19:39:25";"SC";"2026-10-01";"23:51:22"
"GATURAMA II";"443-007143-8-SC";"Ativa";"27/07/2007 16:56";"01/10/2026 23:41:41";"SC";"2026-10-01";"23:51:22"
"Gaules";"443-008388-6-RS";"Ativa/Envio irregular";"20/08/2020 11:31";"06/06/2025 03:05:33";"RS";"2026-10-01";"23:51:22"
"Gavião Pescador I";"441-046098-6-SC";"Ativa";"06/02/2009 17:30";"01/10/2026 23:49:02";"SC";"2026-10-01";"23:51:22"
"Gavião Pescador III / ex Aurart";"443-047430-3-SC";"Ativa";"26/01/2010 10:46";"01/10/2026 23:36:50";"SC";"2026-10-01";"23:51:22"
"GAVIÃO VI";"221-014377-2-PE";"Ativa";"07/05/2010 10:03";"01/10/2026 23:47:12";"PE";"2026-10-01";"23:51:22"
"GEISIVANDO";"161-006099-7-CE";"Ativa";"30/06/2015 11:08";"01/10/2026 23:48:59";"CE";"2026-10-01";"23:51:22"
"Geleira Ajuruteua / Ex Gesse Filho";"021-028404-8-PA";"Ativa";"12/05/2010 17:14";"01/10/2026 23:47:39";"PA";"2026-10-01";"23:51:22"
"Geleira Ajuruteua II";"021-030213-5-PA";"Ativa";"30/08/2013 17:52";"01/10/2026 23:41:32";"PA";"2026-10-01";"23:51:22"
"Geleira Ajuruteua III";"021-030633-5-PA";"Ativa";"06/07/2010 15:22";"01/10/2026 23:33:32";"PA";"2026-10-01";"23:51:22"
"GELEIRA AJURUTEUA IV /ex Irmão Correia";"021-026683-0-PA";"Ativa";"08/06/2015 09:57";"01/10/2026 23:39:05";"PA";"2026-10-01";"23:51:22"
"Geleira Ajuruteua IX / ex Eduardo III";"021-028205-3-PA";"Ativa";"16/02/2011 10:32";"01/10/2026 23:42:21";"PA";"2026-10-01";"23:51:22"
"Geleira Ajuruteua VI";"021-029311-0-PA";"Ativa";"03/05/2010 10:08";"01/10/2026 23:40:45";"PA";"2026-10-01";"23:51:22"
"Geleira Ajuruteua VII / ex Patricia III";"161-005556-0-CE";"Ativa";"12/07/2010 10:54";"01/10/2026 23:33:26";"CE";"2026-10-01";"23:51:22"
"Geleira Ajuruteua VIII / ex Juany I";"021-030592-4-PA";"Ativa";"19/04/2011 12:43";"01/10/2026 23:40:25";"PA";"2026-10-01";"23:51:22"
"General Vargas III";"382-011557-9-RJ";"Ativa/Envio irregular";"10/03/2008 10:51";"24/01/2024 22:26:35";"RJ";"2026-10-01";"23:51:22"
"GENESIS V";"461-009015-5-RS";"Ativa";"22/07/2015 09:38";"01/10/2026 23:41:41";"RS";"2026-10-01";"23:51:22"
"GEOVANE HENRIQUE - I";"141-011008-7-PI";"Ativa/Envio irregular";"16/07/2015 17:47";"18/12/2025 10:07:09";"PI";"2026-10-01";"23:51:22"
"GERMANO";"161-005008-8-CE";"Ativa";"08/07/2026 10:56";"01/10/2026 23:47:48";"CE";"2026-10-01";"23:51:22"
"Gesse Filho II";"021-028815-9-PA";"Ativa";"02/06/2010 12:05";"01/10/2026 23:33:37";"PA";"2026-10-01";"23:51:22"
"Gesse Filho V";"021-029548-1-PA";"Ativa";"13/05/2010 15:44";"01/10/2026 23:37:22";"PA";"2026-10-01";"23:51:22"
"Gessiva I";"021-029747-6-PA";"Ativa";"14/06/2010 11:53";"01/10/2026 23:40:23";"PA";"2026-10-01";"23:51:22"
"Ghandhi";"181-E00170-5-RN";"Ativa/Envio irregular";"22/02/2007 16:35";"";"RN";"2026-10-01";"23:51:22"
"GIDEAO";"161-003121-1-CE";"Ativa";"18/11/2024 13:09";"01/10/2026 23:41:12";"CE";"2026-10-01";"23:51:22"
"Gideões";"341-023821-2-ES";"Ativa/Envio irregular";"29/05/2018 08:36";"09/09/2026 09:07:13";"ES";"2026-10-01";"23:51:22"
"GILBERTO";"163-001647-1-CE";"Ativa";"24/06/2015 15:15";"01/10/2026 23:49:14";"CE";"2026-10-01";"23:51:22"
"GILDEMBERG";"161-003698-1-CE";"Ativa";"24/06/2015 15:41";"01/10/2026 23:50:50";"CE";"2026-10-01";"23:51:22"
"GILIANE";"162-001786-5-CE";"Ativa/Envio irregular";"30/06/2015 11:30";"01/07/2015 16:21:52";"CE";"2026-10-01";"23:51:22"
"GILVAN PESCADOS";"162-001166-2-CE";"Ativa";"30/06/2023 15:40";"01/10/2026 23:00:29";"CE";"2026-10-01";"23:51:22"
"GILVAN PESCADOS IV";"141-011184-9-PI";"Ativa/Envio irregular";"15/05/2023 09:17";"25/09/2026 11:07:57";"PI";"2026-10-01";"23:51:22"
"GILVAN PESCADOS IX";"163-004816-0-CE";"Ativa";"31/03/2021 11:47";"01/10/2026 23:39:46";"CE";"2026-10-01";"23:51:22"
"Gilvan Pescados VI";"163-004750-3-CE";"Ativa";"11/03/2020 10:08";"01/10/2026 23:46:28";"CE";"2026-10-01";"23:51:22"
"Gilvan Pescados VII";"021-103108-9-PA";"Ativa";"30/08/2021 10:47";"01/10/2026 23:14:14";"PA";"2026-10-01";"23:51:22"
"GIOVANA CECILIA G";"461-152260-1-RS";"Ativa";"18/08/2023 13:53";"01/10/2026 23:34:17";"RS";"2026-10-01";"23:51:22"
"GIOVANA CECILIA S";"443-011111-1-SC";"Desativada temporariamente";"11/06/2007 14:20";"14/05/2026 18:37:39";"SC";"2026-10-01";"23:51:22"
"Giovana Neves";"161-005883-6-CE";"Ativa";"28/04/2023 10:21";"01/10/2026 23:50:05";"CE";"2026-10-01";"23:51:22"
"Gladiador II";"341-038809-5-ES";"Ativa";"20/11/2020 11:49";"01/10/2026 23:38:08";"ES";"2026-10-01";"23:51:22"
"Gladiador X";"443-005773-7-SC";"Ativa";"05/02/2013 10:31";"01/10/2026 23:45:13";"SC";"2026-10-01";"23:51:22"
"GLOBO MAR";"162-000641-3-CE";"Ativa/Envio irregular";"24/06/2015 15:50";"01/07/2015 16:46:55";"CE";"2026-10-01";"23:51:22"
"GLORIOSO I";"443-007971-4-SC";"Desativada temporariamente";"05/03/2013 10:47";"16/09/2026 19:41:28";"SC";"2026-10-01";"23:51:22"
"Glorioso S / Ex Caty";"443-009051-3-SC";"Ativa";"26/02/2013 09:32";"01/10/2026 23:34:44";"SC";"2026-10-01";"23:51:22"
"G MARTINS";"161-005191-2-CE";"Ativa";"24/06/2015 15:15";"01/10/2026 23:34:22";"CE";"2026-10-01";"23:51:22"
"GOLDEN EAGLE X";"021-022703-6-PA";"Ativa/Envio irregular";"11/10/2012 17:07";"17/03/2022 15:16:08";"PA";"2026-10-01";"23:51:22"
"Goldfish";"021-030671-8-PA";"Ativa";"01/03/2011 11:48";"01/10/2026 23:33:48";"PA";"2026-10-01";"23:51:22"
"Goldfish I";"021-030672-6-PA";"Ativa";"11/02/2011 12:48";"01/10/2026 23:37:49";"PA";"2026-10-01";"23:51:22"
"Gold Fish II";"021-030674-2-PA";"Ativa";"28/01/2011 16:37";"01/10/2026 23:44:35";"PA";"2026-10-01";"23:51:22"
"Goldfish III";"021-030670-0-PA";"Ativa";"18/05/2011 16:56";"01/10/2026 23:50:22";"PA";"2026-10-01";"23:51:22"
"GOLDFISH IV";"021-101185-1-PA";"Ativa";"11/05/2026 10:19";"01/10/2026 23:48:28";"PA";"2026-10-01";"23:51:22"
"Golfinho - GA";"021-029411-6-PA";"Ativa/Envio irregular";"31/01/2012 16:07";"22/07/2012 12:34:25";"PA";"2026-10-01";"23:51:22"
"GOLFO PÉRSICO";"201-007956-6-PB";"Ativa/Envio irregular";"19/06/2026 16:08";"22/07/2026 11:53:56";"PB";"2026-10-01";"23:51:22"
"Golfo Pesca III";"382-009596-9-RJ";"Ativa/Envio irregular";"09/10/2009 15:36";"";"RJ";"2026-10-01";"23:51:22"
"Golfo Pesca V";"443-047795-7-SC";"Ativa/Envio irregular";"02/10/2012 16:22";"17/08/2023 10:18:19";"SC";"2026-10-01";"23:51:22"
"Golf Ville";"163-004609-4-CE";"Ativa";"18/12/2020 09:53";"01/10/2026 23:34:51";"CE";"2026-10-01";"23:51:22"
"Gonçalves Junior";"021-028664-4-PA";"Ativa/Envio irregular";"21/09/2011 15:10";"08/02/2012 13:13:25";"PA";"2026-10-01";"23:51:22"
"GOSPEON";"342-005149-2-ES";"Ativa";"23/04/2025 15:36";"01/10/2026 23:33:28";"ES";"2026-10-01";"23:51:22"
"Gospeon III";"341-038666-1-ES";"Desativada temporariamente";"29/03/2012 16:02";"02/07/2026 08:13:58";"ES";"2026-10-01";"23:51:22"
"Gouvea";"021-098798-7-PA";"Ativa/Envio irregular";"26/09/2012 17:48";"25/06/2018 17:23:35";"PA";"2026-10-01";"23:51:22"
"Gouvea II";"021-098709-0-PA";"Ativa/Envio irregular";"13/01/2012 10:06";"17/09/2018 07:21:32";"PA";"2026-10-01";"23:51:22"
"Gouveia Junior";"021-026018-1-PA";"Ativa/Envio irregular";"30/05/2011 11:19";"23/08/2017 09:37:25";"PA";"2026-10-01";"23:51:22"
"Governador Eurico Rezende";"341-010890-4-ES";"Ativa/Envio irregular";"12/04/2012 17:39";"23/07/2013 09:05:05";"ES";"2026-10-01";"23:51:22"
"Graça e Luz";"341-038668-8-ES";"Ativa";"29/03/2012 15:51";"01/10/2026 23:32:22";"ES";"2026-10-01";"23:51:22"
"GRAÇA E LUZ I";"341-023311-3-ES";"Ativa";"31/08/2026 10:19";"01/10/2026 23:39:15";"ES";"2026-10-01";"23:51:22"
"Grande Rio";"461-007185-1-RS";"Ativa/Envio irregular";"06/10/2009 11:21";"18/11/2014 15:10:10";"RS";"2026-10-01";"23:51:22"
"Grande Rio II";"461-007234-3-RS";"Ativa";"18/03/2016 10:02";"01/10/2026 23:48:48";"RS";"2026-10-01";"23:51:22"
"Grande Rio IX";"461-010356-7-RS";"Ativa";"30/07/2009 17:00";"01/10/2026 23:41:47";"RS";"2026-10-01";"23:51:22"
"Grande Rio VI";"461-007320-0-RS";"Ativa/Envio irregular";"06/08/2007 09:49";"07/01/2013 12:20:53";"RS";"2026-10-01";"23:51:22"
"Grande Rio VII";"461-009618-8-RS";"Ativa";"06/08/2007 09:44";"01/10/2026 23:43:11";"RS";"2026-10-01";"23:51:22"
"Grande Rio VIII";"461-009619-6-RS";"Ativa";"06/08/2007 09:38";"01/10/2026 23:40:17";"RS";"2026-10-01";"23:51:22"
"GRAN MAR";"401-058854-3-SP";"Ativa";"14/08/2012 16:06";"01/10/2026 23:37:24";"SP";"2026-10-01";"23:51:22"
"Gran Ventura / ex Trimar IX";"401-044960-8-SP";"Ativa";"21/06/2007 15:57";"01/10/2026 23:48:29";"SP";"2026-10-01";"23:51:22"
"GRASSI";"341-023080-7-ES";"Ativa/Envio irregular";"24/09/2024 12:19";"17/04/2025 10:35:13";"ES";"2026-10-01";"23:51:22"
"GRATIDÃO ETERNA";"401-018982-7-SP";"Ativa";"13/11/2007 18:11";"01/10/2026 23:47:51";"SP";"2026-10-01";"23:51:22"
"GREEN I";"161-003275-6-CE";"Ativa";"24/06/2015 15:51";"01/10/2026 23:46:55";"CE";"2026-10-01";"23:51:22"
"Guadalajara";"443-049861-0-SC";"Ativa/Envio irregular";"21/07/2020 11:40";"26/12/2024 03:04:07";"SC";"2026-10-01";"23:51:22"
"GUARA SUL";"162-001294-4-CE";"Ativa";"24/06/2015 15:51";"01/10/2026 23:39:51";"CE";"2026-10-01";"23:51:22"
"Guariste Primero";"201-E00091-1-PB";"Ativa/Envio irregular";"01/03/2007 10:34";"04/05/2012 21:23:31";"PB";"2026-10-01";"23:51:22"
"Guaruça";"401-014559-5-SP";"Ativa/Envio irregular";"26/07/2007 09:22";"24/09/2024 17:14:10";"SP";"2026-10-01";"23:51:22"
"Guerreiro Benedito";"021-099084-8-PA";"Ativa/Envio irregular";"19/10/2011 16:33";"14/10/2012 11:08:00";"PA";"2026-10-01";"23:51:22"
"Guerreiro do Mar II";"441-889199-4-SC";"Ativa";"13/08/2019 18:37";"01/10/2026 23:48:39";"SC";"2026-10-01";"23:51:22"
"GUILHERME J";"401-004498-5-SP";"Ativa/Envio irregular";"29/08/2007 15:47";"02/08/2025 02:25:57";"SP";"2026-10-01";"23:51:22"
"Guilherme Santos";"443-011355-6-SC";"Ativa/Envio irregular";"19/06/2013 10:33";"14/09/2015 10:16:25";"SC";"2026-10-01";"23:51:22"
"GUILHERME SM";"443-011803-5-SC";"Ativa";"28/03/2008 17:49";"01/10/2026 23:38:28";"SC";"2026-10-01";"23:51:22"
"Gulf Oceanic";"341-039173-8-ES";"Ativa/Envio irregular";"16/03/2022 15:35";"01/10/2026 02:10:50";"ES";"2026-10-01";"23:51:22"
"Gunnar do Peixe I";"163-004804-6-CE";"Ativa/Envio irregular";"09/12/2021 15:16";"06/04/2022 14:27:35";"CE";"2026-10-01";"23:51:22"
"GUNNAR DO PEIXE III/ Alfa II";"163-004172-6-CE";"Ativa";"28/09/2007 15:02";"01/10/2026 23:43:25";"CE";"2026-10-01";"23:51:22"
"GUNNAR VINGREN";"401-014361-4-SC";"Ativa";"24/03/2008 10:22";"01/10/2026 23:43:02";"SC";"2026-10-01";"23:51:22"
"Gunnar Vingren I";"443-011209-6-SC";"Ativa/Envio irregular";"08/01/2010 16:13";"03/11/2010 16:13:24";"SC";"2026-10-01";"23:51:22"
"GUNNAR VINGREN III";"443-011709-8-SC";"Ativa/Envio irregular";"14/01/2010 13:41";"26/11/2025 10:57:19";"SC";"2026-10-01";"23:51:22"
"Gustavo F IV";"162-002460-8-CE";"Ativa";"07/02/2022 17:37";"01/10/2026 23:31:22";"CE";"2026-10-01";"23:51:22"
"GUSTAVO I";"161-003093-1-CE";"Ativa";"24/06/2015 15:52";"01/10/2026 23:39:22";"CE";"2026-10-01";"23:51:22"
"GUSTAVO II";"162-000833-5-CE";"Ativa";"24/06/2015 15:52";"01/10/2026 23:43:13";"CE";"2026-10-01";"23:51:22"
"GUSTAVO III";"201-006913-7-PB";"Ativa";"24/06/2015 15:53";"01/10/2026 23:34:54";"PB";"2026-10-01";"23:51:22"
"Gustavo Marques";"443-010587-1-SC";"Ativa";"27/09/2012 17:12";"01/10/2026 23:45:42";"SC";"2026-10-01";"23:51:22"
"HADASSA III";"443-011834-5-SC";"Ativa";"03/08/2016 07:26";"01/10/2026 23:36:00";"SC";"2026-10-01";"23:51:22"
"Haissa F";"443-011321-1-SC";"Interrupção permanente";"01/11/2007 16:09";"10/09/2010 12:14:49";"SC";"2026-10-01";"23:51:22"
"Hanaki Maru I";"163-004691-4-CE";"Ativa";"05/11/2018 18:23";"01/10/2026 23:34:05";"CE";"2026-10-01";"23:51:22"
"Harmonia G / Ex Dom Manoel I";"445-007261-8-SC";"Desativada temporariamente";"15/07/2011 17:36";"14/07/2026 15:49:12";"SC";"2026-10-01";"23:51:22"
"Harmonia S";"443-009135-8-SC";"Desativada temporariamente";"01/10/2013 11:17";"16/07/2026 19:44:49";"SC";"2026-10-01";"23:51:22"
"Haromar I";"021-017567-2-PA";"Ativa/Envio irregular";"19/10/2007 10:27";"24/02/2020 12:44:52";"PA";"2026-10-01";"23:51:22"
"Havai";"401-020529-6-SP";"Ativa/Envio irregular";"19/01/2010 14:28";"22/02/2010 05:00:36";"SP";"2026-10-01";"23:51:22"
"HELENA MAR I";"161-005334-6-CE";"Ativa/Envio irregular";"24/06/2015 15:53";"01/07/2015 05:51:25";"CE";"2026-10-01";"23:51:22"
"HELIO II";"162-001732-6-CE";"Ativa/Envio irregular";"24/06/2015 15:54";"06/09/2026 05:07:01";"CE";"2026-10-01";"23:51:22"
"Hellen Vitor / ex Mar do Sul V";"461-009542-4-RS";"Ativa";"03/01/2013 16:39";"01/10/2026 23:37:27";"RS";"2026-10-01";"23:51:22"
"HENRIQUE EMANUEL";"182-002505-5-RN";"Ativa";"20/04/2020 14:46";"01/10/2026 23:49:21";"RN";"2026-10-01";"23:51:22"
"HENRIQUE FILHO";"163-004684-1-CE";"Ativa";"26/02/2020 16:33";"01/10/2026 23:38:21";"CE";"2026-10-01";"23:51:22"
"HENRIQUE III";"162-001784-9-CE";"Ativa";"12/06/2024 15:29";"01/10/2026 23:38:40";"CE";"2026-10-01";"23:51:22"
"HENRIQUE IV";"162-001871-3-CE";"Ativa";"24/06/2015 15:54";"01/10/2026 23:48:22";"CE";"2026-10-01";"23:51:22"
"Henrique Teles";"382-010769-0-RJ";"Ativa/Envio irregular";"09/06/2015 12:06";"31/07/2015 16:58:27";"RJ";"2026-10-01";"23:51:22"
"Henrique V";"443-011112-0-SC";"Ativa";"22/06/2011 10:04";"01/10/2026 23:44:57";"SC";"2026-10-01";"23:51:22"
"HENZO GABRIEL";"461-007033-2-RS";"Ativa";"10/01/2024 10:37";"01/10/2026 23:39:35";"RS";"2026-10-01";"23:51:22"
"Hercules I";"163-003050-3-CE";"Ativa";"25/11/2019 19:05";"01/10/2026 23:46:21";"CE";"2026-10-01";"23:51:22"
"Herdusa Primero";"201-E00116-1-PB";"Interrupção permanente";"22/02/2007 11:34";"";"PB";"2026-10-01";"23:51:22"
"Heróis da Fé";"443-012107-9-SC";"Ativa";"20/05/2013 17:29";"01/10/2026 23:39:55";"SC";"2026-10-01";"23:51:22"
"Heverton";"201-007676-1-PB";"Ativa";"01/04/2015 09:43";"01/10/2026 23:42:50";"PB";"2026-10-01";"23:51:22"
"Heverton I";"162-002451-9-CE";"Ativa";"19/03/2021 10:36";"01/10/2026 23:45:17";"CE";"2026-10-01";"23:51:22"
"Heverton II";"162-002440-3-CE";"Ativa";"04/09/2020 11:58";"01/10/2026 23:37:04";"CE";"2026-10-01";"23:51:22"
"Heverton III";"162-002444-6-CE";"Ativa";"04/09/2020 12:03";"01/10/2026 23:50:37";"CE";"2026-10-01";"23:51:22"
"Heverton IV";"162-002458-6-CE";"Ativa";"26/11/2020 10:42";"01/10/2026 23:50:07";"CE";"2026-10-01";"23:51:22"
"Higor I";"342-005091-7-ES";"Ativa/Envio irregular";"17/10/2018 14:34";"17/03/2020 12:30:49";"ES";"2026-10-01";"23:51:22"
"Hilmar";"401-021893-2-SP";"Ativa/Envio irregular";"11/12/2008 16:42";"22/07/2013 16:20:42";"SP";"2026-10-01";"23:51:22"
"Hiro Sho / Ex Matheus S";"443-004507-1-SC";"Ativa/Envio irregular";"03/03/2008 17:41";"04/11/2010 00:47:41";"SC";"2026-10-01";"23:51:22"
"HIROSHO I";"443-049395-2-SC";"Ativa";"29/11/2018 09:01";"01/10/2026 23:31:38";"SC";"2026-10-01";"23:51:22"
"Hivys";"021-031156-8-PA";"Ativa";"10/05/2010 12:40";"01/10/2026 23:34:53";"PA";"2026-10-01";"23:51:22"
"Hope III";"161-003430-9-CE";"Desativada temporariamente";"28/07/2010 10:57";"02/08/2010 16:14:35";"CE";"2026-10-01";"23:51:22"
"Horizonte I";"221-014729-8-PE";"Ativa";"26/07/2007 11:30";"01/10/2026 23:38:44";"PE";"2026-10-01";"23:51:22"
"Horizonte II";"221-015045-1-PE";"Interrupção permanente";"26/07/2007 13:38";"04/10/2012 07:27:31";"PE";"2026-10-01";"23:51:22"
"Horizonte III";"221-015069-8-PE";"Ativa";"08/10/2009 10:50";"01/10/2026 23:46:33";"PE";"2026-10-01";"23:51:22"
"Hugo Henrique M I /ex Giongo I";"441-888939-6-SC";"Ativa";"29/10/2013 13:16";"01/10/2026 23:10:08";"SC";"2026-10-01";"23:51:22"
"HUMBERTO I";"163-003499-1-CE";"Ativa";"24/02/2026 11:26";"01/10/2026 23:34:27";"CE";"2026-10-01";"23:51:22"
"HYGHOR NETTO";"162-001612-5-CE";"Ativa";"24/06/2015 15:55";"01/10/2026 23:44:47";"CE";"2026-10-01";"23:51:22"
"Ian Carlos/ Ex Dona Joana A";"401-028747-1-SP";"Ativa";"28/01/2013 11:16";"01/10/2026 23:34:22";"SP";"2026-10-01";"23:51:22"
"Ian Carlos S";"443-048507-1-SC";"Ativa";"09/01/2015 15:27";"01/10/2026 23:49:13";"SC";"2026-10-01";"23:51:22"
"IARA PESCA";"161-005942-5-CE";"Ativa/Envio irregular";"24/06/2015 15:55";"23/07/2026 11:48:51";"CE";"2026-10-01";"23:51:22"
"Ibiza";"021-101044-8-PA";"Ativa/Envio irregular";"27/08/2014 10:41";"18/12/2025 09:52:43";"PA";"2026-10-01";"23:51:22"
"ICARAÍ I";"401-013881-5-SP";"Ativa/Envio irregular";"20/01/2014 09:03";"17/08/2022 10:59:11";"SP";"2026-10-01";"23:51:22"
"Icarai II";"401-024612-0-SP";"Ativa/Envio irregular";"15/01/2014 10:50";"04/11/2015 10:02:00";"SP";"2026-10-01";"23:51:22"
"Iceberg I";"161-005659-1-PA";"Ativa";"12/05/2010 09:45";"01/10/2026 23:42:26";"PA";"2026-10-01";"23:51:22"
"Igam";"401-081335-1-SP";"Interrupção permanente";"16/04/2007 15:57";"06/10/2011 14:57:49";"SP";"2026-10-01";"23:51:22"
"Igaraçu v";"141-011346-9-PI";"Ativa";"08/11/2019 17:05";"01/10/2026 23:33:22";"PI";"2026-10-01";"23:51:22"
"Igaraçu VI";"162-002470-5-CE";"Ativa";"26/08/2021 10:53";"01/10/2026 23:45:00";"CE";"2026-10-01";"23:51:22"
"Iglesias I";"341-039003-1-ES";"Ativa/Envio irregular";"09/10/2017 08:06";"04/03/2026 09:04:59";"ES";"2026-10-01";"23:51:22"
"Iglesias II / ex Hanna Greyce";"341-024148-5-ES";"Ativa";"13/07/2010 10:05";"01/10/2026 23:36:29";"ES";"2026-10-01";"23:51:22"
"Igomar S / ex Lila VS / ex Vida Nova VI";"443-011007-7-SC";"Ativa/Envio irregular";"07/06/2010 17:01";"14/03/2018 16:08:10";"SC";"2026-10-01";"23:51:22"
"Igomar SI / ex Luis Felipe BC";"443-011870-1-SC";"Ativa";"12/11/2019 18:39";"01/10/2026 23:47:05";"SC";"2026-10-01";"23:51:22"
"IGOR JOSÉ";"161-005848-8-CE";"Ativa";"29/04/2025 15:45";"01/10/2026 23:36:43";"CE";"2026-10-01";"23:51:22"
"Igor Martins I";"441-008623-5-SC";"Ativa/Envio irregular";"31/07/2008 14:21";"06/03/2024 07:13:48";"SC";"2026-10-01";"23:51:22"
"ILDA II";"161-006007-5-CE";"Ativa";"01/04/2015 10:53";"01/10/2026 23:43:02";"CE";"2026-10-01";"23:51:22"
"Ilha de Patmo II / ex Araçá IV / ex Ipê V-A";"443-008415-7-SC";"Ativa/Envio irregular";"05/07/2007 13:39";"18/09/2023 09:12:20";"SC";"2026-10-01";"23:51:22"
"Ilha do Sol";"021-030211-9-PA";"Ativa/Envio irregular";"20/11/2013 07:59";"28/06/2011 19:22:55";"PA";"2026-10-01";"23:51:22"
"IL SERENO";"401-048408-0-SP";"Ativa/Envio irregular";"04/06/2007 16:57";"15/12/2023 10:45:15";"SP";"2026-10-01";"23:51:22"
"Imperador II S";"441-016948-3-SC";"Ativa/Envio irregular";"07/01/2008 11:05";"11/06/2026 10:39:43";"SC";"2026-10-01";"23:51:22"
"Imperador P";"401-012647-7-SP";"Ativa/Envio irregular";"06/06/2013 15:47";"15/10/2023 09:52:11";"SP";"2026-10-01";"23:51:22"
"Imperatriz I / ex Imperatriz";"443-005851-2-SC";"Ativa/Envio irregular";"02/06/2009 17:54";"26/12/2023 12:29:55";"SC";"2026-10-01";"23:51:22"
"Imperial C";"401-055556-4-SP";"Ativa";"05/09/2012 10:08";"01/10/2026 23:43:40";"SP";"2026-10-01";"23:51:22"
"Impromar II";"161-005462-8-CE";"Interrupção permanente";"17/05/2007 13:51";"11/09/2008 21:26:59";"CE";"2026-10-01";"23:51:22"
"Incopesca I";"161-005829-1-CE";"Ativa/Envio irregular";"27/03/2008 17:11";"";"CE";"2026-10-01";"23:51:22"
"Inter 5";"021-017665-2-PA";"Ativa/Envio irregular";"20/02/2019 14:42";"29/07/2025 16:44:39";"PA";"2026-10-01";"23:51:22"
"IOMAR I";"182-005168-4-RN";"Ativa";"04/02/2020 19:15";"01/10/2026 23:46:47";"RN";"2026-10-01";"23:51:22"
"Ipecea 102";"161-003600-0-CE";"Ativa/Envio irregular";"28/06/2007 17:19";"01/04/2009 08:25:12";"CE";"2026-10-01";"23:51:22"
"Ipê III A";"443-006630-2-SC";"Ativa";"05/07/2007 13:37";"01/10/2026 23:39:29";"SC";"2026-10-01";"23:51:22"
"Ipesca IX";"161-005044-4-CE";"Ativa";"10/09/2007 16:22";"01/10/2026 23:33:40";"CE";"2026-10-01";"23:51:22"
"Ipesca V";"161-004881-4-CE";"Ativa";"06/09/2007 14:35";"01/10/2026 23:35:14";"CE";"2026-10-01";"23:51:22"
"Ipesca VI";"161-004885-7-CE";"Ativa";"10/09/2007 10:27";"01/10/2026 23:48:08";"CE";"2026-10-01";"23:51:22"
"Ipesca VII";"161-004912-8-CE";"Ativa";"10/09/2007 10:14";"01/10/2026 23:41:53";"CE";"2026-10-01";"23:51:22"
"Ipesca VIII";"161-005035-5-CE";"Ativa";"10/09/2007 10:37";"01/10/2026 23:43:22";"CE";"2026-10-01";"23:51:22"
"Ipesca X";"161-005303-6-CE";"Desativada temporariamente";"10/09/2007 16:06";"27/12/2013 10:02:11";"CE";"2026-10-01";"23:51:22"
"Ipesca XXVI";"161-003647-6-CE";"Ativa/Envio irregular";"02/12/2008 12:02";"25/03/2026 08:31:59";"CE";"2026-10-01";"23:51:22"
"Ipê VI A";"443-004364-7-SC";"Interrupção permanente";"24/07/2008 13:59";"21/09/2010 22:36:25";"SC";"2026-10-01";"23:51:22"
"Ipê VII A";"443-008331-2-SC";"Ativa/Envio irregular";"24/07/2007 10:34";"28/01/2018 18:42:22";"SC";"2026-10-01";"23:51:22"
"Iporanga";"401-055571-8-SP";"Ativa/Envio irregular";"17/05/2007 14:01";"18/05/2010 16:38:53";"SP";"2026-10-01";"23:51:22"
"I RAYANER";"163-003785-1-CE";"Ativa";"29/04/2025 17:28";"01/10/2026 23:31:49";"CE";"2026-10-01";"23:51:22"
"Iria I";"161-005417-2-CE";"Ativa";"17/05/2010 15:56";"01/10/2026 23:35:57";"CE";"2026-10-01";"23:51:22"
"IRLA VANESSA";"162-001673-7-CE";"Ativa";"24/06/2015 15:58";"01/10/2026 20:01:57";"CE";"2026-10-01";"23:51:22"
"Irmãos Hepp XX";"461-008653-1-RS";"Ativa/Envio irregular";"07/02/2008 09:44";"03/05/2011 18:58:30";"RS";"2026-10-01";"23:51:22"
"Irmãos Hepp XXI";"461-008728-6-RS";"Ativa/Envio irregular";"23/11/2009 16:28";"28/06/2013 02:16:42";"RS";"2026-10-01";"23:51:22"
"Irmãos Santos 1";"443-012092-7-SC";"Ativa";"29/07/2008 17:38";"01/10/2026 23:45:55";"SC";"2026-10-01";"23:51:22"
"Iron Man I / Ex. Calypso III";"443-004164-4-SC";"Ativa";"19/01/2010 10:36";"01/10/2026 23:26:03";"SC";"2026-10-01";"23:51:22"
"Isaac I";"341-038812-5-ES";"Ativa";"30/09/2013 09:46";"01/10/2026 23:34:26";"ES";"2026-10-01";"23:51:22"
"Isabela A / ex União Perfeita IV";"443-012253-9-SC";"Ativa";"15/07/2008 14:27";"01/10/2026 23:47:34";"SC";"2026-10-01";"23:51:22"
"Isabela Mar / ex Serenidade V";"341-023198-6-ES";"Ativa/Envio irregular";"21/05/2018 12:13";"24/09/2025 09:42:11";"ES";"2026-10-01";"23:51:22"
"Isamar III";"381-023678-1-RJ";"Ativa";"22/10/2007 12:02";"01/10/2026 23:38:02";"RJ";"2026-10-01";"23:51:22"
"ISA MARQUES";"461-007460-5-RS";"Ativa";"05/10/2007 10:55";"01/10/2026 23:47:43";"RS";"2026-10-01";"23:51:22"
"Isamar V";"381-033903-2-RJ";"Ativa";"11/02/2008 15:53";"01/10/2026 23:33:10";"RJ";"2026-10-01";"23:51:22"
"Isan Maru III";"163-004692-2-CE";"Ativa/Envio irregular";"31/10/2018 17:37";"18/03/2020 08:39:42";"CE";"2026-10-01";"23:51:22"
"Isaque A / ex Lefa";"443-011648-2-SC";"Ativa";"15/10/2007 12:09";"01/10/2026 23:42:05";"SC";"2026-10-01";"23:51:22"
"Isaque JR /ex Primavera II";"443-009104-8-SC";"Ativa";"08/10/2007 11:23";"01/10/2026 23:34:35";"SC";"2026-10-01";"23:51:22"
"Isaque S";"403-020481-3-SP";"Ativa";"23/02/2012 08:22";"01/10/2026 23:39:32";"SP";"2026-10-01";"23:51:22"
"ISMAEL COELHO";"443-010940-1-SC";"Ativa/Envio irregular";"15/10/2007 09:55";"29/06/2026 11:14:28";"SC";"2026-10-01";"23:51:22"
"Itaborai III";"341-023110-2-ES";"Ativa";"08/11/2019 16:18";"01/10/2026 23:47:00";"ES";"2026-10-01";"23:51:22"
"Itaguaré";"401-013246-9-SP";"Cadastrada";"";"";"SP";"2026-10-01";"23:51:22"
"ITAI III";"163-003865-2-CE";"Ativa";"24/06/2015 16:10";"01/10/2026 23:44:48";"CE";"2026-10-01";"23:51:22"
"Itália";"401-054810-0-SP";"Ativa";"04/06/2007 16:55";"01/10/2026 23:49:47";"SP";"2026-10-01";"23:51:22"
"ITAMAI";"161-005522-5-CE";"Ativa";"24/06/2015 16:10";"01/10/2026 23:44:07";"CE";"2026-10-01";"23:51:22"
"Itamaracá IX";"341-024061-6-ES";"Ativa";"08/10/2018 18:20";"01/10/2026 23:42:58";"ES";"2026-10-01";"23:51:22"
"Itamaracá V";"341-023256-7-ES";"Desativada temporariamente";"19/09/2018 13:31";"21/07/2026 19:56:47";"ES";"2026-10-01";"23:51:22"
"Itanage";"181-004290-9-RN";"Ativa/Envio irregular";"09/03/2015 11:56";"15/01/2019 19:17:02";"RN";"2026-10-01";"23:51:22"
"Itapoan";"401-053473-7-SP";"Ativa/Envio irregular";"26/07/2007 09:44";"09/04/2010 12:14:35";"SP";"2026-10-01";"23:51:22"
"ITAQUICE I";"181-001771-8-RN";"Ativa";"25/08/2017 11:52";"01/10/2026 23:34:02";"RN";"2026-10-01";"23:51:22"
"Itararé";"401-013247-7-SP";"Cadastrada";"";"";"SP";"2026-10-01";"23:51:22"
"ITIBAN";"021-101636-5-PA";"Ativa";"24/04/2024 15:31";"01/10/2026 23:11:18";"PA";"2026-10-01";"23:51:22"
"IVANDINA DARELLA";"441-888952-3-SC";"Ativa";"30/06/2009 17:19";"01/10/2026 23:48:43";"SC";"2026-10-01";"23:51:22"
"IVONALDO";"161-003956-4-CE";"Ativa";"24/06/2015 16:11";"01/10/2026 23:33:03";"CE";"2026-10-01";"23:51:22"
"Izadora I";"461-009518-1-RS";"Ativa/Envio irregular";"03/12/2013 08:25";"28/07/2026 02:55:46";"RS";"2026-10-01";"23:51:22"
"IZADORA SETUBAL";"401-018954-1-SC";"Ativa/Envio irregular";"11/02/2010 13:43";"12/04/2026 06:21:34";"SC";"2026-10-01";"23:51:22"
"Izavana";"443-011262-2-SC";"Ativa";"26/10/2007 09:48";"01/10/2026 23:40:54";"SC";"2026-10-01";"23:51:22"
"JAFÉ I";"387-705101-4-SC";"Ativa/Envio irregular";"28/04/2020 11:01";"16/09/2026 12:12:34";"SC";"2026-10-01";"23:51:22"
"Jaguar";"443-007961-7-SC";"Ativa/Envio irregular";"21/09/2007 16:11";"19/10/2020 07:17:48";"SC";"2026-10-01";"23:51:22"
"Jaicom II";"461-004007-7-RS";"Ativa";"31/08/2015 17:46";"01/10/2026 23:43:52";"RS";"2026-10-01";"23:51:22"
"JAICON I";"461-009720-6-RS";"Ativa";"26/03/2013 16:24";"01/10/2026 23:23:32";"RS";"2026-10-01";"23:51:22"
"JAILSON III";"161-005340-1-CE";"Ativa";"24/06/2015 16:13";"01/10/2026 23:33:49";"CE";"2026-10-01";"23:51:22"
"Jalisco";"443-049879-2-SC";"Ativa/Envio irregular";"26/01/2021 09:02";"29/09/2026 09:19:48";"SC";"2026-10-01";"23:51:22"
"Jamar / Ex Vamar VI";"401-011022-8-SP";"Ativa";"28/07/2009 18:01";"01/10/2026 23:43:15";"SP";"2026-10-01";"23:51:22"
"JAMBO";"443-004243-8-SC";"Ativa";"19/10/2007 09:37";"01/10/2026 23:42:04";"SC";"2026-10-01";"23:51:22"
"JANAINA I";"162-000885-8-CE";"Ativa";"24/06/2015 16:14";"01/10/2026 23:49:52";"CE";"2026-10-01";"23:51:22"
"JANAINA III";"161-005882-8-CE";"Ativa/Envio irregular";"24/06/2015 16:14";"01/07/2015 16:19:07";"CE";"2026-10-01";"23:51:22"
"JAQUELINE II";"162-000788-6-CE";"Ativa";"16/07/2015 17:50";"01/10/2026 23:41:58";"CE";"2026-10-01";"23:51:22"
"JARDIM DO EDER";"341-023817-4-ES";"Ativa";"08/10/2024 09:12";"01/10/2026 23:44:44";"ES";"2026-10-01";"23:51:22"
"J chrystian";"163-004715-5-CE";"Ativa";"05/03/2020 09:06";"01/10/2026 23:36:30";"CE";"2026-10-01";"23:51:22"
"JC KYRIOS";"163-004707-4-CE";"Ativa";"02/02/2022 11:28";"01/10/2026 20:17:34";"CE";"2026-10-01";"23:51:22"
"JC MARISIA";"161-003072-9-CE";"Ativa";"24/06/2015 16:33";"01/10/2026 23:46:54";"CE";"2026-10-01";"23:51:22"
"JC PESCA";"163-004786-4-CE";"Ativa";"10/12/2024 10:50";"01/10/2026 23:39:52";"CE";"2026-10-01";"23:51:22"
"JEAN";"181-889236-7-RN";"Ativa";"13/10/2022 18:03";"01/10/2026 23:34:52";"RN";"2026-10-01";"23:51:22"
"Jean Carlos I-S";"443-011367-0-SC";"Ativa";"29/10/2007 14:33";"01/10/2026 23:50:24";"SC";"2026-10-01";"23:51:22"
"J ENRICO IV";"162-001857-8-CE";"Ativa/Envio irregular";"25/06/2015 14:57";"03/03/2025 05:20:22";"CE";"2026-10-01";"23:51:22"
"JEOVÁ NISSE";"162-002445-4-CE";"Ativa";"19/11/2024 15:54";"01/10/2026 23:50:01";"CE";"2026-10-01";"23:51:22"
"JE Pescados /ex Brother 200";"161-006845-9-CE";"Ativa";"07/01/2020 14:43";"01/10/2026 23:48:05";"CE";"2026-10-01";"23:51:22"
"JERONIMO";"162-001089-5-CE";"Ativa";"01/04/2015 09:54";"01/10/2026 23:45:54";"CE";"2026-10-01";"23:51:22"
"Jerusalém";"021-028444-7-PA";"Ativa/Envio irregular";"15/03/2013 10:57";"30/11/2023 19:55:56";"PA";"2026-10-01";"23:51:22"
"Jerusalem M";"443-006800-3-SC";"Ativa/Envio irregular";"30/10/2012 15:52";"19/09/2026 12:38:17";"SC";"2026-10-01";"23:51:22"
"Jerusalém RG";"163-004719-8-CE";"Ativa/Envio irregular";"13/07/2022 11:25";"30/10/2023 11:39:02";"CE";"2026-10-01";"23:51:22"
"JERUSALEM V";"162-001581-1-CE";"Ativa";"24/06/2015 16:14";"01/10/2026 23:35:21";"CE";"2026-10-01";"23:51:22"
"JESSICA";"162-001788-1-CE";"Ativa/Envio irregular";"30/06/2015 11:07";"01/07/2015 16:36:17";"CE";"2026-10-01";"23:51:22"
"Jessiva A";"021-098529-1-PA";"Ativa/Envio irregular";"08/07/2013 11:37";"03/10/2019 01:39:45";"PA";"2026-10-01";"23:51:22"
"JESUS DE NAZARE";"182-002333-8-RN";"Ativa/Envio irregular";"30/06/2015 11:06";"";"RN";"2026-10-01";"23:51:22"
"JESUS DE NAZARÉ";"161-003808-8-CE";"Ativa/Envio irregular";"18/11/2024 15:30";"20/09/2026 05:01:37";"CE";"2026-10-01";"23:51:22"
"JESUS DE NAZARE II";"163-003933-1-CE";"Ativa/Envio irregular";"30/06/2015 11:05";"01/07/2015 16:30:00";"CE";"2026-10-01";"23:51:22"
"Jesus é Amigo I";"021-030194-5-PA";"Ativa/Envio irregular";"17/12/2008 15:45";"05/11/2011 08:35:37";"PA";"2026-10-01";"23:51:22"
"Jesus Maria José III";"163-004825-9-CE";"Ativa";"25/02/2021 16:43";"01/10/2026 23:44:20";"CE";"2026-10-01";"23:51:22"
"JEÚ I";"161-003139-3-CE";"Ativa";"24/06/2015 17:37";"01/10/2026 23:50:19";"CE";"2026-10-01";"23:51:22"
"J. Gonçalves III";"441-017039-2-SC";"Ativa";"27/07/2007 17:08";"01/10/2026 23:46:15";"SC";"2026-10-01";"23:51:22"
"J. Gonçalves IV";"441-017308-1-SC";"Ativa";"29/10/2007 14:18";"01/10/2026 23:49:19";"SC";"2026-10-01";"23:51:22"
"J GONÇALVES V";"443-011630-0-SC";"Ativa";"19/07/2007 08:12";"01/10/2026 23:40:19";"SC";"2026-10-01";"23:51:22"
"J GONÇALVES VI";"401-018688-7-SP";"Ativa";"07/04/2010 09:56";"01/10/2026 23:33:54";"SP";"2026-10-01";"23:51:22"
"JG PESCA";"163-004773-2-CE";"Ativa";"11/03/2020 10:57";"01/10/2026 23:31:21";"CE";"2026-10-01";"23:51:22"
"JH Martins";"163-004764-3-CE";"Ativa";"10/07/2020 13:25";"01/10/2026 23:34:18";"CE";"2026-10-01";"23:51:22"
"JIMMY CARTER";"181-004868-1-RN";"Ativa";"16/07/2015 17:50";"01/10/2026 23:47:47";"RN";"2026-10-01";"23:51:22"
"J & J";"461-010220-0-RS";"Ativa";"16/09/2009 09:55";"01/10/2026 23:46:35";"RS";"2026-10-01";"23:51:22"
"JJB";"163-004027-4-CE";"Ativa";"01/10/2024 09:28";"01/10/2026 23:42:17";"CE";"2026-10-01";"23:51:22"
"J J JUNIOR";"181-004990-3-RN";"Ativa/Envio irregular";"09/03/2015 11:57";"01/07/2015 16:53:52";"RN";"2026-10-01";"23:51:22"
"J. Lourenço";"021-025996-5-PA";"Ativa/Envio irregular";"03/03/2010 09:59";"13/06/2018 09:16:25";"PA";"2026-10-01";"23:51:22"
"J. Luiz I";"021-031218-1-PA";"Ativa/Envio irregular";"28/09/2007 15:44";"21/11/2024 10:31:31";"PA";"2026-10-01";"23:51:22"
"J M I";"161-005639-6-CE";"Ativa/Envio irregular";"24/06/2015 16:15";"01/07/2015 16:43:20";"CE";"2026-10-01";"23:51:22"
"J M II";"161-005640-0-CE";"Ativa/Envio irregular";"24/06/2015 16:15";"30/06/2015 19:18:10";"CE";"2026-10-01";"23:51:22"
"J M IV";"163-003869-5-CE";"Ativa/Envio irregular";"24/06/2015 16:16";"";"CE";"2026-10-01";"23:51:22"
"JM Monteiro";"163-004685-0-CE";"Ativa";"01/02/2022 12:18";"01/10/2026 23:06:29";"CE";"2026-10-01";"23:51:22"
"J. Motta";"463-003249-5-RS";"Ativa";"11/09/2015 11:58";"01/10/2026 23:50:18";"RS";"2026-10-01";"23:51:22"
"J M V";"163-003857-1-CE";"Ativa/Envio irregular";"24/06/2015 16:17";"01/07/2015 16:13:57";"CE";"2026-10-01";"23:51:22"
"JOANA I";"293-002376-7-BA";"Ativa";"02/02/2022 18:01";"01/10/2026 23:48:34";"BA";"2026-10-01";"23:51:22"
"Joannes";"401-014269-3-SP";"Ativa";"02/08/2007 08:35";"01/10/2026 23:50:23";"SP";"2026-10-01";"23:51:22"
"JOANNES PAULUS II";"162-001210-3-CE";"Ativa/Envio irregular";"24/06/2015 16:18";"29/05/2025 10:35:03";"CE";"2026-10-01";"23:51:22"
"JOAO ANICETO";"162-000854-8-CE";"Ativa/Envio irregular";"30/06/2015 11:03";"01/07/2015 16:47:55";"CE";"2026-10-01";"23:51:22"
"João Bay Bay";"381-016851-3-RJ";"Ativa/Envio irregular";"07/03/2008 17:49";"01/08/2010 13:36:00";"RJ";"2026-10-01";"23:51:22"
"João Ceza CT";"163-004732-5-CE";"Ativa";"21/03/2022 11:32";"01/10/2026 23:36:45";"CE";"2026-10-01";"23:51:22"
"JOÃO DANIEL";"161-005699-0-CE";"Ativa/Envio irregular";"30/06/2015 10:42";"01/07/2015 16:45:07";"CE";"2026-10-01";"23:51:22"
"João e Maria VI";"341-038943-1-ES";"Ativa/Envio irregular";"02/07/2015 18:01";"19/07/2024 17:55:02";"ES";"2026-10-01";"23:51:22"
"João Felipe ex Fernandes I";"445-008401-2-SC";"Ativa/Envio irregular";"25/09/2017 07:47";"23/11/2017 09:15:02";"SC";"2026-10-01";"23:51:22"
"Joao Guilherme";"382-667426-0-RJ";"Ativa";"10/01/2012 10:15";"01/10/2026 23:49:33";"RJ";"2026-10-01";"23:51:22"
"João Guilherme I";"443-010528-6-SC";"Ativa";"20/03/2009 16:05";"01/10/2026 23:33:19";"SC";"2026-10-01";"23:51:22"
"João Gustavo";"443-011815-9-SC";"Ativa/Envio irregular";"06/08/2010 14:30";"23/11/2017 10:14:30";"SC";"2026-10-01";"23:51:22"
"João Junior IV";"443-011041-7-SC";"Ativa";"20/11/2008 15:09";"01/10/2026 23:36:12";"SC";"2026-10-01";"23:51:22"
"JOAO LINDOLFO JW";"401-044972-1-PR";"Ativa/Envio irregular";"17/11/2009 14:22";"22/08/2018 15:20:40";"PR";"2026-10-01";"23:51:22"
"JOÃO LUCAS II";"293-006159-6-BA";"Ativa/Envio irregular";"15/08/2024 11:11";"30/09/2026 16:26:30";"BA";"2026-10-01";"23:51:22"
"JOÃO LUCAS JL";"162-002502-7-CE";"Ativa";"12/06/2023 09:34";"01/10/2026 23:31:31";"CE";"2026-10-01";"23:51:22"
"JOÃO MAGO";"163-004908-5-CE";"Ativa";"29/09/2026 10:51";"01/10/2026 23:30:38";"CE";"2026-10-01";"23:51:22"
"JOÃO MIGUEL X";"443-011338-6-SC";"Ativa";"05/04/2010 11:06";"01/10/2026 23:35:20";"SC";"2026-10-01";"23:51:22"
"João Neto de Bragança";"163-003949-7-CE";"Ativa";"30/04/2010 11:33";"01/10/2026 23:49:06";"CE";"2026-10-01";"23:51:22"
"João Paulo I";"443-006443-1-SC";"Ativa";"13/12/2012 16:29";"01/10/2026 23:33:36";"SC";"2026-10-01";"23:51:22"
"João Paulo II";"443-006477-6-SC";"Ativa";"13/12/2012 16:16";"01/10/2026 23:45:27";"SC";"2026-10-01";"23:51:22"
"JOÃO PEDRO I";"445-008549-3-SC";"Ativa";"06/02/2009 14:15";"01/10/2026 23:39:17";"SC";"2026-10-01";"23:51:22"
"JOÃO VICTOR C / ex MIGUEL ARCANJO";"443-049309-0-SC";"Desativada temporariamente";"05/12/2019 17:06";"28/09/2026 16:08:17";"SC";"2026-10-01";"23:51:22"
"João Victor I";"445-004997-7-SC";"Ativa";"06/03/2008 18:11";"01/10/2026 23:41:15";"SC";"2026-10-01";"23:51:22"
"João Victor II / Ex Safira I";"401-058834-9-SP";"Ativa";"09/07/2007 15:19";"01/10/2026 23:40:14";"SP";"2026-10-01";"23:51:22"
"João Victor IV";"443-049066-0-SC";"Ativa/Envio irregular";"20/04/2017 08:52";"24/02/2023 09:17:12";"SC";"2026-10-01";"23:51:22"
"João Vitor I";"461-004080-8-RS";"Cadastrada";"";"";"RS";"2026-10-01";"23:51:22"
"João Vitor I";"401-014936-1-SP";"Ativa";"12/05/2011 17:11";"01/10/2026 23:45:55";"SP";"2026-10-01";"23:51:22"
"João Vitor L I";"461-009878-4-RS";"Ativa";"29/02/2008 16:57";"01/10/2026 23:45:55";"RS";"2026-10-01";"23:51:22"
"JOAO VITOR L II";"461-152242-3-RS";"Ativa";"04/10/2023 12:06";"01/10/2026 23:41:23";"RS";"2026-10-01";"23:51:22"
"JOÃO VITOR S";"461-009664-1-RS";"Ativa";"31/10/2013 14:49";"01/10/2026 23:37:07";"RS";"2026-10-01";"23:51:22"
"Joaquim Guerra";"381-022497-9-RJ";"Ativa/Envio irregular";"18/05/2010 15:46";"19/11/2015 06:59:15";"RJ";"2026-10-01";"23:51:22"
"Joaquim Pinheiro / ex Dona Carmela";"401-058830-6-SP";"Ativa";"11/07/2007 14:57";"01/10/2026 23:27:58";"SP";"2026-10-01";"23:51:22"
"Job Neto I / ex Jorge Seif Neto I /Ex Igor Martins";"461-009667-6-RS";"Ativa";"15/10/2007 09:33";"01/10/2026 23:41:22";"RS";"2026-10-01";"23:51:22"
"Joel Santos";"443-048287-0-SC";"Ativa/Envio irregular";"26/08/2013 11:06";"18/05/2021 14:27:10";"SC";"2026-10-01";"23:51:22"
"John";"162-002457-8-CE";"Ativa";"14/04/2020 16:51";"01/10/2026 21:54:09";"CE";"2026-10-01";"23:51:22"
"JOICE I";"341-014692-0-ES";"Ativa";"27/08/2025 14:38";"01/10/2026 23:46:51";"ES";"2026-10-01";"23:51:22"
"JONATHAN";"181-005416-8-RN";"Ativa";"11/05/2015 18:12";"01/10/2026 23:42:02";"RN";"2026-10-01";"23:51:22"
"Joni I";"443-011146-4-SC";"Ativa";"06/11/2007 14:57";"01/10/2026 23:40:33";"SC";"2026-10-01";"23:51:22"
"JOPE ANA";"161-003170-9-CE";"Ativa";"24/06/2015 16:21";"01/10/2026 23:43:13";"CE";"2026-10-01";"23:51:22"
"JORDANE";"182-002380-0-RN";"Ativa";"24/06/2015 16:22";"01/10/2026 23:36:32";"RN";"2026-10-01";"23:51:22"
"Jorge Seif Junior / ex Poseidon";"443-009121-8-SC";"Ativa/Envio irregular";"22/11/2011 16:48";"20/10/2016 03:43:12";"SC";"2026-10-01";"23:51:22"
"José Almir";"381-035822-3-RJ";"Desativada temporariamente";"29/01/2008 18:23";"20/08/2010 22:32:18";"RJ";"2026-10-01";"23:51:22"
"JOSÉ ALMIR I";"401-013765-7-SP";"Ativa";"16/08/2010 16:33";"01/10/2026 23:30:52";"SP";"2026-10-01";"23:51:22"
"Joseane JJ / ex Falcão Azul IV";"443-007694-4-SC";"Ativa";"21/05/2010 18:05";"01/10/2026 23:33:15";"SC";"2026-10-01";"23:51:22"
"JOSEANE JJJ";"401-004870-1-SP";"Ativa";"24/10/2008 12:22";"01/10/2026 23:48:32";"SP";"2026-10-01";"23:51:22"
"José Antônio V";"443-005032-5-SC";"Ativa/Envio irregular";"13/06/2007 11:53";"23/11/2010 12:40:55";"SC";"2026-10-01";"23:51:22"
"José Antônio VII";"443-008215-4-SC";"Ativa/Envio irregular";"13/06/2007 14:22";"01/10/2026 23:08:35";"SC";"2026-10-01";"23:51:22"
"Jose Arthur B / Ex Astra B / Mar da Enseada";"443-009132-3-SC";"Ativa";"31/03/2008 09:31";"01/10/2026 23:42:03";"SC";"2026-10-01";"23:51:22"
"José Augusto IV";"381-007294-0-RJ";"Ativa";"03/10/2007 09:04";"01/10/2026 23:31:35";"RJ";"2026-10-01";"23:51:22"
"JOSÉ AURÉLIO";"161-004967-5-CE";"Ativa";"09/05/2025 14:07";"01/10/2026 23:46:05";"CE";"2026-10-01";"23:51:22"
"JOSE CLAUDIO I";"161-006053-9-CE";"Ativa";"30/06/2015 11:01";"01/10/2026 23:34:33";"CE";"2026-10-01";"23:51:22"
"JOSÉ HAROLDO";"162-001658-3-CE";"Ativa";"09/03/2015 11:31";"01/10/2026 23:44:29";"CE";"2026-10-01";"23:51:22"
"José Ignácio";"401-025854-3-SP";"Ativa";"22/10/2007 11:22";"01/10/2026 23:33:32";"SP";"2026-10-01";"23:51:22"
"Jose Inacio";"181-889303-7-RN";"Ativa";"05/06/2020 14:52";"01/10/2026 23:36:56";"RN";"2026-10-01";"23:51:22"
"JOSÉ LEANDRO";"181-005371-4-RN";"Ativa/Envio irregular";"09/03/2015 11:58";"06/05/2026 11:34:00";"RN";"2026-10-01";"23:51:22"
"JOSELICE";"162-001654-1-CE";"Ativa";"24/06/2015 16:22";"01/10/2026 23:31:48";"CE";"2026-10-01";"23:51:22"
"José Luis MT";"163-004774-1-CE";"Ativa";"28/10/2021 12:54";"01/10/2026 23:40:02";"CE";"2026-10-01";"23:51:22"
"José Netto";"182-005207-9-RN";"Ativa/Envio irregular";"01/03/2019 08:00";"20/01/2026 10:01:31";"RN";"2026-10-01";"23:51:22"
"JOSÉ RAVY I";"182-005161-7-RN";"Ativa/Envio irregular";"31/12/2019 12:39";"10/09/2026 12:47:41";"RN";"2026-10-01";"23:51:22"
"José Roberto I";"403-017686-1-SP";"Ativa/Envio irregular";"28/08/2009 11:05";"28/03/2018 08:00:15";"SP";"2026-10-01";"23:51:22"
"JOSIANA II";"182-002355-9-RN";"Ativa/Envio irregular";"10/10/2024 10:56";"23/09/2026 01:29:54";"RN";"2026-10-01";"23:51:22"
"JOSIAS J";"443-010376-3-SC";"Ativa";"02/12/2008 12:14";"01/10/2026 23:34:56";"SC";"2026-10-01";"23:51:22"
"Josimar MP";"443-012114-1-SC";"Ativa";"30/09/2008 10:01";"01/10/2026 23:42:17";"SC";"2026-10-01";"23:51:22"
"JOSINO BS";"163-004842-9-CE";"Ativa";"10/05/2023 15:39";"01/10/2026 23:42:40";"CE";"2026-10-01";"23:51:22"
"JOSIVONN";"141-011282-9-PI";"Ativa";"19/10/2023 10:53";"01/10/2026 23:37:57";"PI";"2026-10-01";"23:51:22"
"Jotanael";"021-098747-2-PA";"Ativa/Envio irregular";"23/05/2011 10:41";"";"PA";"2026-10-01";"23:51:22"
"Jotanael";"163-003709-5-CE";"Ativa/Envio irregular";"22/06/2011 10:07";"20/08/2013 13:57:20";"CE";"2026-10-01";"23:51:22"
"J PESCA I";"161-002841-4-CE";"Ativa/Envio irregular";"24/06/2015 16:11";"01/07/2015 17:01:55";"CE";"2026-10-01";"23:51:22"
"J P LOPES";"381-016811-4-RJ";"Ativa";"28/03/2008 17:28";"01/10/2026 23:42:33";"RJ";"2026-10-01";"23:51:22"
"JR II";"161-004480-1-CE";"Ativa";"16/07/2015 17:52";"01/10/2026 23:33:16";"CE";"2026-10-01";"23:51:22"
"JR III";"182-005164-1-RN";"Ativa";"12/02/2020 18:46";"01/10/2026 23:37:47";"RN";"2026-10-01";"23:51:22"
"JR Lucas III";"341-038723-4-ES";"Ativa";"28/01/2013 16:16";"01/10/2026 23:41:13";"ES";"2026-10-01";"23:51:22"
"J. Roberto";"021-031699-3-PA";"Ativa";"05/04/2011 15:38";"01/10/2026 23:31:44";"PA";"2026-10-01";"23:51:22"
"J Roberto I";"021-100249-6-PA";"Ativa";"12/01/2017 07:56";"01/10/2026 23:37:01";"PA";"2026-10-01";"23:51:22"
"JR PESCA / ex M. R. Leal";"021-028969-4-PA";"Ativa/Envio irregular";"09/05/2008 10:55";"04/08/2009 13:57:51";"PA";"2026-10-01";"23:51:22"
"JR RENAN";"163-004711-2-CE";"Ativa";"23/03/2023 15:33";"01/10/2026 23:35:04";"CE";"2026-10-01";"23:51:22"
"J SALES I";"162-000735-5-CE";"Ativa/Envio irregular";"24/06/2015 16:12";"01/07/2015 16:42:15";"CE";"2026-10-01";"23:51:22"
"JS I";"021-101936-4-PA";"Ativa";"14/11/2016 06:29";"01/10/2026 23:48:18";"PA";"2026-10-01";"23:51:22"
"JS JOANA D''ARC";"162-001602-8-CE";"Ativa";"24/06/2015 16:17";"01/10/2026 23:46:41";"CE";"2026-10-01";"23:51:22"
"J Sousa";"163-004661-2-CE";"Ativa";"10/02/2022 12:10";"01/10/2026 23:45:37";"CE";"2026-10-01";"23:51:22"
"JS ROBERTA";"201-007808-0-PB";"Ativa";"16/07/2015 18:10";"01/10/2026 23:32:40";"PB";"2026-10-01";"23:51:22"
"Jubarte III";"293-002375-9-BA";"Ativa";"02/02/2022 15:06";"01/10/2026 23:33:41";"BA";"2026-10-01";"23:51:22"
"JUBILEU";"341-022980-9-ES";"Ativa";"15/06/2023 10:10";"01/10/2026 23:37:36";"ES";"2026-10-01";"23:51:22"
"Ju e Gui";"163-004716-3-CE";"Ativa";"01/04/2020 09:12";"01/10/2026 23:34:06";"CE";"2026-10-01";"23:51:22"
"Ju e gui I";"163-004779-1-CE";"Ativa";"05/03/2020 09:44";"01/10/2026 23:38:22";"CE";"2026-10-01";"23:51:22"
"JULIA I";"161-003571-2-CE";"Ativa";"24/06/2015 16:24";"01/10/2026 23:44:42";"CE";"2026-10-01";"23:51:22"
"JULIA M";"443-011410-2-SC";"Ativa";"27/07/2007 16:17";"01/10/2026 23:45:50";"SC";"2026-10-01";"23:51:22"
"JULIANA I";"182-002463-6-RN";"Ativa";"09/03/2015 11:58";"01/10/2026 23:41:31";"RN";"2026-10-01";"23:51:22"
"Juliana III A / Giovanna 2";"401-021167-9-SP";"Ativa/Envio irregular";"29/12/2011 10:24";"29/09/2026 11:46:07";"SP";"2026-10-01";"23:51:22"
"Juliana IV A / Ex Dona Ligia I";"443-010325-9-SC";"Ativa/Envio irregular";"07/07/2008 17:56";"05/04/2013 21:33:10";"SC";"2026-10-01";"23:51:22"
"Juliana VI / ex Juliana";"441-014611-4-SC";"Ativa/Envio irregular";"06/11/2007 16:33";"09/02/2020 03:18:55";"SC";"2026-10-01";"23:51:22"
"JULIANNE I";"341-023065-3-ES";"Ativa";"23/06/2020 16:19";"01/10/2026 23:47:34";"ES";"2026-10-01";"23:51:22"
"JULIO BARÃO I";"163-004877-1-CE";"Ativa";"24/03/2022 11:41";"01/10/2026 23:44:58";"CE";"2026-10-01";"23:51:22"
"JULIO BARÃO III";"163-005012-1-CE";"Ativa";"20/08/2026 12:03";"01/10/2026 23:44:28";"CE";"2026-10-01";"23:51:22"
"Jumbo S";"401-015388-1-SP";"Ativa/Envio irregular";"13/06/2007 16:54";"03/03/2009 08:02:18";"SP";"2026-10-01";"23:51:22"
"JUNHO B FACIL";"161-005869-1-CE";"Ativa";"28/02/2025 15:04";"01/10/2026 23:44:26";"CE";"2026-10-01";"23:51:22"
"JUNIOR-II";"181-004039-6-CE";"Ativa";"22/11/2022 18:02";"01/10/2026 23:44:52";"CE";"2026-10-01";"23:51:22"
"JUNIOR MONTEIRO";"161-005877-1-CE";"Ativa";"15/09/2025 10:41";"01/10/2026 23:40:01";"CE";"2026-10-01";"23:51:22"
"JUNTO AO MAR";"162-000892-1-CE";"Ativa";"24/06/2015 16:12";"01/10/2026 23:35:36";"CE";"2026-10-01";"23:51:22"
"Jupiter";"401-012267-6-SP";"Interrupção permanente";"03/07/2007 16:17";"07/02/2008 08:24:26";"SP";"2026-10-01";"23:51:22"
"JUPITER JS";"182-002110-6-RN";"Ativa";"24/06/2015 16:26";"01/10/2026 23:45:08";"RN";"2026-10-01";"23:51:22"
"JURACI";"164-138223-6-CE";"Ativa/Envio irregular";"01/04/2015 09:57";"01/07/2015 16:26:52";"CE";"2026-10-01";"23:51:22"
"JURACI JB";"163-004922-1-CE";"Ativa/Envio irregular";"17/05/2023 13:57";"16/11/2023 11:34:35";"CE";"2026-10-01";"23:51:22"
"JURACY";"162-000685-5-CE";"Ativa";"16/08/2023 11:36";"01/10/2026 23:32:33";"CE";"2026-10-01";"23:51:22"
"Juventude I / ex Araçá";"441-011730-1-SC";"Ativa";"04/04/2008 16:24";"01/10/2026 23:37:34";"SC";"2026-10-01";"23:51:22"
"J.W.A Santos";"443-011569-9-SC";"Ativa";"19/10/2007 18:02";"01/10/2026 23:41:23";"SC";"2026-10-01";"23:51:22"
"Kadosh";"341-023520-5-ES";"Ativa";"20/09/2018 09:00";"01/10/2026 23:36:52";"ES";"2026-10-01";"23:51:22"
"Kadosh II";"443-012354-3-ES";"Ativa";"20/09/2018 09:08";"01/10/2026 23:44:43";"ES";"2026-10-01";"23:51:22"
"KAINÃ IV";"443-007105-5-SC";"Ativa";"13/06/2007 16:25";"01/10/2026 23:31:55";"SC";"2026-10-01";"23:51:22"
"Kaio Junior III";"461-008577-1-RS";"Desativada temporariamente";"29/02/2008 11:44";"12/08/2026 18:44:24";"RS";"2026-10-01";"23:51:22"
"KAIRÓS C";"443-009179-0-SC";"Desativada temporariamente";"17/06/2013 17:10";"31/07/2026 15:16:49";"SC";"2026-10-01";"23:51:22"
"KAIROS X";"443-008100-0-SC";"Ativa";"14/11/2007 16:23";"01/10/2026 23:46:55";"SC";"2026-10-01";"23:51:22"
"KALAN F";"443-008416-5-SC";"Desativada temporariamente";"15/08/2007 12:05";"08/09/2026 19:54:48";"SC";"2026-10-01";"23:51:22"
"KARINE";"161-005989-1-CE";"Ativa";"24/06/2015 16:27";"01/10/2026 23:32:13";"CE";"2026-10-01";"23:51:22"
"Karine I";"465-001184-1-RS";"Ativa";"03/03/2015 17:19";"01/10/2026 23:34:04";"RS";"2026-10-01";"23:51:22"
"KAROL RS";"161-005834-8-CE";"Ativa";"18/03/2025 13:58";"01/10/2026 23:35:46";"CE";"2026-10-01";"23:51:22"
"KATIA CELI";"162-000538-7-CE";"Ativa";"01/04/2015 09:58";"01/10/2026 23:33:45";"CE";"2026-10-01";"23:51:22"
"KATSUSHIO MARU 5";"461-008356-6-RS";"Ativa/Envio irregular";"26/03/2013 15:49";"05/10/2022 08:38:05";"RS";"2026-10-01";"23:51:22"
"KATSUSHIO MARU 6";"461-008357-4-RS";"Ativa/Envio irregular";"18/03/2013 15:08";"05/10/2022 08:38:04";"RS";"2026-10-01";"23:51:22"
"KATSUSHIO MARU 7";"461-008358-2-RS";"Ativa/Envio irregular";"19/02/2013 10:59";"05/10/2022 08:37:37";"RS";"2026-10-01";"23:51:22"
"KATSUSHIO MARU 8";"461-008359-1-RS";"Ativa/Envio irregular";"18/03/2013 14:48";"21/09/2022 09:25:44";"RS";"2026-10-01";"23:51:22"
"KAUA II";"341-038857-5-ES";"Ativa";"21/05/2024 11:18";"01/10/2026 23:35:36";"ES";"2026-10-01";"23:51:22"
"KAUANY";"201-007422-0-PB";"Ativa/Envio irregular";"10/08/2026 10:32";"14/08/2026 08:19:27";"PB";"2026-10-01";"23:51:22"
"KAUANY VITÓRIA";"161-005270-6-CE";"Ativa/Envio irregular";"24/06/2015 16:09";"01/10/2026 17:05:19";"CE";"2026-10-01";"23:51:22"
"KAULA";"221-008906-9-PE";"Ativa";"21/08/2023 09:20";"01/10/2026 23:44:39";"PE";"2026-10-01";"23:51:22"
"KAYANNE MA";"163-004286-2-CE";"Ativa";"25/05/2026 12:59";"01/10/2026 23:46:19";"CE";"2026-10-01";"23:51:22"
"Kelciane I";"021-030207-1-PA";"Ativa";"10/05/2010 09:43";"01/10/2026 23:39:24";"PA";"2026-10-01";"23:51:22"
"KELCIANE III";"021-028402-1-PA";"Ativa";"29/06/2010 10:05";"01/10/2026 23:37:34";"PA";"2026-10-01";"23:51:22"
"KELE II";"121-014738-6-MA";"Ativa";"22/09/2025 10:36";"01/10/2026 23:49:46";"MA";"2026-10-01";"23:51:22"
"KELE III";"121-014895-1-MA";"Ativa";"01/06/2026 17:07";"01/10/2026 23:46:46";"MA";"2026-10-01";"23:51:22"
"Keyla S / Ex Vitória MN";"443-011830-2-SC";"Ativa";"16/03/2009 17:31";"01/10/2026 23:38:16";"SC";"2026-10-01";"23:51:22"
"Kinei Maru nº 108";"181-E00237-0-RN";"Ativa/Envio irregular";"18/02/2011 16:48";"25/12/2013 05:15:55";"RN";"2026-10-01";"23:51:22"
"Kinei Maru nº 85";"181-E00242-6-RN";"Ativa/Envio irregular";"01/04/2011 11:21";"08/07/2011 16:06:30";"RN";"2026-10-01";"23:51:22"
"Kinpo Maru 58";"401-E00062-1-SP";"Interrupção permanente";"19/09/2007 14:51";"30/11/2007 10:09:51";"SP";"2026-10-01";"23:51:22"
"Kinsai Maru nº 38";"181-E00244-2-RN";"Ativa/Envio irregular";"30/08/2011 18:04";"25/09/2012 16:28:52";"RN";"2026-10-01";"23:51:22"
"Kinsai Maru  Nº 58";"461-E00094-6-RN";"Ativa/Envio irregular";"13/06/2013 16:17";"27/01/2014 12:42:10";"RN";"2026-10-01";"23:51:22"
"KISSE";"181-003214-8-RN";"Ativa";"09/03/2015 14:44";"01/10/2026 23:34:09";"RN";"2026-10-01";"23:51:22"
"Kiyomã";"401-071702-5-SP";"Ativa";"18/01/2008 17:15";"01/10/2026 23:41:54";"SP";"2026-10-01";"23:51:22"
"Klystennys I";"021-029742-5-PA";"Ativa";"20/05/2013 15:56";"01/10/2026 23:43:58";"PA";"2026-10-01";"23:51:22"
"Koei Maru nº 58";"181-E00231-1-RN";"Ativa/Envio irregular";"21/01/2011 17:59";"13/07/2011 23:58:47";"RN";"2026-10-01";"23:51:22"
"Kopesca I";"443-011737-3-SC";"Ativa";"16/08/2007 14:47";"01/10/2026 23:35:59";"SC";"2026-10-01";"23:51:22"
"Kopesca II";"443-008239-1-SC";"Ativa";"06/06/2007 09:57";"01/10/2026 23:36:29";"SC";"2026-10-01";"23:51:22"
"Kopesca IV";"443-009000-9-SC";"Ativa";"17/05/2007 08:54";"01/10/2026 23:49:02";"SC";"2026-10-01";"23:51:22"
"Koryo Maru nº 15";"181-E00239-6-RN";"Ativa/Envio irregular";"31/03/2011 15:27";"18/09/2011 14:23:32";"RN";"2026-10-01";"23:51:22"
"Koryo Maru nº 51";"181-E00243-4-RN";"Ativa/Envio irregular";"13/04/2011 12:29";"30/12/2011 23:44:25";"RN";"2026-10-01";"23:51:22"
"KOWALSKY IV";"443-007865-3-SC";"Ativa";"13/06/2007 17:43";"01/10/2026 23:33:11";"SC";"2026-10-01";"23:51:22"
"Kowalsky V";"443-009667-8-SC";"Ativa";"18/05/2007 15:19";"01/10/2026 23:36:19";"SC";"2026-10-01";"23:51:22"
"Kowalsky VI";"443-011163-4-SC";"Ativa/Envio irregular";"05/03/2007 09:41";"08/05/2020 17:49:35";"SC";"2026-10-01";"23:51:22"
"KR I";"401-058825-0-SP";"Ativa/Envio irregular";"19/11/2018 09:36";"01/12/2023 13:48:29";"SP";"2026-10-01";"23:51:22"
"KR II";"443-007991-9-SC";"Ativa/Envio irregular";"24/10/2008 10:11";"26/06/2025 12:59:13";"SC";"2026-10-01";"23:51:22"
"KR III";"443-007992-7-SC";"Ativa/Envio irregular";"10/10/2011 09:51";"10/07/2025 07:26:00";"SC";"2026-10-01";"23:51:22"
"LACERDA EP";"162-000721-5-CE";"Ativa";"24/06/2015 16:27";"01/10/2026 23:45:56";"CE";"2026-10-01";"23:51:22"
"Lady Elane";"161-005305-2-CE";"Ativa";"07/08/2007 16:29";"01/10/2026 23:33:40";"CE";"2026-10-01";"23:51:22"
"Lady Lucia / ex Camex II";"021-026844-1-PA";"Ativa";"11/07/2007 11:45";"01/10/2026 23:37:07";"PA";"2026-10-01";"23:51:22"
"Laercio";"181-004403-1-SE";"Ativa/Envio irregular";"18/09/2017 11:47";"13/07/2026 10:48:02";"SE";"2026-10-01";"23:51:22"
"LA GIOIA I";"401-048407-1-SP";"Ativa";"23/03/2007 14:24";"01/10/2026 23:50:18";"SP";"2026-10-01";"23:51:22"
"Laguna";"445-008571-0-SC";"Ativa";"11/10/2007 17:17";"01/10/2026 23:48:04";"SC";"2026-10-01";"23:51:22"
"Laguna II A";"443-009129-3-SC";"Ativa";"05/11/2012 11:21";"01/10/2026 23:49:15";"SC";"2026-10-01";"23:51:22"
"Laiz";"463-003405-6-RS";"Ativa/Envio irregular";"04/11/2014 09:24";"05/06/2023 03:33:16";"RS";"2026-10-01";"23:51:22"
"Lamas VIII";"021-027174-4-PA";"Ativa/Envio irregular";"23/08/2007 13:51";"11/01/2013 09:00:11";"PA";"2026-10-01";"23:51:22"
"Lambaru";"161-005063-1-CE";"Ativa";"05/01/2012 13:30";"01/10/2026 23:50:07";"CE";"2026-10-01";"23:51:22"
"Larah";"341-023503-5-ES";"Ativa/Envio irregular";"05/11/2019 16:39";"01/10/2026 14:18:37";"ES";"2026-10-01";"23:51:22"
"LARA VITORIA LD";"161-005649-3-CE";"Ativa";"23/07/2025 09:44";"01/10/2026 23:35:40";"CE";"2026-10-01";"23:51:22"
"LA TUNA I";"163-004923-9-CE";"Ativa/Envio irregular";"30/09/2022 09:49";"06/08/2024 07:28:28";"CE";"2026-10-01";"23:51:22"
"LAURA";"221-014164-8-PE";"Ativa/Envio irregular";"30/06/2015 10:43";"01/04/2021 09:08:55";"PE";"2026-10-01";"23:51:22"
"LAURA BEATRIZ";"181-004368-9-RN";"Ativa/Envio irregular";"09/03/2015 15:12";"20/02/2019 09:57:30";"RN";"2026-10-01";"23:51:22"
"Laura Cristina";"021-030265-8-PA";"Ativa/Envio irregular";"28/04/2009 11:48";"28/12/2009 12:15:40";"PA";"2026-10-01";"23:51:22"
"LAURA E LIVIA I";"381-033927-0-RJ";"Ativa";"18/01/2008 09:15";"01/10/2026 23:46:47";"RJ";"2026-10-01";"23:51:22"
"LAURINELIA";"182-001095-3-RN";"Ativa";"25/06/2015 15:48";"01/10/2026 23:47:33";"RN";"2026-10-01";"23:51:22"
"Lauro II";"201-007439-4-PB";"Ativa/Envio irregular";"04/12/2017 10:59";"16/06/2021 09:21:47";"PB";"2026-10-01";"23:51:22"
"LAVINIA CC";"162-001121-2-SC";"Ativa";"24/10/2019 16:10";"01/10/2026 23:39:50";"SC";"2026-10-01";"23:51:22"
"LAVINIA CC I";"445-008326-1-SC";"Ativa";"06/01/2010 17:44";"01/10/2026 23:41:48";"SC";"2026-10-01";"23:51:22"
"Lavinia II";"341-038805-2-ES";"Ativa";"25/10/2018 18:44";"01/10/2026 23:42:33";"ES";"2026-10-01";"23:51:22"
"Lavinia III";"466-000952-1-RS";"Ativa/Envio irregular";"14/05/2018 08:50";"15/05/2026 18:25:21";"RS";"2026-10-01";"23:51:22"
"Lealmar";"443-007738-0-SC";"Ativa";"28/08/2012 16:34";"01/10/2026 23:48:02";"SC";"2026-10-01";"23:51:22"
"Lealmar I / Ex Leal Santos 09";"022-003046-4-PA";"Ativa/Envio irregular";"01/08/2008 15:15";"29/09/2025 13:39:26";"PA";"2026-10-01";"23:51:22"
"Lealmar II / Ex Leal Santos 13";"022-003162-2-PA";"Ativa/Envio irregular";"19/06/2008 17:55";"22/09/2025 08:50:23";"PA";"2026-10-01";"23:51:22"
"Lealmar III";"443-049045-7-SC";"Ativa";"26/01/2017 06:36";"01/10/2026 23:49:58";"SC";"2026-10-01";"23:51:22"
"Lealmar IV";"443-049046-5-SC";"Ativa";"26/01/2017 06:21";"01/10/2026 23:45:55";"SC";"2026-10-01";"23:51:22"
"Leal Santos 2";"022-002857-5-PA";"Ativa";"28/06/2007 17:21";"01/10/2026 23:32:43";"PA";"2026-10-01";"23:51:22"
"Leal Santos 3";"022-002859-1-PA";"Ativa/Envio irregular";"28/06/2007 17:22";"21/11/2024 10:06:00";"PA";"2026-10-01";"23:51:22"
"Leal Santos 4";"022-002865-6-PA";"Ativa/Envio irregular";"28/06/2007 17:20";"21/11/2024 10:31:34";"PA";"2026-10-01";"23:51:22"
"Leal Santos 7";"022-003041-3-PA";"Ativa";"09/11/2010 17:19";"01/10/2026 23:36:48";"PA";"2026-10-01";"23:51:22"
"Leal Santos I";"022-002856-7-PA";"Ativa/Envio irregular";"28/06/2007 17:22";"21/11/2024 10:48:11";"PA";"2026-10-01";"23:51:22"
"Leanderson Costa / ex Gunnar Vingren IV / Ex Don Osni I";"381-000136-8-RJ";"Ativa";"17/11/2008 09:58";"01/10/2026 23:35:36";"RJ";"2026-10-01";"23:51:22"
"Leandro e Luis C";"443-047344-7-SC";"Ativa";"22/03/2010 10:19";"01/10/2026 23:38:49";"SC";"2026-10-01";"23:51:22"
"Leandro Medeiros I";"161-006009-1-CE";"Ativa/Envio irregular";"16/07/2015 18:00";"18/02/2020 05:13:07";"CE";"2026-10-01";"23:51:22"
"LEÃO DA TRIBO DE JUDÁ";"163-004909-3-CE";"Ativa";"29/09/2022 17:57";"01/10/2026 23:40:17";"CE";"2026-10-01";"23:51:22"
"LEÃO DA TRIBO DE JUDA I";"021-030733-1-RN";"Ativa";"24/11/2010 10:35";"01/10/2026 23:14:18";"RN";"2026-10-01";"23:51:22"
"LEÃO DE JUDÁ I";"293-005992-3-BA";"Ativa";"14/08/2024 17:17";"01/10/2026 23:50:58";"BA";"2026-10-01";"23:51:22"
"LEÃO DE JUDÁ III";"443-009685-6-SC";"Ativa/Envio irregular";"07/01/2026 12:34";"30/01/2026 14:11:51";"SC";"2026-10-01";"23:51:22"
"LEAO DO NORTE";"161-003854-1-CE";"Ativa/Envio irregular";"30/06/2015 11:01";"01/07/2015 16:47:12";"CE";"2026-10-01";"23:51:22"
"Leão do norte JF";"163-004758-9-CE";"Ativa";"30/03/2020 13:19";"01/10/2026 23:35:46";"CE";"2026-10-01";"23:51:22"
"Leão ii / ex Luiz Felipe III";"381-015085-1-RJ";"Ativa";"14/09/2009 09:33";"01/10/2026 23:35:41";"RJ";"2026-10-01";"23:51:22"
"LEÃO MARINHO I";"201-021690-3-PB";"Ativa/Envio irregular";"17/10/2022 19:02";"20/12/2022 11:06:17";"PB";"2026-10-01";"23:51:22"
"Leardini IV";"401-058844-6-SP";"Ativa";"29/05/2008 15:18";"01/10/2026 23:42:41";"SP";"2026-10-01";"23:51:22"
"LEARDINI IX";"443-011235-5-SC";"Ativa";"29/02/2008 16:04";"01/10/2026 23:33:24";"SC";"2026-10-01";"23:51:22"
"Leardini VII";"401-058819-5-SP";"Ativa";"05/10/2007 16:50";"01/10/2026 23:38:57";"SP";"2026-10-01";"23:51:22"
"Leardini VIII";"401-058818-7-SP";"Ativa";"16/07/2007 15:35";"01/10/2026 23:39:50";"SP";"2026-10-01";"23:51:22"
"Leblon";"443-005281-6-SC";"Ativa/Envio irregular";"23/07/2007 10:59";"30/06/2011 07:14:21";"SC";"2026-10-01";"23:51:22"
"Leitisteinur";"181-E00211-6-RN";"Ativa/Envio irregular";"12/12/2008 16:06";"01/10/2009 08:10:52";"RN";"2026-10-01";"23:51:22"
"Leixões";"443-006580-2-SC";"Interrupção permanente";"25/07/2007 10:17";"12/10/2007 01:46:16";"SC";"2026-10-01";"23:51:22"
"Leixões I";"443-011976-7-SC";"Ativa";"29/07/2016 12:22";"01/10/2026 23:41:12";"SC";"2026-10-01";"23:51:22"
"Leninha III";"341-038762-5-ES";"Ativa";"19/06/2015 11:57";"01/10/2026 18:34:44";"ES";"2026-10-01";"23:51:22"
"LEOIGOR";"341-023861-1-ES";"Ativa";"03/10/2022 17:46";"01/10/2026 23:31:46";"ES";"2026-10-01";"23:51:22"
"Leo Lucas";"141-011234-9-PI";"Ativa";"21/01/2021 11:26";"01/10/2026 23:41:44";"PI";"2026-10-01";"23:51:22"
"Leonardo Vinagre";"401-012216-1-SP";"Ativa/Envio irregular";"08/08/2007 09:30";"07/07/2008 11:49:51";"SP";"2026-10-01";"23:51:22"
"Leopoldo III";"443-011052-2-SC";"Ativa/Envio irregular";"10/11/2008 14:53";"18/02/2025 11:21:25";"SC";"2026-10-01";"23:51:22"
"Leticia F";"341-023794-1-ES";"Ativa";"25/06/2018 08:34";"01/10/2026 23:41:36";"ES";"2026-10-01";"23:51:22"
"LEVI";"141-010829-5-PI";"Ativa/Envio irregular";"16/07/2015 18:03";"21/05/2026 12:01:14";"PI";"2026-10-01";"23:51:22"
"LI";"021-028870-1-PA";"Ativa/Envio irregular";"22/06/2011 10:25";"25/08/2014 14:00:55";"PA";"2026-10-01";"23:51:22"
"Liderança";"181-005270-0-RN";"Ativa";"11/10/2007 17:43";"01/10/2026 23:42:26";"RN";"2026-10-01";"23:51:22"
"Liderança Tuna I";"181-005503-2-RN";"Ativa/Envio irregular";"05/11/2008 08:03";"03/02/2018 07:01:12";"RN";"2026-10-01";"23:51:22"
"LIDERANCA VIII";"162-001619-2-CE";"Ativa/Envio irregular";"16/07/2015 18:03";"";"CE";"2026-10-01";"23:51:22"
"Lider V";"163-002001-0-CE";"Ativa";"08/08/2007 11:09";"01/10/2026 23:48:04";"CE";"2026-10-01";"23:51:22"
"LIDIANE";"141-010793-1-PI";"Ativa";"17/10/2023 12:32";"01/10/2026 23:48:02";"PI";"2026-10-01";"23:51:22"
"LIDIANOPOLES";"163-003844-0-CE";"Ativa";"30/06/2015 11:00";"01/10/2026 23:42:17";"CE";"2026-10-01";"23:51:22"
"Lilian I / ex Igaraçu";"401-013902-1-SP";"Ativa/Envio irregular";"17/03/2008 10:55";"21/12/2009 19:38:51";"SP";"2026-10-01";"23:51:22"
"LINDO HORIZONTE I";"443-011073-5-SC";"Ativa";"04/01/2023 18:01";"01/10/2026 23:48:45";"SC";"2026-10-01";"23:51:22"
"LINDOMAR PESCADO";"162-002500-1-CE";"Ativa/Envio irregular";"23/07/2026 10:44";"";"CE";"2026-10-01";"23:51:22"
"Lírio dos Vales I";"461-006936-9-RS";"Ativa";"04/09/2013 16:27";"01/10/2026 23:41:23";"RS";"2026-10-01";"23:51:22"
"Lirio dos Vales II";"461-007366-8-RS";"Ativa";"22/06/2012 16:59";"01/10/2026 23:44:33";"RS";"2026-10-01";"23:51:22"
"LISA I";"401-080792-0-SP";"Ativa";"30/07/2007 11:17";"01/10/2026 23:41:34";"SP";"2026-10-01";"23:51:22"
"Lisboa";"021-102853-3-PA";"Ativa";"10/05/2010 14:17";"01/10/2026 23:45:57";"PA";"2026-10-01";"23:51:22"
"LISBOA I";"021-100277-1-PA";"Desativada temporariamente";"16/05/2023 11:40";"22/09/2026 11:34:14";"PA";"2026-10-01";"23:51:22"
"Livia";"441-044441-7-SC";"Ativa/Envio irregular";"22/02/2022 10:00";"21/08/2024 09:49:18";"SC";"2026-10-01";"23:51:22"
"LIZANDRA MEDEIROS";"162-002019-0-CE";"Ativa/Envio irregular";"10/04/2026 15:05";"30/09/2026 19:02:19";"CE";"2026-10-01";"23:51:22"
"LMJ CRISPIM I";"442-020440-1-SC";"Ativa";"16/02/2023 12:10";"01/10/2026 23:38:42";"SC";"2026-10-01";"23:51:22"
"LN Maia";"182-005214-1-RN";"Ativa";"29/04/2020 15:38";"01/10/2026 23:46:09";"RN";"2026-10-01";"23:51:22"
"Lobão I";"021-030210-1-PA";"Ativa/Envio irregular";"14/05/2010 15:07";"01/10/2026 17:33:43";"PA";"2026-10-01";"23:51:22"
"Lobão leão";"163-004634-5-CE";"Ativa";"06/03/2020 11:45";"01/10/2026 23:36:45";"CE";"2026-10-01";"23:51:22"
"Loira";"443-004200-4-SC";"Interrupção permanente";"27/07/2010 10:42";"22/08/2013 15:44:05";"SC";"2026-10-01";"23:51:22"
"LP FELIPE I";"163-003851-2-PA";"Ativa/Envio irregular";"27/06/2019 11:59";"27/08/2020 09:09:07";"PA";"2026-10-01";"23:51:22"
"Lua Dourada M";"443-047897-0-SC";"Ativa";"29/04/2013 17:37";"01/10/2026 23:46:47";"SC";"2026-10-01";"23:51:22"
"LUANA XIII";"162-001451-3-CE";"Ativa";"27/03/2015 10:46";"01/10/2026 23:35:01";"CE";"2026-10-01";"23:51:22"
"Lua Nova";"381-044677-7-RJ";"Ativa/Envio irregular";"12/02/2008 14:27";"02/02/2025 08:13:39";"RJ";"2026-10-01";"23:51:22"
"Luan P";"441-010312-1-SC";"Ativa/Envio irregular";"15/04/2009 17:12";"19/02/2017 23:15:22";"SC";"2026-10-01";"23:51:22"
"Luan VI";"341-038912-1-ES";"Ativa";"16/04/2015 14:49";"01/10/2026 23:49:34";"ES";"2026-10-01";"23:51:22"
"Luan Vilmar / ex Vo Zezeca / ex Lourenço Filho";"443-011219-3-SC";"Ativa";"10/06/2008 10:54";"01/10/2026 23:48:54";"SC";"2026-10-01";"23:51:22"
"LUCAS I";"162-001645-1-CE";"Ativa";"24/06/2015 16:29";"01/10/2026 23:46:18";"CE";"2026-10-01";"23:51:22"
"Lucas J";"293-002143-8-BA";"Ativa/Envio irregular";"13/07/2022 11:58";"23/07/2025 10:02:12";"BA";"2026-10-01";"23:51:22"
"LUCAS MF";"163-004673-6-CE";"Ativa";"15/06/2023 09:11";"01/10/2026 23:46:08";"CE";"2026-10-01";"23:51:22"
"Lucca";"201-007585-4-PB";"Ativa";"03/01/2019 09:56";"01/10/2026 23:46:30";"PB";"2026-10-01";"23:51:22"
"Lucena FW";"163-004807-1-CE";"Ativa";"20/09/2021 10:11";"01/10/2026 23:43:43";"CE";"2026-10-01";"23:51:22"
"LUCENA FW III";"162-000817-3-CE";"Ativa";"24/06/2015 14:43";"01/10/2026 23:47:15";"CE";"2026-10-01";"23:51:22"
"LUCENA FW IV / ex Jr V";"182-002490-3-RN";"Ativa";"12/12/2019 17:33";"01/10/2026 23:40:17";"RN";"2026-10-01";"23:51:22"
"Luciana Andrade";"401-055570-0-SP";"Ativa";"23/07/2007 10:03";"01/10/2026 23:45:40";"SP";"2026-10-01";"23:51:22"
"LUCILENE";"162-001624-9-CE";"Ativa";"16/07/2015 18:04";"01/10/2026 23:35:27";"CE";"2026-10-01";"23:51:22"
"LUCINDA VITÓRIA";"163-001675-6-CE";"Ativa/Envio irregular";"17/12/2024 18:23";"28/06/2025 21:29:18";"CE";"2026-10-01";"23:51:22"
"LUDMILA";"163-003845-8-CE";"Ativa/Envio irregular";"24/06/2015 16:29";"01/07/2015 16:06:50";"CE";"2026-10-01";"23:51:22"
"LUISA COELHO /ex MARATONA H";"443-010589-8-SP";"Desativada temporariamente";"19/06/2009 16:01";"09/11/2025 00:20:48";"SP";"2026-10-01";"23:51:22"
"LUIS DOS REIS I";"161-006239-6-CE";"Ativa";"24/06/2015 16:30";"01/10/2026 23:47:34";"CE";"2026-10-01";"23:51:22"
"Luis dos Reis II";"161-006519-1-RN";"Ativa";"15/07/2020 09:16";"01/10/2026 23:40:53";"RN";"2026-10-01";"23:51:22"
"LUIS FELIPE";"441-008900-5-SC";"Ativa";"08/10/2007 14:56";"01/10/2026 23:38:34";"SC";"2026-10-01";"23:51:22"
"LUIS MARTINS";"161-005870-4-CE";"Ativa";"24/06/2015 16:31";"01/10/2026 23:40:05";"CE";"2026-10-01";"23:51:22"
"Luiz Custódio do Valle III";"401-014103-4-SP";"Ativa/Envio irregular";"04/11/2008 14:17";"27/12/2018 21:22:00";"SP";"2026-10-01";"23:51:22"
"Luiz Felipe";"201-022025-1-PB";"Ativa";"28/05/2020 09:34";"01/10/2026 23:38:16";"PB";"2026-10-01";"23:51:22"
"Luiz Paulo I";"443-011031-0-SC";"Ativa";"23/12/2008 15:43";"01/10/2026 23:45:47";"SC";"2026-10-01";"23:51:22"
"Luiz Paulo III";"443-047490-7-SC";"Ativa";"24/09/2010 16:57";"01/10/2026 23:48:22";"SC";"2026-10-01";"23:51:22"
"LUKA F / ex Suelem C";"443-006947-6-SC";"Ativa";"21/11/2011 13:25";"01/10/2026 23:47:27";"SC";"2026-10-01";"23:51:22"
"Lula II";"443-005374-0-SC";"Ativa/Envio irregular";"29/07/2008 14:45";"21/02/2009 03:49:14";"SC";"2026-10-01";"23:51:22"
"Lulamar";"182-005185-4-RN";"Ativa";"29/04/2020 15:46";"01/10/2026 23:32:40";"RN";"2026-10-01";"23:51:22"
"LUMAR I";"021-102557-7-PA";"Ativa";"27/11/2024 19:28";"01/10/2026 23:34:53";"PA";"2026-10-01";"23:51:22"
"Luz da Aurora / ex Karollina I";"443-011679-2-SC";"Ativa";"01/10/2012 15:05";"01/10/2026 23:49:21";"SC";"2026-10-01";"23:51:22"
"Luz da Manhã";"161-004937-3-CE";"Interrupção permanente";"01/08/2007 15:01";"15/10/2007 16:51:11";"CE";"2026-10-01";"23:51:22"
"Luz da Manha I";"021-016864-1-PA";"Ativa";"11/12/2007 15:12";"01/10/2026 23:50:01";"PA";"2026-10-01";"23:51:22"
"Luz da Vida S / Ex Andre Mar S";"443-011916-3-SC";"Ativa";"23/03/2009 10:25";"01/10/2026 23:48:50";"SC";"2026-10-01";"23:51:22"
"Luz Divina I";"443-011927-9-SC";"Ativa";"01/02/2008 17:23";"01/10/2026 23:39:12";"SC";"2026-10-01";"23:51:22"
"LUZ DO UNIVERSO";"386-000328-3-RJ";"Ativa";"28/05/2024 18:14";"01/10/2026 23:48:01";"RJ";"2026-10-01";"23:51:22"
"Luzitânia II";"381-007651-1-RJ";"Interrupção permanente";"20/07/2007 14:25";"19/09/2012 09:42:25";"RJ";"2026-10-01";"23:51:22"
"Luz Mar";"401-013769-0-SP";"Ativa";"18/05/2007 15:15";"01/10/2026 23:44:46";"SP";"2026-10-01";"23:51:22"
"Luz Marina";"401-021156-3-SP";"Ativa/Envio irregular";"03/04/2007 11:52";"07/11/2022 14:07:58";"SP";"2026-10-01";"23:51:22"
"Luz Solar / Ex Da Hora VI";"443-006906-9-SC";"Ativa";"28/06/2011 11:57";"01/10/2026 23:51:03";"SC";"2026-10-01";"23:51:22"
"Luz Solar I / ex Delmar II";"443-007715-1-SC";"Ativa";"21/09/2007 15:12";"01/10/2026 23:39:56";"SC";"2026-10-01";"23:51:22"
"MABEL III";"387-704248-1-RJ";"Ativa";"19/10/2022 18:55";"01/10/2026 23:48:39";"RJ";"2026-10-01";"23:51:22"
"Macedo I";"443-005401-1-SC";"Ativa";"11/06/2007 16:17";"01/10/2026 23:43:57";"SC";"2026-10-01";"23:51:22"
"MACEDO IV";"443-008238-3-SC";"Ativa";"09/01/2008 17:33";"01/10/2026 23:45:30";"SC";"2026-10-01";"23:51:22"
"Machote";"401-028696-2-BA";"Ativa";"02/02/2022 15:54";"01/10/2026 23:45:39";"BA";"2026-10-01";"23:51:22"
"MADALENA II";"161-003289-6-CE";"Ativa";"24/06/2015 16:31";"01/10/2026 23:47:26";"CE";"2026-10-01";"23:51:22"
"MADALENA MONTEIRO";"443-011240-1-SC";"Ativa";"23/12/2011 09:28";"01/10/2026 23:33:53";"SC";"2026-10-01";"23:51:22"
"MÃE BÃ";"293-006330-1-BA";"Ativa";"10/07/2024 18:20";"01/10/2026 23:47:25";"BA";"2026-10-01";"23:51:22"
"MÃE DÁGUA II";"341-023853-1-ES";"Ativa";"24/01/2025 10:38";"01/10/2026 23:48:44";"ES";"2026-10-01";"23:51:22"
"Mae Rita";"341-038829-0-ES";"Desativada temporariamente";"05/12/2019 15:31";"11/03/2026 17:31:48";"ES";"2026-10-01";"23:51:22"
"Mãe Vilma";"181-889532-3-RN";"Ativa";"01/07/2021 17:30";"01/10/2026 23:46:29";"RN";"2026-10-01";"23:51:22"
"Magalhães Silva X";"384-004884-2-RJ";"Ativa/Envio irregular";"15/02/2008 10:30";"23/08/2018 08:46:07";"RJ";"2026-10-01";"23:51:22"
"Magalhães Silva XII";"443-009147-1-SC";"Ativa";"14/02/2008 18:09";"01/10/2026 23:32:35";"SC";"2026-10-01";"23:51:22"
"Magia I";"183-005684-1-PI";"Ativa/Envio irregular";"11/06/2010 14:12";"21/11/2013 12:25:52";"PI";"2026-10-01";"23:51:22"
"Magia II";"021-030593-2-PA";"Ativa";"10/05/2010 11:42";"01/10/2026 23:46:57";"PA";"2026-10-01";"23:51:22"
"Magnata X";"182-005182-0-RN";"Ativa";"31/12/2019 12:23";"01/10/2026 23:50:32";"RN";"2026-10-01";"23:51:22"
"MAGNOLIA";"162-000455-1-CE";"Ativa";"30/06/2015 11:00";"01/10/2026 23:11:14";"CE";"2026-10-01";"23:51:22"
"Magos do Oriente C";"443-048193-8-SC";"Ativa";"09/05/2013 18:00";"01/10/2026 23:41:34";"SC";"2026-10-01";"23:51:22"
"Maguary LXIX";"021-022344-8-PA";"Ativa";"04/12/2007 16:32";"01/10/2026 23:38:17";"PA";"2026-10-01";"23:51:22"
"Maguary LXV";"021-020556-3-PA";"Ativa/Envio irregular";"25/10/2007 09:14";"20/08/2011 02:43:47";"PA";"2026-10-01";"23:51:22"
"Maguary LXVI";"021-020557-1-PA";"Ativa/Envio irregular";"24/10/2007 13:29";"31/03/2009 16:46:09";"PA";"2026-10-01";"23:51:22"
"Maguary LXVII";"021-020558-0-PA";"Ativa/Envio irregular";"04/12/2007 12:47";"19/07/2021 10:30:08";"PA";"2026-10-01";"23:51:22"
"Maguary LXVIII";"021-022038-4-PA";"Ativa/Envio irregular";"12/09/2007 10:22";"09/01/2009 18:47:09";"PA";"2026-10-01";"23:51:22"
"Maguary LXXI";"021-022658-7-PA";"Ativa/Envio irregular";"04/12/2007 16:02";"19/07/2021 10:14:11";"PA";"2026-10-01";"23:51:22"
"Maguary LXXII";"021-022663-3-PA";"Ativa/Envio irregular";"04/12/2007 15:20";"31/03/2009 16:20:15";"PA";"2026-10-01";"23:51:22"
"Maguary XLI";"161-005028-2-CE";"Ativa/Envio irregular";"09/07/2007 15:31";"25/08/2026 11:19:46";"CE";"2026-10-01";"23:51:22"
"Maguary XLII";"161-005029-1-CE";"Ativa";"28/06/2007 17:24";"01/10/2026 23:51:05";"CE";"2026-10-01";"23:51:22"
"Maguary XLIII";"161-005032-1-CE";"Ativa/Envio irregular";"04/12/2007 16:56";"11/01/2011 09:00:45";"CE";"2026-10-01";"23:51:22"
"Maguary XLIV";"021-018257-1-PA";"Ativa/Envio irregular";"09/11/2007 09:24";"30/10/2009 00:56:10";"PA";"2026-10-01";"23:51:22"
"Maguary XLV";"161-004152-6-CE";"Ativa/Envio irregular";"04/12/2007 13:19";"01/06/2026 14:56:44";"CE";"2026-10-01";"23:51:22"
"Maguary XLVI";"161-005025-8-CE";"Ativa/Envio irregular";"11/09/2007 17:36";"22/10/2011 12:39:22";"CE";"2026-10-01";"23:51:22"
"Maguary XLVII";"021-023744-9-PA";"Ativa/Envio irregular";"24/10/2007 11:05";"19/07/2021 10:10:40";"PA";"2026-10-01";"23:51:22"
"Maguary XXI";"161-004025-2-CE";"Ativa";"24/10/2007 10:41";"01/10/2026 23:42:17";"CE";"2026-10-01";"23:51:22"
"Maguary XXIII";"161-003979-3-CE";"Ativa/Envio irregular";"23/07/2007 17:11";"15/11/2011 11:13:17";"CE";"2026-10-01";"23:51:22"
"Maguary XXIX";"021-019133-3-PA";"Ativa/Envio irregular";"05/12/2007 15:37";"31/03/2009 17:25:47";"PA";"2026-10-01";"23:51:22"
"Maguary XXVI";"161-003982-3-CE";"Ativa/Envio irregular";"12/12/2007 16:56";"15/02/2018 07:57:42";"CE";"2026-10-01";"23:51:22"
"Maguary XXVII";"161-004582-3-CE";"Ativa/Envio irregular";"24/10/2007 10:17";"31/10/2011 16:11:07";"CE";"2026-10-01";"23:51:22"
"Maguary XXXII";"161-004000-7-CE";"Ativa/Envio irregular";"12/09/2007 09:14";"19/01/2009 13:58:49";"CE";"2026-10-01";"23:51:22"
"Maguary XXXIV";"161-003943-2-CE";"Ativa/Envio irregular";"11/07/2008 16:29";"16/01/2009 06:43:02";"CE";"2026-10-01";"23:51:22"
"Maguary XXXIX";"181-003473-6-RN";"Ativa";"09/07/2007 11:50";"01/10/2026 23:32:34";"RN";"2026-10-01";"23:51:22"
"Maguary XXXVII";"021-018317-9-PA";"Ativa/Envio irregular";"12/12/2007 16:34";"18/11/2010 14:40:00";"PA";"2026-10-01";"23:51:22"
"Maguary XXXVIII";"181-003472-8-RN";"Ativa";"28/06/2007 17:24";"01/10/2026 23:41:28";"RN";"2026-10-01";"23:51:22"
"Maguita II";"021-030214-3-PA";"Ativa/Envio irregular";"14/05/2010 17:41";"25/03/2020 10:47:52";"PA";"2026-10-01";"23:51:22"
"MAIAME";"162-000714-2-CE";"Ativa";"24/06/2015 16:31";"01/10/2026 23:43:01";"CE";"2026-10-01";"23:51:22"
"MAIAMI NEVES";"161-005685-0-CE";"Ativa";"25/04/2023 12:01";"01/10/2026 23:40:58";"CE";"2026-10-01";"23:51:22"
"Mais Q. Vencedor";"443-006276-5-SC";"Ativa/Envio irregular";"22/04/2021 10:31";"21/02/2022 14:23:32";"SC";"2026-10-01";"23:51:22"
"MAIS Q VENCEDOR QB";"386-000978-8-RJ";"Ativa";"03/09/2019 17:53";"01/10/2026 23:49:48";"RJ";"2026-10-01";"23:51:22"
"Mako";"293-005813-7-BA";"Desativada temporariamente";"20/12/2019 18:16";"21/06/2026 16:21:46";"BA";"2026-10-01";"23:51:22"
"Maksoel";"461-006799-4-RS";"Ativa/Envio irregular";"02/02/2023 14:26";"30/05/2025 14:26:13";"RS";"2026-10-01";"23:51:22"
"Maktub VII / Viola F / ex Canaã VII";"341-038315-8-ES";"Ativa/Envio irregular";"13/11/2012 17:53";"18/05/2016 18:01:20";"ES";"2026-10-01";"23:51:22"
"MALAQUIAS II";"161-002827-9-CE";"Ativa";"14/08/2024 11:48";"01/10/2026 23:47:54";"CE";"2026-10-01";"23:51:22"
"Manoel Cordeiro";"443-011148-1-SC";"Ativa";"11/02/2008 09:58";"01/10/2026 23:48:36";"SC";"2026-10-01";"23:51:22"
"Manoel Cunha";"183-005547-0-PI";"Ativa";"21/07/2021 10:17";"01/10/2026 23:37:43";"PI";"2026-10-01";"23:51:22"
"Manoel Espogeiro";"443-010056-0-SC";"Ativa/Envio irregular";"15/04/2010 10:42";"29/08/2026 07:50:32";"SC";"2026-10-01";"23:51:22"
"MANOEL LESSA";"445-111132-3-SC";"Ativa/Envio irregular";"04/03/2011 17:10";"18/09/2024 11:37:36";"SC";"2026-10-01";"23:51:22"
"MANOEL LESSA I";"445-008558-2-SC";"Ativa/Envio irregular";"16/09/2009 08:20";"25/01/2026 14:04:39";"SC";"2026-10-01";"23:51:22"
"Manoel Lessa II";"445-008204-4-SC";"Ativa/Envio irregular";"05/08/2020 10:22";"06/01/2026 07:57:14";"SC";"2026-10-01";"23:51:22"
"MANOEL LESSA IV";"443-007925-1-SC";"Ativa";"11/06/2007 16:19";"01/10/2026 23:40:42";"SC";"2026-10-01";"23:51:22"
"Manoel Vieira I";"381-022501-1-RJ";"Ativa/Envio irregular";"29/05/2008 14:30";"23/04/2025 08:25:34";"RJ";"2026-10-01";"23:51:22"
"Mano Pedro / EXSenhora do Mar";"381-005793-2-RJ";"Ativa/Envio irregular";"03/05/2010 13:53";"04/10/2024 12:01:23";"RJ";"2026-10-01";"23:51:22"
"Manuela R";"461-010289-7-SC";"Ativa";"20/02/2015 14:19";"01/10/2026 23:49:19";"SC";"2026-10-01";"23:51:22"
"Manuela Simão /Ex Ana Laura I";"443-005475-4-SC";"Ativa/Envio irregular";"14/10/2009 10:12";"04/11/2023 00:00:13";"SC";"2026-10-01";"23:51:22"
"Manuella P";"443-006726-1-SC";"Ativa";"23/11/2020 12:11";"01/10/2026 23:35:36";"SC";"2026-10-01";"23:51:22"
"Manuella Pinheiro";"401-055562-9-SP";"Ativa/Envio irregular";"27/08/2012 15:04";"11/08/2026 13:13:13";"SP";"2026-10-01";"23:51:22"
"MANUEL NETO";"293-006356-4-BA";"Ativa";"17/01/2025 12:32";"01/10/2026 23:42:05";"BA";"2026-10-01";"23:51:22"
"MANU F";"461-006960-1-RS";"Ativa";"11/08/2023 11:10";"01/10/2026 23:43:56";"RS";"2026-10-01";"23:51:22"
"Manu II / ex Manu";"461-009626-9-RS";"Ativa";"04/12/2012 16:10";"01/10/2026 23:39:25";"RS";"2026-10-01";"23:51:22"
"Manu Miguel / Ex. Carejo II";"443-009103-0-SC";"Ativa/Envio irregular";"04/04/2008 17:02";"18/08/2020 14:35:55";"SC";"2026-10-01";"23:51:22"
"MANZUA VI";"341-014527-3-ES";"Ativa/Envio irregular";"26/07/2023 09:14";"22/06/2026 17:16:09";"ES";"2026-10-01";"23:51:22"
"Manzua VII";"341-014678-4-BA";"Ativa/Envio irregular";"03/02/2020 12:17";"01/10/2026 23:14:01";"BA";"2026-10-01";"23:51:22"
"Mapim VI";"161-005321-4-CE";"Ativa/Envio irregular";"25/01/2010 09:41";"27/12/2023 11:30:43";"CE";"2026-10-01";"23:51:22"
"Maragogi";"221-014179-6-PE";"Ativa/Envio irregular";"13/05/2010 14:55";"23/06/2025 11:23:52";"PE";"2026-10-01";"23:51:22"
"Marajá II";"341-023652-0-ES";"Ativa/Envio irregular";"13/10/2020 11:49";"16/01/2025 11:58:35";"ES";"2026-10-01";"23:51:22"
"MARAJÓ";"293-001977-8-BA";"Ativa";"01/04/2026 16:23";"01/10/2026 23:35:41";"BA";"2026-10-01";"23:51:22"
"Maranil";"403-005974-1-SP";"Ativa";"20/08/2007 09:23";"01/10/2026 23:33:36";"SP";"2026-10-01";"23:51:22"
"MARASTRAL I";"443-006734-1-SC";"Ativa";"24/10/2011 07:55";"01/10/2026 23:41:44";"SC";"2026-10-01";"23:51:22"
"Mar Azul D / Lila VI - S";"404-007654-1-SP";"Ativa/Envio irregular";"22/09/2009 17:19";"02/06/2012 08:10:09";"SP";"2026-10-01";"23:51:22"
"Marbella I";"443-008293-6-SC";"Ativa";"17/07/2007 18:11";"01/10/2026 23:37:42";"SC";"2026-10-01";"23:51:22"
"MARBELO";"221-015130-9-PE";"Ativa";"27/12/2022 10:08";"01/10/2026 23:35:43";"PE";"2026-10-01";"23:51:22"
"MAR BELO C";"403-021314-6-SP";"Ativa";"31/03/2016 10:48";"01/10/2026 23:41:02";"SP";"2026-10-01";"23:51:22"
"MAR CELESTE";"383-003800-3-RJ";"Ativa";"25/09/2025 10:59";"01/10/2026 23:35:07";"RJ";"2026-10-01";"23:51:22"
"Marcelino I";"461-009418-5-RS";"Ativa";"06/06/2022 11:05";"01/10/2026 23:42:26";"RS";"2026-10-01";"23:51:22"
"Marcelo da Costa Jr / ex Mar de Beth / ex Leopesca II";"441-014553-3-SC";"Ativa/Envio irregular";"11/11/2008 10:39";"19/09/2023 11:50:26";"SC";"2026-10-01";"23:51:22"
"Marcelo Junior IV";"021-030777-3-PA";"Ativa/Envio irregular";"22/06/2011 10:41";"13/09/2012 05:12:07";"PA";"2026-10-01";"23:51:22"
"Marcia";"161-003412-1-CE";"Ativa/Envio irregular";"23/02/2021 13:59";"13/12/2025 04:41:15";"CE";"2026-10-01";"23:51:22"
"MARCIO JUNIOR FZM";"161-005456-3-CE";"Ativa/Envio irregular";"30/06/2015 10:57";"02/09/2021 20:53:00";"CE";"2026-10-01";"23:51:22"
"Marcio Lamas";"021-022725-7-PA";"Ativa/Envio irregular";"18/04/2008 14:46";"20/01/2020 12:47:46";"PA";"2026-10-01";"23:51:22"
"Marco Antonio P / Estrela de Ouro III";"381-020497-8-SC";"Ativa/Envio irregular";"28/12/2011 10:05";"24/12/2025 20:02:48";"SC";"2026-10-01";"23:51:22"
"MARCO ANTONIO PINHEIRO / ex Vovik I / Ex Araça VIII";"443-012425-6-SC";"Ativa";"10/08/2011 16:15";"01/10/2026 23:37:11";"SC";"2026-10-01";"23:51:22"
"Marcos Antonio F / ex João Marcos F / Ex Cabral VI";"443-010059-4-SC";"Ativa/Envio irregular";"27/05/2011 11:46";"11/05/2026 14:09:01";"SC";"2026-10-01";"23:51:22"
"MARCOS ANTONIO FF";"441-009810-1-SC";"Desativada temporariamente";"05/07/2007 13:38";"30/09/2026 19:49:47";"SC";"2026-10-01";"23:51:22"
"Marcos Antonio I";"182-002223-4-RN";"Ativa";"11/05/2015 17:48";"01/10/2026 23:42:31";"RN";"2026-10-01";"23:51:22"
"Marcos Felipe II / ex Heloisa Helena / ex Ze Trovao Açu";"443-011774-8-SC";"Ativa";"02/08/2012 09:30";"01/10/2026 23:48:11";"SC";"2026-10-01";"23:51:22"
"Marcos Filho Nto";"163-004721-0-CE";"Ativa";"11/03/2020 11:08";"01/10/2026 23:37:11";"CE";"2026-10-01";"23:51:22"
"MARCOS GUILHERME";"342-004879-3-ES";"Ativa";"18/05/2023 11:24";"01/10/2026 23:49:49";"ES";"2026-10-01";"23:51:22"
"MARCOS I";"183-005469-4-PI";"Ativa";"09/03/2015 14:57";"01/10/2026 23:37:01";"PI";"2026-10-01";"23:51:22"
"Marcos Vitor";"341-023932-4-ES";"Ativa";"08/10/2018 17:30";"01/10/2026 23:44:33";"ES";"2026-10-01";"23:51:22"
"Mar Cristalino";"443-011362-9-SC";"Ativa";"17/06/2008 12:08";"01/10/2026 23:42:50";"SC";"2026-10-01";"23:51:22"
"Mar Cristalino MS";"443-012342-0-SC";"Ativa";"28/04/2009 11:18";"01/10/2026 23:45:11";"SC";"2026-10-01";"23:51:22"
"Mar Cristalino VP";"443-050148-3-SC";"Ativa";"19/05/2022 16:26";"01/10/2026 23:41:33";"SC";"2026-10-01";"23:51:22"
"Mar da Enseada II";"443-012316-1-SC";"Ativa";"26/08/2008 17:27";"01/10/2026 23:33:52";"SC";"2026-10-01";"23:51:22"
"MAR DA FÉ C";"404-007013-5-SP";"Ativa";"28/11/2023 15:22";"01/10/2026 23:48:36";"SP";"2026-10-01";"23:51:22"
"MAR DA GALILEIA I";"021-101176-2-PA";"Ativa";"07/11/2014 17:51";"01/10/2026 23:03:47";"PA";"2026-10-01";"23:51:22"
"Mar da Póvoa / Ex Anga X";"381-045837-6-RJ";"Ativa";"26/04/2010 09:28";"01/10/2026 23:48:15";"RJ";"2026-10-01";"23:51:22"
"Mar da Tranquilidade";"381-006986-8-RJ";"Ativa/Envio irregular";"08/08/2007 16:06";"27/08/2024 02:22:42";"RJ";"2026-10-01";"23:51:22"
"Mar de Castanhas / ex Santo Antonio dos Anjos";"443-006336-2-SC";"Ativa/Envio irregular";"16/02/2009 17:19";"22/11/2018 22:02:20";"SC";"2026-10-01";"23:51:22"
"Mar de Coral";"441-010069-6-SC";"Ativa";"04/05/2012 14:43";"01/10/2026 23:43:01";"SC";"2026-10-01";"23:51:22"
"MAR DE GAEL IS";"443-050723-6-SC";"Ativa";"13/11/2024 16:58";"01/10/2026 23:32:21";"SC";"2026-10-01";"23:51:22"
"Mar de Galicia";"441-010068-8-SC";"Ativa";"04/05/2012 11:57";"01/10/2026 23:49:29";"SC";"2026-10-01";"23:51:22"
"MAR DEL PLATA J";"162-001207-3-CE";"Ativa";"13/03/2026 11:01";"01/10/2026 23:29:13";"CE";"2026-10-01";"23:51:22"
"Mar do Arvoredo";"441-013730-1-SC";"Ativa";"06/03/2009 16:46";"01/10/2026 23:43:56";"SC";"2026-10-01";"23:51:22"
"Mar do Leste";"443-000673-3-SC";"Interrupção permanente";"02/04/2008 16:49";"03/02/2011 11:49:36";"SC";"2026-10-01";"23:51:22"
"Mardoqueu";"401-010719-7-SP";"Ativa/Envio irregular";"23/07/2012 17:34";"24/10/2018 09:04:02";"SP";"2026-10-01";"23:51:22"
"MARE ALTA -F";"162-000727-4-CE";"Ativa/Envio irregular";"30/06/2015 10:56";"01/07/2015 16:32:40";"CE";"2026-10-01";"23:51:22"
"MARÉ BAIXA F";"161-005069-0-CE";"Ativa/Envio irregular";"31/05/2023 17:09";"15/09/2026 10:07:37";"CE";"2026-10-01";"23:51:22"
"MAREMAR";"163-003856-3-CE";"Ativa";"06/05/2026 10:23";"01/10/2026 23:36:50";"CE";"2026-10-01";"23:51:22"
"MAREMAR II";"162-001600-1-CE";"Ativa";"30/12/2025 10:59";"01/10/2026 23:50:55";"CE";"2026-10-01";"23:51:22"
"MAR E MAR PESCA";"443-011591-5-SC";"Ativa";"17/07/2008 16:15";"01/10/2026 23:33:28";"SC";"2026-10-01";"23:51:22"
"MARESIA I";"021-100458-8-PA";"Ativa";"07/04/2026 09:53";"01/10/2026 23:42:17";"PA";"2026-10-01";"23:51:22"
"MARESIA II";"021-100460-0-PA";"Ativa";"16/06/2026 12:23";"01/10/2026 23:34:49";"PA";"2026-10-01";"23:51:22"
"MARESIA III";"021-101496-6-PA";"Ativa";"14/09/2026 11:22";"01/10/2026 23:47:36";"PA";"2026-10-01";"23:51:22"
"MARESIA IV";"021-101497-4-PA";"Ativa";"08/07/2026 10:07";"01/10/2026 23:36:34";"PA";"2026-10-01";"23:51:22"
"Marfrio";"401-058832-2-SP";"Ativa/Envio irregular";"22/03/2010 10:53";"07/03/2012 14:54:07";"SP";"2026-10-01";"23:51:22"
"MARGIT";"181-004411-1-RN";"Ativa";"10/10/2024 11:21";"01/10/2026 23:44:45";"RN";"2026-10-01";"23:51:22"
"Maria";"461-003813-7-RS";"Ativa";"12/06/2008 09:47";"01/10/2026 23:35:26";"RS";"2026-10-01";"23:51:22"
"Maria Angela M / ex Senhor do Universo A";"401-019807-9-SP";"Desativada temporariamente";"07/10/2008 17:11";"02/07/2025 06:00:40";"SP";"2026-10-01";"23:51:22"
"Maria Clara";"441-013297-1-SC";"Ativa/Envio irregular";"26/12/2018 18:05";"18/12/2025 10:14:25";"SC";"2026-10-01";"23:51:22"
"Maria Cristina I S";"443-011780-2-SC";"Ativa/Envio irregular";"18/11/2009 11:15";"20/09/2026 02:14:27";"SC";"2026-10-01";"23:51:22"
"Maria da Luz";"461-008566-6-RS";"Ativa";"01/10/2014 17:27";"01/10/2026 23:35:35";"RS";"2026-10-01";"23:51:22"
"Maria de Jesus JL";"163-004611-6-CE";"Ativa";"01/02/2022 15:07";"01/10/2026 23:36:50";"CE";"2026-10-01";"23:51:22"
"MARIA DE LOURDES";"161-002867-8-CE";"Ativa";"09/09/2025 15:51";"01/10/2026 23:41:04";"CE";"2026-10-01";"23:51:22"
"Maria Eduarda de Bragança";"021-030363-8-PA";"Ativa";"05/05/2010 16:19";"01/10/2026 23:33:46";"PA";"2026-10-01";"23:51:22"
"Maria Eduarda R / ex Araça VII";"443-011914-7-SC";"Ativa";"10/06/2009 15:32";"01/10/2026 23:40:47";"SC";"2026-10-01";"23:51:22"
"Maria Geovana";"021-102993-9-PA";"Ativa";"21/06/2021 15:29";"01/10/2026 23:34:58";"PA";"2026-10-01";"23:51:22"
"MARIA ISABEL IV";"162-000694-4-CE";"Ativa";"24/06/2015 16:32";"01/10/2026 23:38:09";"CE";"2026-10-01";"23:51:22"
"Maria Leticia";"401-026135-8-SP";"Interrupção permanente";"17/07/2007 09:29";"08/05/2013 14:29:15";"SP";"2026-10-01";"23:51:22"
"MARIA LUIZA";"341-023034-3-ES";"Desativada temporariamente";"27/03/2025 10:40";"28/09/2026 19:40:38";"ES";"2026-10-01";"23:51:22"
"Maria Marilene II / ex Morumbi";"401-016028-4-SP";"Ativa/Envio irregular";"29/06/2007 09:02";"22/09/2009 10:27:19";"SP";"2026-10-01";"23:51:22"
"Maria Marilene M / Siena I";"401-058828-4-SP";"Ativa/Envio irregular";"19/02/2013 10:46";"19/11/2014 15:50:20";"SP";"2026-10-01";"23:51:22"
"Mariana III";"341-023756-9-ES";"Ativa/Envio irregular";"02/12/2019 17:41";"30/09/2026 14:34:24";"ES";"2026-10-01";"23:51:22"
"Maria Olímpia";"381-050949-3-RJ";"Ativa";"10/03/2010 11:05";"01/10/2026 23:48:43";"RJ";"2026-10-01";"23:51:22"
"Maria Silva";"162-001232-4-CE";"Ativa";"24/10/2019 16:31";"01/10/2026 23:48:02";"CE";"2026-10-01";"23:51:22"
"Maria Tatiane II";"021-099204-2-PA";"Ativa";"06/03/2017 09:50";"01/10/2026 23:40:35";"PA";"2026-10-01";"23:51:22"
"MARIA TEREZA DI";"163-004783-0-CE";"Ativa";"01/07/2025 09:40";"01/10/2026 23:48:56";"CE";"2026-10-01";"23:51:22"
"MARIBONDO MAR";"161-003756-1-CE";"Ativa";"02/12/2025 11:50";"01/10/2026 23:50:36";"CE";"2026-10-01";"23:51:22"
"MARILIA I A";"443-008267-7-SC";"Ativa";"21/01/2013 14:43";"01/10/2026 23:42:18";"SC";"2026-10-01";"23:51:22"
"Marilia III";"443-009128-5-SC";"Ativa";"03/04/2012 10:46";"01/10/2026 23:45:50";"SC";"2026-10-01";"23:51:22"
"Marilia IV";"443-009131-5-SC";"Ativa";"12/07/2012 09:21";"01/10/2026 23:37:16";"SC";"2026-10-01";"23:51:22"
"Marilia Santiago";"163-004088-6-CE";"Ativa";"30/04/2010 12:00";"01/10/2026 23:41:43";"CE";"2026-10-01";"23:51:22"
"MARINO";"341-023733-0-ES";"Ativa";"23/05/2024 10:11";"01/10/2026 23:34:01";"ES";"2026-10-01";"23:51:22"
"MARISA";"162-000841-6-CE";"Ativa";"27/03/2015 10:47";"01/10/2026 23:31:10";"CE";"2026-10-01";"23:51:22"
"MARIS II";"162-000767-3-CE";"Ativa";"05/05/2023 14:56";"01/10/2026 23:49:29";"CE";"2026-10-01";"23:51:22"
"Maris MR";"162-002372-5-CE";"Ativa";"07/02/2022 16:59";"01/10/2026 23:40:46";"CE";"2026-10-01";"23:51:22"
"MARIS X";"162-001956-6-CE";"Ativa";"30/06/2015 11:07";"01/10/2026 23:50:01";"CE";"2026-10-01";"23:51:22"
"Marlin Azul";"181-005790-6-RN";"Ativa/Envio irregular";"21/09/2009 11:18";"28/07/2026 12:08:43";"RN";"2026-10-01";"23:51:22"
"Marlin I";"161-003806-1-CE";"Cadastrada";"";"";"CE";"2026-10-01";"23:51:22"
"Marlin II";"163-001847-3-CE";"Ativa";"22/03/2007 14:17";"01/10/2026 23:39:57";"CE";"2026-10-01";"23:51:22"
"Mar Maria";"181-E00145-4-RN";"Ativa/Envio irregular";"09/03/2007 15:53";"23/04/2009 13:01:23";"RN";"2026-10-01";"23:51:22"
"Marpex V";"161-004931-4-CE";"Ativa";"28/11/2017 06:50";"01/10/2026 23:32:35";"CE";"2026-10-01";"23:51:22"
"MARQUES II";"181-004884-2-RN";"Ativa/Envio irregular";"09/03/2015 14:54";"01/07/2015 16:25:02";"RN";"2026-10-01";"23:51:22"
"Marques Torres I";"401-015648-1-SP";"Ativa/Envio irregular";"17/05/2010 09:52";"14/02/2018 07:44:47";"SP";"2026-10-01";"23:51:22"
"Marques Torres III";"401-041624-6-SP";"Ativa/Envio irregular";"04/05/2010 11:19";"23/09/2023 23:31:40";"SP";"2026-10-01";"23:51:22"
"Martim Vaz/ ex Caixa D'aço II";"443-006617-5-SC";"Ativa";"10/08/2007 09:54";"01/10/2026 23:38:27";"SC";"2026-10-01";"23:51:22"
"Martins Fontes";"381-022475-8-RJ";"Ativa/Envio irregular";"20/07/2007 14:40";"14/09/2015 08:31:52";"RJ";"2026-10-01";"23:51:22"
"MARTINS II";"163-003909-8-CE";"Ativa";"24/06/2015 16:34";"01/10/2026 23:33:27";"CE";"2026-10-01";"23:51:22"
"MATEUS K";"163-003849-1-CE";"Ativa";"24/06/2015 16:34";"01/10/2026 23:29:56";"CE";"2026-10-01";"23:51:22"
"Mateus SC";"163-004628-1-CE";"Ativa/Envio irregular";"09/11/2021 16:27";"24/01/2024 17:08:27";"CE";"2026-10-01";"23:51:22"
"Matheus";"401-014270-7-SP";"Ativa/Envio irregular";"08/09/2008 16:52";"01/09/2010 22:20:58";"SP";"2026-10-01";"23:51:22"
"Matheus F I /Ex Leanderson F";"401-019199-6-SP";"Desativada temporariamente";"25/03/2013 17:03";"23/09/2026 11:10:53";"SP";"2026-10-01";"23:51:22"
"MATHEUS F II";"443-005731-1-SC";"Ativa/Envio irregular";"19/11/2007 14:52";"02/11/2024 02:37:06";"SC";"2026-10-01";"23:51:22"
"Matheus Marques";"443-048463-5-SC";"Ativa";"16/03/2015 16:43";"01/10/2026 23:34:44";"SC";"2026-10-01";"23:51:22"
"Matheus Rio V";"341-023926-0-ES";"Ativa/Envio irregular";"27/01/2010 16:59";"15/07/2015 10:11:12";"ES";"2026-10-01";"23:51:22"
"Matrix A";"443-011794-2-SC";"Ativa";"21/06/2007 09:41";"01/10/2026 23:41:38";"SC";"2026-10-01";"23:51:22"
"Matrix de Belem";"021-031824-4-PA";"Ativa/Envio irregular";"14/06/2012 14:35";"01/10/2013 14:54:36";"PA";"2026-10-01";"23:51:22"
"Mauricio Lamas";"021-031230-1-PA";"Ativa";"19/10/2007 09:15";"01/10/2026 23:35:58";"PA";"2026-10-01";"23:51:22"
"Maurilio";"163-004087-8-CE";"Ativa";"03/05/2010 11:30";"01/10/2026 23:35:38";"CE";"2026-10-01";"23:51:22"
"Maurilio Filho";"163-001685-3-CE";"Ativa";"29/07/2016 09:05";"01/10/2026 23:31:31";"CE";"2026-10-01";"23:51:22"
"Mauro Lamas";"021-028595-8-PA";"Ativa";"11/09/2007 15:15";"01/10/2026 23:44:29";"PA";"2026-10-01";"23:51:22"
"MC ROGERIO";"161-005849-6-CE";"Ativa";"24/06/2015 17:44";"01/10/2026 23:42:41";"CE";"2026-10-01";"23:51:22"
"Meirilene I";"163-003830-0-CE";"Ativa";"10/03/2010 11:35";"01/10/2026 19:29:59";"CE";"2026-10-01";"23:51:22"
"Meka";"021-029364-1-PA";"Ativa/Envio irregular";"27/07/2007 10:30";"18/09/2024 08:40:26";"PA";"2026-10-01";"23:51:22"
"Mellina";"021-101414-1-PA";"Ativa/Envio irregular";"03/05/2019 19:00";"18/12/2025 10:09:12";"PA";"2026-10-01";"23:51:22"
"Mendonça Filho I";"221-005121-5-PA";"Ativa/Envio irregular";"12/09/2013 11:40";"18/11/2014 10:22:55";"PA";"2026-10-01";"23:51:22"
"Menezes F / ex Flor de Lotus / ex Luar do Itajuru II";"384-007439-8-RJ";"Ativa";"16/09/2008 14:48";"01/10/2026 23:32:04";"RJ";"2026-10-01";"23:51:22"
"Menina Lyvia / ex Santa Terezinha 4";"443-011357-2-SC";"Ativa";"13/10/2009 16:16";"01/10/2026 23:36:15";"SC";"2026-10-01";"23:51:22"
"Menino Deus II";"443-006932-8-RS";"Ativa";"22/04/2015 17:50";"01/10/2026 23:03:38";"RS";"2026-10-01";"23:51:22"
"Menino do Rio";"445-010644-0-SC";"Ativa";"18/07/2007 17:26";"01/10/2026 23:40:12";"SC";"2026-10-01";"23:51:22"
"Menino do Rio I";"443-009174-9-SC";"Ativa";"04/10/2007 15:14";"01/10/2026 23:39:23";"SC";"2026-10-01";"23:51:22"
"Menino Jesus L";"162-002413-6-CE";"Ativa";"28/12/2020 12:25";"01/10/2026 23:42:47";"CE";"2026-10-01";"23:51:22"
"MENSAGEIRO DA PAZ AE";"161-003729-4-CE";"Ativa";"29/04/2025 16:06";"01/10/2026 23:41:33";"CE";"2026-10-01";"23:51:22"
"MENSAGEIRO DO MAR";"403-016625-3-SP";"Ativa/Envio irregular";"22/12/2025 16:22";"01/10/2026 23:31:03";"SP";"2026-10-01";"23:51:22"
"Mensageiro do Mar IV / ex Centauro F I";"381-044704-8-RJ";"Ativa/Envio irregular";"31/01/2008 15:00";"30/09/2026 15:43:23";"RJ";"2026-10-01";"23:51:22"
"Mericia I";"443-007134-9-SC";"Ativa";"10/11/2008 08:50";"01/10/2026 23:39:50";"SC";"2026-10-01";"23:51:22"
"Mericia III";"421-148744-2-PR";"Ativa/Envio irregular";"08/10/2008 10:02";"09/12/2014 13:09:02";"PR";"2026-10-01";"23:51:22"
"Mericia IV / ex Vamar II";"401-010645-0-SP";"Ativa";"26/04/2010 17:10";"01/10/2026 23:44:29";"SP";"2026-10-01";"23:51:22"
"MERICIA V";"443-048543-7-SC";"Ativa";"29/07/2016 11:47";"01/10/2026 23:46:07";"SC";"2026-10-01";"23:51:22"
"MERIDIANO 3";"401-028743-8-SP";"Ativa";"20/02/2015 14:16";"01/10/2026 23:39:00";"SP";"2026-10-01";"23:51:22"
"Meridional II / ex Fort II";"021-016844-7-PA";"Ativa/Envio irregular";"26/07/2007 10:46";"09/06/2023 14:12:32";"PA";"2026-10-01";"23:51:22"
"Meridional IX / ex Fort XXII";"161-005676-1-CE";"Ativa";"19/07/2007 17:21";"01/10/2026 23:48:46";"CE";"2026-10-01";"23:51:22"
"Meridional V / ex Fort VIII";"021-016672-0-PA";"Ativa";"24/07/2007 11:06";"01/10/2026 23:39:58";"PA";"2026-10-01";"23:51:22"
"Meridional VII";"161-005447-4-CE";"Ativa";"13/07/2012 17:16";"01/10/2026 23:36:20";"CE";"2026-10-01";"23:51:22"
"Meridional VIII / ex Fort XVII";"161-004440-1-CE";"Ativa";"27/07/2007 14:44";"01/10/2026 23:48:03";"CE";"2026-10-01";"23:51:22"
"MERIN";"162-000737-1-CE";"Ativa";"24/06/2015 16:35";"01/10/2026 23:31:10";"CE";"2026-10-01";"23:51:22"
"MERKATO";"341-023291-5-ES";"Ativa/Envio irregular";"21/05/2026 11:41";"29/09/2026 04:02:20";"ES";"2026-10-01";"23:51:22"
"MESTRE CELSO";"443-011553-2-SC";"Ativa/Envio irregular";"18/10/2007 18:04";"28/02/2026 04:27:17";"SC";"2026-10-01";"23:51:22"
"Mestre Doca I";"443-010741-6-SC";"Ativa/Envio irregular";"01/08/2007 16:20";"10/11/2021 17:44:40";"SC";"2026-10-01";"23:51:22"
"Mestre dos Mares";"461-007560-1-RS";"Ativa/Envio irregular";"04/03/2008 14:06";"02/09/2023 09:51:15";"RS";"2026-10-01";"23:51:22"
"Mestre dos Mares / ex Vivian S";"443-011566-4-SC";"Ativa";"13/11/2008 14:38";"01/10/2026 23:39:41";"SC";"2026-10-01";"23:51:22"
"MESTRE GAEL";"443-050244-7-SC";"Ativa";"10/03/2023 12:01";"01/10/2026 23:50:26";"SC";"2026-10-01";"23:51:22"
"Mestre Gal S";"443-011043-3-SC";"Ativa";"06/01/2012 08:28";"01/10/2026 23:34:00";"SC";"2026-10-01";"23:51:22"
"Mestre João I";"443-011278-9-SC";"Ativa";"11/12/2007 17:37";"01/10/2026 23:48:34";"SC";"2026-10-01";"23:51:22"
"MESTRE NAKA";"341-023833-6-ES";"Ativa";"14/05/2018 09:34";"01/10/2026 23:36:52";"ES";"2026-10-01";"23:51:22"
"Mestre Oannes / Ex Da Hora X";"021-027305-4-PA";"Ativa";"31/01/2012 09:07";"01/10/2026 23:38:32";"PA";"2026-10-01";"23:51:22"
"Mestre Pedro";"163-004086-0-CE";"Ativa";"12/03/2008 15:49";"01/10/2026 23:31:35";"CE";"2026-10-01";"23:51:22"
"Mestre Zey";"341-023355-5-ES";"Ativa/Envio irregular";"10/05/2018 08:24";"03/02/2026 17:38:51";"ES";"2026-10-01";"23:51:22"
"MF I";"021-019162-7-PA";"Ativa/Envio irregular";"30/07/2007 16:30";"06/03/2009 15:05:59";"PA";"2026-10-01";"23:51:22"
"MF II";"021-019991-1-PA";"Ativa/Envio irregular";"30/07/2007 16:58";"22/10/2009 16:48:30";"PA";"2026-10-01";"23:51:22"
"MF III";"021-019150-3-PA";"Ativa/Envio irregular";"30/07/2007 17:18";"31/03/2009 08:28:20";"PA";"2026-10-01";"23:51:22"
"MF IV";"021-020208-4-PA";"Ativa";"30/07/2007 17:28";"01/10/2026 23:33:28";"PA";"2026-10-01";"23:51:22"
"MF V";"021-020209-2-PA";"Ativa/Envio irregular";"30/07/2007 17:38";"27/08/2026 11:22:20";"PA";"2026-10-01";"23:51:22"
"MF XIII";"021-020952-6-PA";"Ativa/Envio irregular";"31/07/2007 09:23";"31/03/2009 23:35:02";"PA";"2026-10-01";"23:51:22"
"MF XIV";"021-022779-6-PA";"Ativa/Envio irregular";"25/07/2007 16:00";"01/05/2009 11:51:09";"PA";"2026-10-01";"23:51:22"
"M HENRIQUE";"163-004626-4-CE";"Ativa";"31/07/2023 11:44";"01/10/2026 23:49:33";"CE";"2026-10-01";"23:51:22"
"MIAMI";"341-014505-2-BA";"Ativa";"18/11/2024 12:02";"01/10/2026 23:32:22";"BA";"2026-10-01";"23:51:22"
"MICHELLE BEATRICE";"441-010619-8-SC";"Ativa";"04/05/2012 14:56";"01/10/2026 23:41:08";"SC";"2026-10-01";"23:51:22"
"MIGUEL ARCANJO I";"387-705284-3-SC";"Ativa/Envio irregular";"20/04/2023 14:59";"01/10/2026 02:06:54";"SC";"2026-10-01";"23:51:22"
"MIGUEL COELHO";"401-012213-7-SP";"Ativa/Envio irregular";"06/08/2013 15:19";"31/12/2021 19:40:00";"SP";"2026-10-01";"23:51:22"
"MIGUEL FILHO";"341-023877-8-ES";"Ativa";"08/11/2022 19:02";"01/10/2026 23:42:12";"ES";"2026-10-01";"23:51:22"
"MIGUEL FILHO I";"182-005170-6-RN";"Ativa";"27/04/2020 14:34";"01/10/2026 23:35:05";"RN";"2026-10-01";"23:51:22"
"Mikbil I";"163-004587-0-CE";"Ativa/Envio irregular";"20/04/2020 09:51";"28/09/2026 20:54:54";"CE";"2026-10-01";"23:51:22"
"Mikbil II";"163-004588-8-CE";"Ativa";"10/07/2020 12:14";"01/10/2026 23:50:31";"CE";"2026-10-01";"23:51:22"
"Mikbil III";"163-004674-4-CE";"Ativa/Envio irregular";"03/01/2019 11:19";"24/09/2026 00:58:47";"CE";"2026-10-01";"23:51:22"
"Mikbil IV";"163-004675-2-CE";"Ativa";"03/01/2019 11:26";"01/10/2026 23:31:29";"CE";"2026-10-01";"23:51:22"
"Mikbil V";"163-004739-2-CE";"Ativa";"26/06/2020 16:02";"01/10/2026 23:49:42";"CE";"2026-10-01";"23:51:22"
"Mikbil VI";"163-004745-7-CE";"Ativa";"26/06/2020 16:08";"01/10/2026 23:32:25";"CE";"2026-10-01";"23:51:22"
"MILAGRE DA FÉ I";"162-001341-0-CE";"Ativa";"24/06/2015 16:10";"01/10/2026 23:35:48";"CE";"2026-10-01";"23:51:22"
"MILAGRES";"161-005698-1-CE";"Ativa";"03/05/2010 11:10";"01/10/2026 23:41:01";"CE";"2026-10-01";"23:51:22"
"MILA I";"162-001805-5-CE";"Ativa/Envio irregular";"24/06/2015 16:36";"10/09/2026 21:19:54";"CE";"2026-10-01";"23:51:22"
"MILA II";"161-005853-4-CE";"Ativa";"24/06/2015 16:38";"01/10/2026 23:35:09";"CE";"2026-10-01";"23:51:22"
"MILAMAR";"162-000764-9-CE";"Ativa";"24/06/2015 16:39";"01/10/2026 23:45:17";"CE";"2026-10-01";"23:51:22"
"Milenio";"466-001325-1-RS";"Interrupção permanente";"13/01/2011 16:43";"08/05/2011 06:57:30";"RS";"2026-10-01";"23:51:22"
"Milenio I";"466-001797-4-RS";"Ativa/Envio irregular";"05/06/2013 17:34";"09/12/2016 14:33:42";"RS";"2026-10-01";"23:51:22"
"Miramar IX";"443-011871-0-SC";"Ativa";"16/07/2010 10:34";"01/10/2026 23:45:57";"SC";"2026-10-01";"23:51:22"
"MIRAMAR V /ex KAINÃ II";"466-000872-0-SC";"Ativa/Envio irregular";"29/10/2018 13:25";"18/06/2026 14:28:19";"SC";"2026-10-01";"23:51:22"
"Mirela";"341-011616-8-ES";"Ativa/Envio irregular";"19/11/2007 15:11";"09/02/2022 12:47:24";"ES";"2026-10-01";"23:51:22"
"MIROMAR FM";"162-001632-0-CE";"Ativa";"24/06/2015 16:40";"01/10/2026 23:37:32";"CE";"2026-10-01";"23:51:22"
"MIRTIS";"162-001617-6-CE";"Ativa/Envio irregular";"24/06/2015 16:40";"01/07/2015 16:07:22";"CE";"2026-10-01";"23:51:22"
"Missão Impossível";"293-002076-8-BA";"Ativa/Envio irregular";"30/06/2015 10:43";"13/10/2025 08:51:34";"BA";"2026-10-01";"23:51:22"
"MISSÃO PORTO SEGURO";"293-002112-8-BA";"Ativa/Envio irregular";"30/06/2015 10:44";"27/07/2026 19:09:55";"BA";"2026-10-01";"23:51:22"
"MISSAO V";"241-014404-7-AL";"Cadastrada";"";"";"AL";"2026-10-01";"23:51:22"
"Miss Cristiane";"021-030847-8-PA";"Ativa";"26/04/2018 08:21";"01/10/2026 23:14:25";"PA";"2026-10-01";"23:51:22"
"Miss Edna";"021-018300-4-PA";"Ativa";"23/07/2007 17:48";"01/10/2026 23:48:02";"PA";"2026-10-01";"23:51:22"
"MISS ELLEN";"021-018315-2-PA";"Ativa";"23/07/2007 08:30";"01/10/2026 23:50:59";"PA";"2026-10-01";"23:51:22"
"Missionario do Mar II";"021-026787-9-PA";"Ativa/Envio irregular";"25/05/2009 16:04";"11/06/2011 16:04:25";"PA";"2026-10-01";"23:51:22"
"Miss Viviane";"021-030903-2-PA";"Ativa";"24/02/2025 11:24";"01/10/2026 23:31:52";"PA";"2026-10-01";"23:51:22"
"MISTER DAVID";"443-048418-0-SC";"Ativa/Envio irregular";"02/08/2016 14:02";"21/10/2025 23:27:04";"SC";"2026-10-01";"23:51:22"
"Mister Junior";"021-022652-8-PA";"Ativa";"07/08/2007 16:49";"01/10/2026 23:41:15";"PA";"2026-10-01";"23:51:22"
"Mister Neto";"021-022345-6-PA";"Ativa/Envio irregular";"29/08/2007 09:07";"30/09/2026 02:58:17";"PA";"2026-10-01";"23:51:22"
"MM GUANABARA";"162-001886-1-CE";"Ativa";"16/07/2015 17:48";"01/10/2026 23:46:00";"CE";"2026-10-01";"23:51:22"
"Moisés de Deus";"161-006959-5-CE";"Ativa";"07/01/2020 17:14";"01/10/2026 23:47:29";"CE";"2026-10-01";"23:51:22"
"MOISÉS DE DEUS II";"163-004738-4-CE";"Ativa";"26/02/2020 15:37";"01/10/2026 23:42:18";"CE";"2026-10-01";"23:51:22"
"Moises De Deus III";"163-004817-8-CE";"Ativa";"19/03/2021 10:52";"01/10/2026 23:50:54";"CE";"2026-10-01";"23:51:22"
"Momm I / ex Vo Chico VI";"443-009141-2-SC";"Ativa";"04/10/2007 15:19";"01/10/2026 23:41:03";"SC";"2026-10-01";"23:51:22"
"MONALIZA IV";"293-002460-7-BA";"Ativa";"26/11/2025 11:51";"01/10/2026 23:48:14";"BA";"2026-10-01";"23:51:22"
"MONALIZA VI";"293-002151-9-BA";"Ativa";"26/11/2025 12:07";"01/10/2026 23:49:18";"BA";"2026-10-01";"23:51:22"
"Monte Carlo II";"381-019468-9-RJ";"Ativa/Envio irregular";"26/07/2007 10:20";"19/01/2022 16:21:23";"RJ";"2026-10-01";"23:51:22"
"Monte Carlo VI / ex Alexandre I";"461-008547-0-RS";"Ativa";"21/05/2008 15:10";"01/10/2026 23:50:25";"RS";"2026-10-01";"23:51:22"
"Monte Carmelo I";"445-007357-6-SC";"Ativa/Envio irregular";"27/07/2011 15:14";"01/10/2014 12:17:02";"SC";"2026-10-01";"23:51:22"
"MONTE DAS OLIVEIRAS";"161-005949-2-CE";"Ativa/Envio irregular";"21/05/2024 11:40";"24/09/2026 11:09:11";"CE";"2026-10-01";"23:51:22"
"MONTE SIAO I";"161-004999-3-CE";"Ativa";"16/07/2015 18:04";"01/10/2026 23:44:31";"CE";"2026-10-01";"23:51:22"
"MONTESINAI";"163-003924-1-CE";"Ativa";"24/06/2015 16:41";"01/10/2026 23:50:51";"CE";"2026-10-01";"23:51:22"
"Monte Sion";"201-007651-6-RN";"Ativa/Envio irregular";"03/09/2020 11:05";"06/11/2024 17:49:01";"RN";"2026-10-01";"23:51:22"
"Montreal";"401-055366-9-SP";"Ativa/Envio irregular";"04/06/2007 16:48";"29/04/2010 11:45:38";"SP";"2026-10-01";"23:51:22"
"MOOBI I";"381-038068-7-RJ";"Ativa/Envio irregular";"11/08/2026 09:44";"";"RJ";"2026-10-01";"23:51:22"
"MORADA DE DEUS";"293-006191-0-BA";"Ativa";"15/08/2024 11:28";"01/10/2026 23:38:37";"BA";"2026-10-01";"23:51:22"
"Morea";"021-024320-1-PA";"Cadastrada";"";"";"PA";"2026-10-01";"23:51:22"
"Moreia de Salinas";"021-031687-0-PA";"Ativa/Envio irregular";"22/03/2011 14:38";"03/11/2012 15:45:31";"PA";"2026-10-01";"23:51:22"
"MOREIRA I";"161-005732-5-CE";"Ativa/Envio irregular";"24/06/2015 16:41";"";"CE";"2026-10-01";"23:51:22"
"Moreira Marques";"381-009210-0-RJ";"Ativa/Envio irregular";"02/06/2008 16:18";"08/02/2014 19:12:17";"RJ";"2026-10-01";"23:51:22"
"Morgana II";"121-011205-1-PA";"Ativa/Envio irregular";"09/05/2011 11:05";"07/08/2025 17:33:34";"PA";"2026-10-01";"23:51:22"
"Morgana III";"121-010987-5-PA";"Ativa/Envio irregular";"28/04/2015 11:17";"26/06/2015 22:01:27";"PA";"2026-10-01";"23:51:22"
"Morgana IV";"121-011595-6-MA";"Ativa";"30/06/2010 10:21";"01/10/2026 23:38:50";"MA";"2026-10-01";"23:51:22"
"Morgana V";"121-011524-7-MA";"Ativa";"30/06/2010 10:23";"01/10/2026 23:33:18";"MA";"2026-10-01";"23:51:22"
"MORGANA VIII";"121-014559-6-MA";"Ativa";"04/10/2022 17:24";"01/10/2026 23:49:09";"MA";"2026-10-01";"23:51:22"
"Morumbi II";"401-058829-2-SP";"Ativa";"28/07/2011 09:54";"01/10/2026 23:32:31";"SP";"2026-10-01";"23:51:22"
"Moura Rio I";"381-022513-4-RJ";"Ativa/Envio irregular";"27/02/2008 09:17";"20/06/2018 10:24:45";"RJ";"2026-10-01";"23:51:22"
"Moura Rio II";"381-044675-1-RJ";"Ativa/Envio irregular";"13/07/2007 11:04";"07/12/2016 18:45:55";"RJ";"2026-10-01";"23:51:22"
"Mousse Seif";"443-047864-3-SC";"Ativa/Envio irregular";"15/12/2011 10:17";"13/03/2015 17:38:47";"SC";"2026-10-01";"23:51:22"
"MR-NR";"161-003624-7-CE";"Ativa/Envio irregular";"12/02/2009 10:59";"04/02/2026 08:48:17";"CE";"2026-10-01";"23:51:22"
"MR PERNALONGA";"163-003072-4-CE";"Ativa/Envio irregular";"27/01/2012 17:09";"15/05/2025 10:01:10";"CE";"2026-10-01";"23:51:22"
"MR PESCA I /ex RAFING III";"341-023688-1-ES";"Ativa";"13/05/2010 15:13";"01/10/2026 23:43:41";"ES";"2026-10-01";"23:51:22"
"Mr. Z";"161-003953-0-CE";"Ativa";"21/08/2007 16:03";"01/10/2026 23:48:17";"CE";"2026-10-01";"23:51:22"
"Mtanos Seif";"443-012227-0-SC";"Ativa";"25/04/2008 14:36";"01/10/2026 23:49:41";"SC";"2026-10-01";"23:51:22"
"Mtanos Seif I";"443-049916-1-SC";"Ativa";"19/02/2021 15:40";"01/10/2026 23:46:44";"SC";"2026-10-01";"23:51:22"
"MT LAERTE";"163-004511-0-CE";"Ativa";"06/02/2023 11:29";"01/10/2026 23:07:49";"CE";"2026-10-01";"23:51:22"
"Mucuripe I";"121-010208-1-MA";"Ativa/Envio irregular";"27/12/2007 15:25";"31/03/2009 16:35:09";"MA";"2026-10-01";"23:51:22"
"Mucuripe II";"121-010209-9-MA";"Ativa/Envio irregular";"26/12/2007 12:37";"31/03/2009 16:38:07";"MA";"2026-10-01";"23:51:22"
"Mucuripe III";"021-022664-1-PA";"Ativa";"04/12/2013 14:46";"01/10/2026 23:42:03";"PA";"2026-10-01";"23:51:22"
"Mucuripe IV";"021-022665-0-PA";"Ativa/Envio irregular";"05/12/2007 11:23";"27/08/2026 11:19:45";"PA";"2026-10-01";"23:51:22"
"Mucuripe VII";"021-023651-5-PA";"Ativa/Envio irregular";"12/12/2007 17:33";"15/06/2011 10:24:42";"PA";"2026-10-01";"23:51:22"
"Mucuripe VIII";"161-005316-8-CE";"Ativa/Envio irregular";"03/08/2007 10:38";"19/10/2023 10:07:00";"CE";"2026-10-01";"23:51:22"
"Myomar";"201-007681-8-PB";"Ativa/Envio irregular";"16/01/2013 11:43";"26/09/2014 23:35:45";"PB";"2026-10-01";"23:51:22"
"NABIHA JORGE SEIF";"443-050170-0-SC";"Ativa";"04/09/2023 16:34";"01/10/2026 23:39:56";"SC";"2026-10-01";"23:51:22"
"NACELIO FILHO";"162-001623-1-CE";"Ativa";"24/06/2015 16:42";"01/10/2026 23:34:00";"CE";"2026-10-01";"23:51:22"
"NACELMO FILHO I";"162-001791-1-CE";"Ativa";"24/06/2015 16:43";"01/10/2026 23:48:29";"CE";"2026-10-01";"23:51:22"
"Naf";"443-011134-1-SC";"Ativa";"01/11/2007 16:32";"01/10/2026 23:43:01";"SC";"2026-10-01";"23:51:22"
"Nantes";"341-023960-0-ES";"Ativa/Envio irregular";"02/12/2009 09:58";"17/12/2024 10:28:42";"ES";"2026-10-01";"23:51:22"
"NARIA";"161-006006-7-CE";"Ativa";"24/06/2015 16:44";"01/10/2026 23:50:07";"CE";"2026-10-01";"23:51:22"
"Natal Pesca I";"021-023084-3-PA";"Ativa";"07/08/2007 14:49";"01/10/2026 23:38:22";"PA";"2026-10-01";"23:51:22"
"Natal Pesca II";"021-022708-7-PA";"Ativa/Envio irregular";"17/08/2007 08:52";"27/08/2026 11:27:36";"PA";"2026-10-01";"23:51:22"
"Natal Pesca IV";"021-019935-1-PA";"Ativa";"02/08/2007 10:42";"01/10/2026 23:32:50";"PA";"2026-10-01";"23:51:22"
"Natal Pesca IX";"161-003958-1-CE";"Ativa";"20/11/2007 11:54";"01/10/2026 23:41:40";"CE";"2026-10-01";"23:51:22"
"Natal Pesca V";"021-018574-1-PA";"Ativa";"02/08/2007 10:43";"01/10/2026 23:36:32";"PA";"2026-10-01";"23:51:22"
"NATAL PESCA VI";"021-022760-5-PA";"Ativa";"07/08/2007 14:31";"01/10/2026 23:39:59";"PA";"2026-10-01";"23:51:22"
"Natal Pesca VII";"161-005677-9-CE";"Ativa";"22/11/2007 16:51";"01/10/2026 23:36:17";"CE";"2026-10-01";"23:51:22"
"Natal Pesca VIII";"221-009173-0-PE";"Ativa";"07/08/2007 15:01";"01/10/2026 23:39:05";"PE";"2026-10-01";"23:51:22"
"NATAN VP";"163-004221-8-CE";"Ativa";"21/11/2024 12:26";"01/10/2026 23:45:00";"CE";"2026-10-01";"23:51:22"
"NATURNO";"162-001738-5-CE";"Ativa";"24/06/2015 16:45";"01/10/2026 23:36:34";"CE";"2026-10-01";"23:51:22"
"Nauta";"181-005440-1-RN";"Ativa";"26/11/2020 10:22";"01/10/2026 23:49:52";"RN";"2026-10-01";"23:51:22"
"NAVEGANTE PD";"162-001469-6-CE";"Ativa";"24/06/2015 16:45";"01/10/2026 23:31:25";"CE";"2026-10-01";"23:51:22"
"Navegantes VII";"161-006866-1-CE";"Ativa/Envio irregular";"23/12/2019 17:41";"";"CE";"2026-10-01";"23:51:22"
"NAYLA VIEGAS";"293-006329-7-BA";"Ativa";"02/09/2025 11:53";"01/10/2026 23:44:03";"BA";"2026-10-01";"23:51:22"
"NEIDE MAR";"182-002326-5-RN";"Ativa/Envio irregular";"09/03/2015 14:55";"01/07/2015 16:22:37";"RN";"2026-10-01";"23:51:22"
"Nereu Ramos";"443-011897-3-SC";"Ativa";"11/06/2008 17:46";"01/10/2026 23:45:47";"SC";"2026-10-01";"23:51:22"
"NEREU RAMOS I";"443-012415-9-SC";"Ativa";"08/08/2016 07:10";"01/10/2026 23:42:02";"SC";"2026-10-01";"23:51:22"
"Nereu Ramos II / Ex Eugênio I";"403-015655-0-SP";"Ativa";"02/06/2010 10:08";"01/10/2026 23:32:04";"SP";"2026-10-01";"23:51:22"
"Nestor SC / ex Cleiton S";"443-011907-4-SC";"Ativa";"13/11/2008 16:14";"01/10/2026 23:35:04";"SC";"2026-10-01";"23:51:22"
"Neto A";"443-010994-0-SC";"Ativa/Envio irregular";"14/09/2017 10:41";"03/12/2020 16:18:55";"SC";"2026-10-01";"23:51:22"
"NETO I";"201-007573-1-PB";"Ativa";"01/04/2015 10:54";"01/10/2026 23:34:16";"PB";"2026-10-01";"23:51:22"
"NETO I";"201-006680-4-PB";"Ativa/Envio irregular";"16/07/2015 18:05";"01/10/2026 22:39:07";"PB";"2026-10-01";"23:51:22"
"Neto III";"201-007607-9-PB";"Ativa";"20/03/2019 18:06";"01/10/2026 23:42:36";"PB";"2026-10-01";"23:51:22"
"NETO V";"201-007652-4-PB";"Ativa";"01/04/2015 09:59";"01/10/2026 23:43:37";"PB";"2026-10-01";"23:51:22"
"Netuno R";"441-015270-0-SC";"Ativa";"11/02/2022 15:20";"01/10/2026 23:50:23";"SC";"2026-10-01";"23:51:22"
"Netuno R1 / ex Porto Araça";"443-009373-3-SC";"Ativa";"13/05/2009 09:17";"01/10/2026 23:34:55";"SC";"2026-10-01";"23:51:22"
"Netuno R 7 /ex Aquarela N";"381-020530-3-RJ";"Ativa";"07/03/2013 09:42";"01/10/2026 23:51:10";"RJ";"2026-10-01";"23:51:22"
"Netuno R 9 /ex Manoela R";"443-010040-3-SC";"Ativa";"10/07/2008 11:14";"01/10/2026 23:43:41";"SC";"2026-10-01";"23:51:22"
"NETUNO S";"021-022673-1-SC";"Ativa";"18/07/2007 17:20";"01/10/2026 23:39:15";"SC";"2026-10-01";"23:51:22"
"NETUNO XXVII S";"461-007533-4-RS";"Ativa";"03/08/2007 10:08";"01/10/2026 23:41:46";"RS";"2026-10-01";"23:51:22"
"NETURNO";"163-003842-3-CE";"Ativa";"17/10/2023 12:06";"01/10/2026 23:46:15";"CE";"2026-10-01";"23:51:22"
"NEUMA I";"163-003871-7-CE";"Ativa/Envio irregular";"24/06/2015 16:46";"01/07/2015 16:43:40";"CE";"2026-10-01";"23:51:22"
"NEUSA G. DA SILVA";"183-005514-3-PI";"Ativa/Envio irregular";"26/06/2015 10:01";"03/10/2019 14:03:40";"PI";"2026-10-01";"23:51:22"
"New Braga";"163-004718-0-CE";"Ativa";"10/03/2020 15:21";"01/10/2026 23:49:23";"CE";"2026-10-01";"23:51:22"
"NEYMAR";"182-005160-9-RN";"Ativa";"13/02/2020 15:01";"01/10/2026 23:10:35";"RN";"2026-10-01";"23:51:22"
"NILTON MENDES I";"445-008508-6-SC";"Ativa";"05/10/2007 11:33";"01/10/2026 23:47:53";"SC";"2026-10-01";"23:51:22"
"NILZOMAR I";"201-007568-4-PB";"Ativa";"16/07/2015 18:06";"01/10/2026 23:33:01";"PB";"2026-10-01";"23:51:22"
"Nino Martins / ex Lorena II / ex Lorena";"401-012743-1-SP";"Ativa";"11/04/2007 17:22";"01/10/2026 23:32:18";"SP";"2026-10-01";"23:51:22"
"Nino Martins II / ex Amorim II / ex Dom Guilherme N. 0";"161-005467-9-CE";"Ativa";"05/11/2012 11:31";"01/10/2026 23:32:35";"CE";"2026-10-01";"23:51:22"
"NINO MARTINS III";"161-003991-2-CE";"Ativa";"23/07/2007 08:49";"01/10/2026 23:47:22";"CE";"2026-10-01";"23:51:22"
"Nisshin Maru";"021-030638-6-PA";"Ativa/Envio irregular";"28/06/2007 17:26";"21/11/2024 10:41:06";"PA";"2026-10-01";"23:51:22"
"NOAM E EMET";"163-003826-1-CE";"Ativa";"08/12/2010 10:24";"01/10/2026 23:50:31";"CE";"2026-10-01";"23:51:22"
"Nobre Pesca";"182-005186-2-RN";"Ativa";"29/10/2018 12:48";"01/10/2026 23:49:29";"RN";"2026-10-01";"23:51:22"
"Noé";"181-005472-9-RN";"Cadastrada";"";"";"RN";"2026-10-01";"23:51:22"
"Noé";"181-889511-1-RN";"Ativa";"17/11/2020 16:51";"01/10/2026 23:40:29";"RN";"2026-10-01";"23:51:22"
"Noronha";"021-023722-8-PA";"Ativa/Envio irregular";"14/03/2012 08:48";"01/08/2020 18:23:01";"PA";"2026-10-01";"23:51:22"
"Norte Fish I / ex Fort XV";"221-010693-1-PE";"Ativa/Envio irregular";"19/09/2007 17:13";"28/12/2022 11:09:54";"PE";"2026-10-01";"23:51:22"
"NORTH AMERICAN";"161-002776-1-CE";"Ativa/Envio irregular";"24/06/2015 16:46";"01/07/2015 16:32:35";"CE";"2026-10-01";"23:51:22"
"Nossa Senhora da Luz";"441-009712-1-SC";"Ativa/Envio irregular";"15/05/2007 15:25";"30/09/2013 13:43:45";"SC";"2026-10-01";"23:51:22"
"Nossa Senhora do Carmo I / ex N. Sra. do Carmo";"401-015832-8-SP";"Ativa/Envio irregular";"30/11/2012 19:59";"20/10/2015 15:10:40";"SP";"2026-10-01";"23:51:22"
"NOVA CANAÃ RS";"401-020770-1-SP";"Ativa";"26/06/2008 15:45";"01/10/2026 23:41:06";"SP";"2026-10-01";"23:51:22"
"Nova Conquista";"381-020531-1-RJ";"Ativa/Envio irregular";"29/08/2012 17:26";"31/01/2025 12:20:47";"RJ";"2026-10-01";"23:51:22"
"Nova Jerusalem S";"443-011793-4-SC";"Ativa";"07/12/2012 16:20";"01/10/2026 23:43:24";"SC";"2026-10-01";"23:51:22"
"Nova Republica";"341-010684-7-RJ";"Ativa/Envio irregular";"08/07/2013 10:43";"08/02/2014 18:53:45";"RJ";"2026-10-01";"23:51:22"
"Nova Vida com Jesus III";"021-098650-6-PA";"Ativa";"10/05/2010 10:05";"01/10/2026 23:48:21";"PA";"2026-10-01";"23:51:22"
"Nova Vida com Jesus IV";"021-030628-9-PA";"Ativa";"07/07/2010 11:15";"01/10/2026 23:43:33";"PA";"2026-10-01";"23:51:22"
"Nova Vida I";"387-704765-3-RJ";"Ativa/Envio irregular";"25/03/2013 18:00";"27/09/2013 11:35:50";"RJ";"2026-10-01";"23:51:22"
"Nova Vida V";"443-011143-0-SC";"Ativa";"08/02/2008 12:06";"01/10/2026 23:34:45";"SC";"2026-10-01";"23:51:22"
"Novo Airiños";"181-E00173-0-RN";"Ativa/Envio irregular";"28/11/2008 17:47";"10/01/2011 09:53:16";"RN";"2026-10-01";"23:51:22"
"Novo Horizonte / Ex Marimar V / Laranja Mecânica";"161-003766-9-CE";"Interrupção permanente";"25/07/2007 16:23";"04/12/2010 19:28:51";"CE";"2026-10-01";"23:51:22"
"Novo Milênio II";"401-050017-4-SP";"Ativa/Envio irregular";"17/08/2012 16:23";"08/04/2026 10:58:17";"SP";"2026-10-01";"23:51:22"
"N. S. Aparecida";"161-005041-0-CE";"Ativa";"05/11/2007 18:01";"01/10/2026 23:44:29";"CE";"2026-10-01";"23:51:22"
"N. S. Aparecida - RS";"443-006728-7-SC";"Ativa/Envio irregular";"31/03/2008 11:34";"25/09/2008 10:01:40";"SC";"2026-10-01";"23:51:22"
"N. S. DOS NAVEGANTES II";"162-001880-2-CE";"Ativa/Envio irregular";"24/06/2015 16:42";"01/07/2015 16:55:37";"CE";"2026-10-01";"23:51:22"
"Nuevo Rodrigo Duran";"201-007632-0-PB";"Ativa";"16/01/2013 11:22";"01/10/2026 23:44:15";"PB";"2026-10-01";"23:51:22"
"Obrigado Jesus";"382-009271-4-RJ";"Ativa/Envio irregular";"09/06/2015 10:07";"22/06/2016 19:35:07";"RJ";"2026-10-01";"23:51:22"
"OCEANN";"163-004580-2-CE";"Ativa";"20/02/2020 09:41";"01/10/2026 23:26:46";"CE";"2026-10-01";"23:51:22"
"OCEANO ATLÂNTICO";"401-045568-3-SC";"Ativa/Envio irregular";"26/01/2021 15:23";"08/05/2024 14:03:51";"SC";"2026-10-01";"23:51:22"
"OCEANO I";"461-007377-3-RS";"Ativa/Envio irregular";"28/11/2016 06:20";"22/07/2024 09:43:35";"RS";"2026-10-01";"23:51:22"
"OCEANUS BR 01";"221-018011-2-PE";"Ativa";"08/05/2025 15:36";"01/10/2026 23:39:44";"PE";"2026-10-01";"23:51:22"
"O DELMAR II / Del Mar / ex Trimar V";"401-044968-3-SP";"Ativa/Envio irregular";"29/06/2007 09:09";"27/02/2019 23:19:17";"SP";"2026-10-01";"23:51:22"
"Odorico Martins";"163-004612-4-CE";"Ativa/Envio irregular";"11/07/2022 17:29";"01/10/2026 11:26:59";"CE";"2026-10-01";"23:51:22"
"O Esplendor";"461-004054-9-RS";"Ativa";"19/07/2007 09:49";"01/10/2026 23:39:24";"RS";"2026-10-01";"23:51:22"
"O GABRIEL";"201-006118-7-PB";"Ativa/Envio irregular";"01/04/2015 10:03";"";"PB";"2026-10-01";"23:51:22"
"OLIMPIO";"021-101690-0-PA";"Ativa/Envio irregular";"11/02/2025 15:27";"21/05/2026 08:55:29";"PA";"2026-10-01";"23:51:22"
"OLIMPIO II";"021-101798-1-PA";"Ativa";"11/02/2025 15:07";"01/10/2026 23:43:16";"PA";"2026-10-01";"23:51:22"
"OLIMPIO III";"021-099028-7-PA";"Ativa/Envio irregular";"11/02/2025 15:54";"17/06/2026 10:25:07";"PA";"2026-10-01";"23:51:22"
"OLIMPIO IV";"021-023749-0-PA";"Ativa";"25/08/2011 11:46";"01/10/2026 23:45:58";"PA";"2026-10-01";"23:51:22"
"Olinda X";"221-017051-6-PE";"Ativa/Envio irregular";"07/04/2017 07:09";"03/08/2020 08:55:50";"PE";"2026-10-01";"23:51:22"
"O Menssageiro";"163-004659-1-CE";"Ativa";"26/12/2019 17:35";"01/10/2026 23:48:26";"CE";"2026-10-01";"23:51:22"
"O MENSSAGEIRO I";"163-004778-3-CE";"Ativa";"02/03/2020 10:51";"01/10/2026 23:48:47";"CE";"2026-10-01";"23:51:22"
"O MENSSAGEIRO V";"163-004579-9-CE";"Ativa";"17/12/2019 18:38";"01/10/2026 23:35:06";"CE";"2026-10-01";"23:51:22"
"Onda Azul";"461-004012-3-RS";"Ativa/Envio irregular";"24/05/2010 11:24";"03/07/2025 05:27:17";"RS";"2026-10-01";"23:51:22"
"ORCA BP";"163-005034-2-CE";"Ativa";"29/12/2025 13:54";"01/10/2026 23:35:54";"CE";"2026-10-01";"23:51:22"
"Orgape I";"161-003665-4-CE";"Ativa/Envio irregular";"06/08/2007 09:30";"20/04/2011 11:09:41";"CE";"2026-10-01";"23:51:22"
"Orgape IX";"161-004966-7-CE";"Ativa/Envio irregular";"05/02/2019 11:33";"23/09/2026 03:58:37";"CE";"2026-10-01";"23:51:22"
"Orgape X";"161-004947-1-CE";"Ativa/Envio irregular";"08/08/2007 19:27";"05/03/2011 22:08:30";"CE";"2026-10-01";"23:51:22"
"Orion II";"021-019077-9-PA";"Ativa";"08/08/2007 10:05";"01/10/2026 23:39:01";"PA";"2026-10-01";"23:51:22"
"Orion IV / Ex Amasa 82";"021-019076-1-PA";"Ativa";"06/08/2007 10:44";"01/10/2026 23:30:03";"PA";"2026-10-01";"23:51:22"
"Orla I";"403-006204-1-SP";"Ativa";"20/08/2007 09:11";"01/10/2026 23:50:17";"SP";"2026-10-01";"23:51:22"
"Orla II / Ex Dom Cearazinho";"021-027025-0-PA";"Ativa";"07/08/2007 18:06";"01/10/2026 22:58:02";"PA";"2026-10-01";"23:51:22"
"ORLANDO NETO";"201-007596-0-PB";"Ativa/Envio irregular";"09/03/2015 15:04";"01/07/2015 16:54:05";"PB";"2026-10-01";"23:51:22"
"Os Dois Irmãos I";"181-005464-8-RN";"Ativa";"19/05/2020 15:40";"01/10/2026 20:02:35";"RN";"2026-10-01";"23:51:22"
"O SHALON";"163-004600-1-CE";"Ativa/Envio irregular";"13/02/2025 11:20";"03/05/2025 08:10:28";"CE";"2026-10-01";"23:51:22"
"O SHALON I";"163-004643-4-CE";"Ativa/Envio irregular";"08/12/2022 11:17";"11/06/2024 14:39:21";"CE";"2026-10-01";"23:51:22"
"O SHALON II";"163-004713-9-CE";"Ativa/Envio irregular";"02/03/2020 11:55";"17/09/2026 12:34:02";"CE";"2026-10-01";"23:51:22"
"O SHALON III";"163-004806-2-CE";"Ativa/Envio irregular";"10/01/2023 10:50";"17/09/2026 12:18:18";"CE";"2026-10-01";"23:51:22"
"O SHALON IV";"163-004827-5-CE";"Ativa/Envio irregular";"10/01/2023 10:59";"18/09/2024 06:03:15";"CE";"2026-10-01";"23:51:22"
"O Sincero I";"021-027741-6-PA";"Ativa/Envio irregular";"23/11/2007 15:37";"23/11/2015 14:08:07";"PA";"2026-10-01";"23:51:22"
"Osmar Luiz M / ex José Lindolfo I";"443-011150-2-SC";"Ativa";"02/06/2008 11:49";"01/10/2026 23:36:10";"SC";"2026-10-01";"23:51:22"
"Osmar Santos";"443-011457-9-SC";"Ativa";"10/08/2007 09:39";"01/10/2026 23:37:15";"SC";"2026-10-01";"23:51:22"
"OSVALDO VELOSO";"201-022118-4-PB";"Ativa";"08/08/2024 14:54";"01/10/2026 23:39:56";"PB";"2026-10-01";"23:51:22"
"Otavio Pesca";"182-005173-1-RN";"Ativa";"03/09/2020 11:44";"01/10/2026 18:52:42";"RN";"2026-10-01";"23:51:22"
"Otavio Pesca II";"182-005171-4-RN";"Ativa";"26/12/2019 18:48";"01/10/2026 19:13:43";"RN";"2026-10-01";"23:51:22"
"Otavio Pesca III";"182-005201-0-RN";"Ativa";"27/12/2019 13:03";"01/10/2026 23:32:22";"RN";"2026-10-01";"23:51:22"
"Otavio Pesca IV";"182-005202-8-RN";"Ativa";"03/09/2020 10:34";"01/10/2026 23:32:22";"RN";"2026-10-01";"23:51:22"
"Ouled Si Mohand";"181-005783-3-RN";"Ativa";"27/01/2009 15:20";"01/10/2026 23:36:25";"RN";"2026-10-01";"23:51:22"
"OURO PESCA";"443-008042-9-SC";"Ativa";"29/04/2013 17:09";"01/10/2026 23:36:33";"SC";"2026-10-01";"23:51:22"
"O Vencedor";"384-016292-1-RJ";"Ativa/Envio irregular";"26/02/2013 17:40";"18/06/2013 16:34:32";"RJ";"2026-10-01";"23:51:22"
"OZEAS";"162-001204-9-CE";"Ativa";"24/06/2015 16:47";"01/10/2026 23:48:37";"CE";"2026-10-01";"23:51:22"
"Oziel B";"401-023606-0-SP";"Ativa/Envio irregular";"15/06/2012 16:22";"25/08/2012 05:38:55";"SP";"2026-10-01";"23:51:22"
"PACIFICO III";"443-005904-7-SC";"Ativa/Envio irregular";"02/07/2015 17:32";"01/10/2026 22:57:25";"SC";"2026-10-01";"23:51:22"
"PADRE CICERO";"161-003223-3-CE";"Ativa/Envio irregular";"24/06/2015 16:49";"";"CE";"2026-10-01";"23:51:22"
"Pai";"163-003375-8-CE";"Ativa";"10/05/2010 11:58";"01/10/2026 22:34:00";"CE";"2026-10-01";"23:51:22"
"PAI II";"021-101505-9-PA";"Ativa";"12/06/2024 14:19";"01/10/2026 23:33:32";"PA";"2026-10-01";"23:51:22"
"PAI III";"021-101514-8-PA";"Ativa";"07/02/2024 10:28";"01/10/2026 23:41:02";"PA";"2026-10-01";"23:51:22"
"Palmas II";"381-045862-7-RJ";"Ativa";"09/01/2009 15:04";"01/10/2026 23:48:52";"RJ";"2026-10-01";"23:51:22"
"Pamela Bruna / ex Dom Isaac XIV";"441-014617-3-SC";"Ativa";"06/08/2012 11:32";"01/10/2026 23:33:00";"SC";"2026-10-01";"23:51:22"
"PANAMA I";"162-001160-3-CE";"Ativa/Envio irregular";"24/06/2015 16:49";"01/07/2015 16:08:37";"CE";"2026-10-01";"23:51:22"
"PANKING";"161-005684-1-CE";"Ativa/Envio irregular";"24/06/2015 16:51";"01/07/2015 16:12:32";"CE";"2026-10-01";"23:51:22"
"Pantanilho";"161-005773-2-CE";"Ativa/Envio irregular";"24/06/2015 16:51";"";"CE";"2026-10-01";"23:51:22"
"PARAGUAI AJ";"162-001740-7-CE";"Ativa";"26/06/2015 10:02";"01/10/2026 23:35:08";"CE";"2026-10-01";"23:51:22"
"PARAISO BF";"163-003784-2-CE";"Ativa";"16/05/2025 15:18";"01/10/2026 23:32:58";"CE";"2026-10-01";"23:51:22"
"Passarinho";"021-016266-0-PA";"Ativa";"19/07/2007 15:10";"01/10/2026 23:39:08";"PA";"2026-10-01";"23:51:22"
"PASSAT";"162-001360-6-CE";"Ativa/Envio irregular";"24/06/2015 16:53";"";"CE";"2026-10-01";"23:51:22"
"PATAJÚ";"161-002986-1-CE";"Ativa/Envio irregular";"30/06/2015 10:46";"01/07/2015 16:45:47";"CE";"2026-10-01";"23:51:22"
"Pato Filho I";"163-003986-1-CE";"Ativa";"03/05/2010 16:39";"01/10/2026 23:46:50";"CE";"2026-10-01";"23:51:22"
"PATORI";"162-001588-9-CE";"Ativa/Envio irregular";"24/06/2015 16:54";"22/08/2025 07:58:12";"CE";"2026-10-01";"23:51:22"
"PATRICIA";"162-000908-1-CE";"Ativa";"30/06/2015 10:56";"01/10/2026 23:43:49";"CE";"2026-10-01";"23:51:22"
"PATRICIA IV";"161-005589-6-CE";"Ativa/Envio irregular";"24/06/2015 16:54";"01/07/2015 16:12:00";"CE";"2026-10-01";"23:51:22"
"Patricia IX";"163-004073-8-CE";"Ativa/Envio irregular";"22/06/2010 11:31";"11/01/2014 11:37:37";"CE";"2026-10-01";"23:51:22"
"PATRICIA PILAR III";"163-004202-1-CE";"Ativa";"19/09/2022 09:21";"01/10/2026 23:32:38";"CE";"2026-10-01";"23:51:22"
"Patricia VII";"163-003766-4-CE";"Ativa/Envio irregular";"22/06/2010 11:38";"26/05/2021 08:19:20";"CE";"2026-10-01";"23:51:22"
"Patrícia VIII";"163-003877-6-CE";"Ativa";"11/05/2010 10:30";"01/10/2026 23:34:48";"CE";"2026-10-01";"23:51:22"
"PATRICIO II";"162-000739-8-CE";"Ativa/Envio irregular";"24/06/2015 16:55";"01/07/2015 16:54:52";"CE";"2026-10-01";"23:51:22"
"PATRICIO III";"181-004445-6-RN";"Ativa";"24/06/2015 16:55";"01/10/2026 23:42:08";"RN";"2026-10-01";"23:51:22"
"PATRICIO PILAR";"161-005946-8-CE";"Ativa";"19/04/2024 09:01";"01/10/2026 23:48:44";"CE";"2026-10-01";"23:51:22"
"Patricio Silveira";"163-004744-9-CE";"Ativa/Envio irregular";"12/04/2022 10:51";"08/09/2026 19:22:04";"CE";"2026-10-01";"23:51:22"
"PATURI I";"201-007665-6-PB";"Ativa";"01/04/2015 10:03";"01/10/2026 23:39:56";"PB";"2026-10-01";"23:51:22"
"PAU DE ARARA";"221-014326-8-PE";"Ativa/Envio irregular";"16/07/2015 18:07";"";"PE";"2026-10-01";"23:51:22"
"Paula Cristina / ex Luiz Carlos I / Ex D. Mattos II";"443-005626-9-SC";"Ativa/Envio irregular";"21/11/2008 09:41";"16/11/2020 12:23:42";"SC";"2026-10-01";"23:51:22"
"PAULANEI";"162-000902-1-CE";"Ativa";"18/11/2024 12:03";"01/10/2026 23:34:15";"CE";"2026-10-01";"23:51:22"
"PAULINHO FS";"162-001257-0-CE";"Ativa";"24/06/2015 16:56";"01/10/2026 23:45:29";"CE";"2026-10-01";"23:51:22"
"Paulino";"181-005232-7-RN";"Ativa/Envio irregular";"27/10/2017 07:31";"19/12/2017 08:46:40";"RN";"2026-10-01";"23:51:22"
"PAULO ANDRE I";"443-050917-4-SC";"Ativa";"15/07/2025 09:50";"01/10/2026 23:50:57";"SC";"2026-10-01";"23:51:22"
"PAULO CANTIDIO";"443-011819-1-SC";"Ativa";"18/10/2007 14:39";"01/10/2026 23:32:17";"SC";"2026-10-01";"23:51:22"
"Paulo Emygdio I";"443-009705-4-SC";"Ativa";"29/08/2017 11:02";"01/10/2026 23:36:00";"SC";"2026-10-01";"23:51:22"
"Paulo Vitor";"443-011051-4-SC";"Ativa/Envio irregular";"06/01/2009 17:37";"23/09/2026 11:52:18";"SC";"2026-10-01";"23:51:22"
"Paulo Vitor I";"382-666792-1-RJ";"Ativa/Envio irregular";"24/05/2022 17:31";"03/06/2022 11:16:14";"RJ";"2026-10-01";"23:51:22"
"Paulo Vitor L";"382-009141-6-RJ";"Ativa/Envio irregular";"08/06/2022 16:07";"13/12/2022 07:56:48";"RJ";"2026-10-01";"23:51:22"
"PEDRA AZUL I";"341-024032-2-BA";"Ativa/Envio irregular";"23/03/2023 14:36";"05/08/2026 15:50:25";"BA";"2026-10-01";"23:51:22"
"Pedro Crispim I / ex Fleming";"401-010365-5-SP";"Ativa";"12/09/2011 12:01";"01/10/2026 23:44:21";"SP";"2026-10-01";"23:51:22"
"PEDRO FELIPE SS / ex Barbara 'S";"401-029288-1-SP";"Ativa/Envio irregular";"13/11/2008 11:10";"06/12/2020 15:42:25";"SP";"2026-10-01";"23:51:22"
"Pedro Henrique I";"182-005172-2-RN";"Ativa";"28/12/2020 11:46";"01/10/2026 23:46:05";"RN";"2026-10-01";"23:51:22"
"Pedro Henrique II";"182-005190-1-RN";"Ativa";"22/06/2020 16:35";"01/10/2026 23:46:21";"RN";"2026-10-01";"23:51:22"
"Pedro Henrique III";"182-005216-8-RN";"Ativa";"14/05/2020 09:01";"01/10/2026 23:38:30";"RN";"2026-10-01";"23:51:22"
"PEDRO HENRIQUE S";"162-002362-8-CE";"Ativa";"05/08/2026 10:17";"01/10/2026 23:38:54";"CE";"2026-10-01";"23:51:22"
"PEDRO HENRIQUE SII";"162-002412-8-CE";"Ativa";"19/10/2022 16:13";"01/10/2026 23:31:56";"CE";"2026-10-01";"23:51:22"
"PEDRO HENRIQUE SIII";"162-002435-7-CE";"Ativa";"22/07/2026 10:34";"01/10/2026 23:36:34";"CE";"2026-10-01";"23:51:22"
"Pedro Lucas III";"162-002448-9-CE";"Ativa";"23/02/2021 11:29";"01/10/2026 23:42:50";"CE";"2026-10-01";"23:51:22"
"Pedro Martins";"163-004639-6-CE";"Ativa";"02/02/2022 10:50";"01/10/2026 23:00:52";"CE";"2026-10-01";"23:51:22"
"PEDRO YANDER";"163-004798-8-CE";"Ativa";"15/08/2023 10:48";"01/10/2026 23:44:07";"CE";"2026-10-01";"23:51:22"
"Peimpex III";"161-004532-7-CE";"Ativa/Envio irregular";"13/11/2007 16:00";"21/07/2010 16:42:21";"CE";"2026-10-01";"23:51:22"
"Peimpex IV";"161-004533-5-CE";"Ativa";"26/07/2007 15:20";"01/10/2026 23:39:25";"CE";"2026-10-01";"23:51:22"
"Peimpex V";"161-004635-8-CE";"Ativa/Envio irregular";"28/08/2007 18:08";"15/11/2017 04:53:05";"CE";"2026-10-01";"23:51:22"
"Peimpex VI";"161-004636-6-CE";"Ativa/Envio irregular";"08/08/2007 09:01";"27/08/2026 11:30:54";"CE";"2026-10-01";"23:51:22"
"Peixe Torto / ex Pereira";"403-013581-1-SP";"Ativa/Envio irregular";"23/07/2009 12:07";"25/08/2026 14:45:13";"SP";"2026-10-01";"23:51:22"
"PEIXOL I";"293-002264-7-BA";"Ativa/Envio irregular";"02/09/2025 12:27";"21/10/2025 10:07:47";"BA";"2026-10-01";"23:51:22"
"PEIXOL XIII";"293-001737-6-BA";"Ativa/Envio irregular";"16/07/2015 18:09";"01/10/2026 22:22:34";"BA";"2026-10-01";"23:51:22"
"PELICANO I";"163-004121-1-CE";"Ativa";"18/05/2010 10:02";"01/10/2026 23:33:10";"CE";"2026-10-01";"23:51:22"
"Penelope";"381-023717-5-RJ";"Ativa/Envio irregular";"11/02/2011 19:26";"06/07/2013 20:16:17";"RJ";"2026-10-01";"23:51:22"
"Penelope CH";"161-006952-8-CE";"Ativa";"04/02/2020 19:52";"01/10/2026 23:50:12";"CE";"2026-10-01";"23:51:22"
"PENHASCO";"341-014828-1-BA";"Ativa/Envio irregular";"23/03/2023 14:48";"09/01/2026 14:06:15";"BA";"2026-10-01";"23:51:22"
"Penny Mae";"161-002965-8-CE";"Desativada temporariamente";"07/02/2012 14:52";"02/08/2012 23:30:52";"CE";"2026-10-01";"23:51:22"
"Pepelegal";"163-003854-7-CE";"Ativa";"30/12/2010 14:23";"01/10/2026 23:41:27";"CE";"2026-10-01";"23:51:22"
"Pereira Lima / ex Barão de Mauá I";"401-033003-1-SP";"Ativa";"12/07/2007 14:01";"01/10/2026 23:39:18";"SP";"2026-10-01";"23:51:22"
"PEREIRA LIMA I";"381-021447-7-RJ";"Ativa";"06/08/2007 10:58";"01/10/2026 23:38:33";"RJ";"2026-10-01";"23:51:22"
"PEREIRA LIMA II";"401-080878-1-SP";"Ativa";"22/05/2007 14:03";"01/10/2026 23:33:22";"SP";"2026-10-01";"23:51:22"
"PERNALONGA";"161-005687-6-CE";"Ativa";"24/06/2015 16:59";"01/10/2026 23:34:16";"CE";"2026-10-01";"23:51:22"
"PERNINHA FILHO";"162-001695-8-CE";"Ativa";"21/02/2025 14:51";"01/10/2026 23:48:00";"CE";"2026-10-01";"23:51:22"
"PEROLA AZUL";"293-006192-8-BA";"Ativa";"10/06/2026 15:38";"01/10/2026 23:50:52";"BA";"2026-10-01";"23:51:22"
"Perola II";"163-003831-8-PA";"Ativa";"10/04/2018 07:47";"01/10/2026 23:47:35";"PA";"2026-10-01";"23:51:22"
"Pérola Negra A / ex Aurart II / ex Apolo IV";"401-018983-5-SP";"Ativa";"14/07/2010 10:54";"01/10/2026 23:41:27";"SP";"2026-10-01";"23:51:22"
"Perola Verde";"341-023852-2-ES";"Ativa";"22/08/2019 16:59";"01/10/2026 23:38:26";"ES";"2026-10-01";"23:51:22"
"PESCA CIA I";"161-005690-6-CE";"Ativa";"24/01/2025 15:19";"01/10/2026 23:34:16";"CE";"2026-10-01";"23:51:22"
"PESCADEIRO I";"401-081409-8-SP";"Ativa/Envio irregular";"05/07/2021 17:29";"13/10/2022 12:18:00";"SP";"2026-10-01";"23:51:22"
"PESCADOR J L";"293-002276-1-BA";"Ativa";"16/06/2025 10:49";"01/10/2026 23:37:42";"BA";"2026-10-01";"23:51:22"
"Pescamar II / ex Quebramar III / ex-Elizabeth Vitória I";"401-058836-5-SP";"Ativa";"24/04/2007 18:26";"01/10/2026 23:43:28";"SP";"2026-10-01";"23:51:22"
"Pescamar III / ex Quebra Mar I";"401-080879-9-SP";"Ativa";"23/08/2007 09:28";"01/10/2026 23:49:11";"SP";"2026-10-01";"23:51:22"
"Pescanave VI";"161-003822-3-CE";"Ativa/Envio irregular";"29/02/2008 08:57";"15/07/2015 09:57:59";"CE";"2026-10-01";"23:51:22"
"Pescanave VII";"161-003938-6-CE";"Ativa/Envio irregular";"11/03/2008 10:54";"17/02/2022 08:12:40";"CE";"2026-10-01";"23:51:22"
"PESCAN IV";"282-005254-1-BA";"Ativa/Envio irregular";"27/03/2015 10:47";"01/07/2015 16:24:20";"BA";"2026-10-01";"23:51:22"
"PESQUISADOR";"162-001411-4-CE";"Ativa";"27/03/2015 10:49";"01/10/2026 21:10:11";"CE";"2026-10-01";"23:51:22"
"Peter's Fish";"341-023903-1-ES";"Ativa/Envio irregular";"08/12/2011 16:30";"05/09/2026 07:34:53";"ES";"2026-10-01";"23:51:22"
"P FHC";"201-007614-1-PB";"Ativa";"01/04/2015 10:04";"01/10/2026 23:46:30";"PB";"2026-10-01";"23:51:22"
"Piauí IX";"161-005549-7-CE";"Ativa";"28/08/2017 14:04";"01/10/2026 23:31:46";"CE";"2026-10-01";"23:51:22"
"Pindoba I / Ex Deus Seja Louvado A.C.A - I";"021-030744-7-PA";"Ativa/Envio irregular";"03/04/2008 10:49";"22/03/2018 18:03:12";"PA";"2026-10-01";"23:51:22"
"PIRANHA X";"445-005328-1-SC";"Ativa";"25/07/2025 09:36";"01/10/2026 23:31:41";"SC";"2026-10-01";"23:51:22"
"Piratas do Porto";"401-050018-2-SC";"Ativa/Envio irregular";"31/03/2021 11:32";"28/06/2022 13:44:50";"SC";"2026-10-01";"23:51:22"
"Pisom Havila";"341-038566-5-ES";"Ativa";"07/03/2013 10:28";"01/10/2026 23:37:02";"ES";"2026-10-01";"23:51:22"
"Pitia";"161-002809-1-CE";"Ativa";"10/05/2010 16:29";"01/10/2026 23:41:58";"CE";"2026-10-01";"23:51:22"
"PITTY BP";"163-004740-6-CE";"Ativa";"03/03/2020 13:57";"01/10/2026 23:48:13";"CE";"2026-10-01";"23:51:22"
"PITUA";"341-014744-6-ES";"Ativa";"16/09/2026 10:03";"01/10/2026 23:49:15";"ES";"2026-10-01";"23:51:22"
"Pitufo";"181-E00200-1-RN";"Interrupção permanente";"06/03/2007 17:56";"05/11/2007 14:44:16";"RN";"2026-10-01";"23:51:22"
"P Martins";"163-004553-5-CE";"Ativa";"08/07/2022 11:41";"01/10/2026 23:41:32";"CE";"2026-10-01";"23:51:22"
"Polares III";"401-058822-5-SP";"Ativa/Envio irregular";"08/01/2008 11:56";"01/03/2010 23:08:15";"SP";"2026-10-01";"23:51:22"
"POLIANDRE";"161-005665-5-CE";"Ativa";"24/06/2015 17:29";"01/10/2026 23:37:54";"CE";"2026-10-01";"23:51:22"
"Pollyanna I";"401-005606-1-SP";"Ativa";"12/02/2008 16:10";"01/10/2026 23:37:34";"SP";"2026-10-01";"23:51:22"
"Ponta das Bombas";"443-011360-2-SC";"Ativa";"11/09/2007 09:00";"01/10/2026 23:38:32";"SC";"2026-10-01";"23:51:22"
"Ponta das Bombas I  /ex Laredo";"401-055572-6-SP";"Ativa";"06/06/2007 08:50";"01/10/2026 23:36:23";"SP";"2026-10-01";"23:51:22"
"Ponta das Bombas II";"443-010643-6-SC";"Ativa/Envio irregular";"09/10/2007 09:23";"31/12/2021 19:28:17";"SC";"2026-10-01";"23:51:22"
"Ponta do Gravata / ex Nicacio da Costa";"443-011164-2-SC";"Ativa";"11/06/2007 11:55";"01/10/2026 23:48:15";"SC";"2026-10-01";"23:51:22"
"PONTA DO GRAVATA II";"401-991878-3-SP";"Ativa";"23/08/2007 09:34";"01/10/2026 23:36:50";"SP";"2026-10-01";"23:51:22"
"PONTAL II";"181-004052-3-RN";"Ativa";"27/02/2025 09:29";"01/10/2026 23:46:00";"RN";"2026-10-01";"23:51:22"
"PONTA NEGRA";"443-049956-0-SC";"Ativa";"31/05/2021 18:33";"01/10/2026 23:31:18";"SC";"2026-10-01";"23:51:22"
"PONTA NEGRA FG";"163-003382-1-CE";"Ativa";"29/04/2026 11:42";"01/10/2026 23:37:59";"CE";"2026-10-01";"23:51:22"
"Ponto da Pesca I";"021-029310-1-PA";"Ativa";"26/09/2013 09:24";"01/10/2026 23:44:21";"PA";"2026-10-01";"23:51:22"
"Ponto da Pesca III";"021-030132-5-PA";"Ativa";"12/05/2010 16:27";"01/10/2026 23:33:35";"PA";"2026-10-01";"23:51:22"
"Ponto da Pesca IV";"021-031188-6-PA";"Ativa";"17/07/2007 16:34";"01/10/2026 23:43:39";"PA";"2026-10-01";"23:51:22"
"PORTO DO POVOA";"381-051082-3-RJ";"Ativa";"10/10/2008 14:30";"01/10/2026 23:39:50";"RJ";"2026-10-01";"23:51:22"
"Porto Esperança";"401-017203-7-SP";"Ativa/Envio irregular";"11/06/2007 16:18";"22/06/2013 08:35:57";"SP";"2026-10-01";"23:51:22"
"Porto Feliz I / ex Sea Line III";"161-005535-7-SC";"Ativa";"09/11/2007 15:00";"01/10/2026 23:43:52";"SC";"2026-10-01";"23:51:22"
"Porto Muniz";"441-009258-8-SC";"Ativa/Envio irregular";"13/07/2007 10:26";"20/06/2016 14:13:52";"SC";"2026-10-01";"23:51:22"
"Porto Real";"401-008527-4-SP";"Ativa/Envio irregular";"16/08/2012 17:36";"11/06/2024 11:56:01";"SP";"2026-10-01";"23:51:22"
"PORTO RICO E I/ ex Nova Aliança /ex Ponta da Penha /ex Fenix Gonçalense II";"443-006218-8-SC";"Ativa";"12/03/2010 09:22";"01/10/2026 23:37:20";"SC";"2026-10-01";"23:51:22"
"PORTO RICO G/ ex Mar Azul D / Lila VI - S";"404-007654-1-SC";"Ativa";"04/03/2020 11:44";"01/10/2026 23:12:48";"SC";"2026-10-01";"23:51:22"
"PORTO RICO X / Ex Centauro F";"401-019327-1-SC";"Ativa";"16/08/2007 10:17";"01/10/2026 23:31:30";"SC";"2026-10-01";"23:51:22"
"Porto Vitória";"021-017669-5-PA";"Ativa";"28/05/2010 16:34";"01/10/2026 23:44:06";"PA";"2026-10-01";"23:51:22"
"Predador I";"221-014389-6-PE";"Ativa/Envio irregular";"19/09/2007 16:57";"28/03/2010 06:46:15";"PE";"2026-10-01";"23:51:22"
"Prelúdio";"381-022510-0-RJ";"Ativa/Envio irregular";"10/09/2008 15:56";"17/11/2008 08:22:30";"RJ";"2026-10-01";"23:51:22"
"PRESENTE DE DEUS";"181-004703-0-RN";"Ativa/Envio irregular";"09/03/2015 15:05";"20/08/2019 06:47:55";"RN";"2026-10-01";"23:51:22"
"PRESIDENTE CASTELO BRANCO";"161-002822-8-CE";"Ativa";"24/06/2015 17:30";"01/10/2026 23:39:22";"CE";"2026-10-01";"23:51:22"
"Preto Velho";"021-030805-2-PA";"Ativa/Envio irregular";"28/09/2007 12:33";"20/11/2019 10:38:57";"PA";"2026-10-01";"23:51:22"
"Primavera IX";"401-043154-7-SP";"Ativa/Envio irregular";"05/06/2007 14:04";"04/06/2026 06:17:48";"SP";"2026-10-01";"23:51:22"
"Primavera VI";"401-019553-3-SP";"Ativa/Envio irregular";"03/08/2007 10:50";"21/02/2022 16:04:23";"SP";"2026-10-01";"23:51:22"
"Primavera X";"401-047169-7-SP";"Ativa/Envio irregular";"08/10/2007 10:54";"17/06/2026 02:53:40";"SP";"2026-10-01";"23:51:22"
"Primavera XI";"401-028212-6-SP";"Ativa/Envio irregular";"21/09/2007 16:41";"21/02/2022 13:34:52";"SP";"2026-10-01";"23:51:22"
"Primavera XIV";"443-008692-3-SC";"Ativa";"03/08/2007 10:57";"01/10/2026 23:31:44";"SC";"2026-10-01";"23:51:22"
"Primavera XIX";"443-011917-1-SC";"Ativa";"08/10/2007 13:50";"01/10/2026 23:44:29";"SC";"2026-10-01";"23:51:22"
"Primavera XV";"443-009119-6-SC";"Ativa";"25/08/2010 10:07";"01/10/2026 23:42:30";"SC";"2026-10-01";"23:51:22"
"Primavera XVI";"443-009144-7-SC";"Ativa/Envio irregular";"08/10/2007 10:20";"03/07/2024 23:27:15";"SC";"2026-10-01";"23:51:22"
"Primavera XVII";"443-009105-6-SC";"Ativa";"14/02/2008 16:07";"01/10/2026 23:37:25";"SC";"2026-10-01";"23:51:22"
"Primavera XVIII";"443-009106-4-SC";"Ativa";"28/06/2007 17:27";"01/10/2026 23:35:15";"SC";"2026-10-01";"23:51:22"
"Primavera XX";"443-012215-6-SC";"Ativa";"18/07/2008 17:58";"01/10/2026 23:43:43";"SC";"2026-10-01";"23:51:22"
"PRIMAVERA XX A";"401-058855-1-SP";"Ativa";"08/02/2008 11:23";"01/10/2026 23:41:51";"SP";"2026-10-01";"23:51:22"
"Princesa Yasmim I";"445-008624-4-SC";"Ativa/Envio irregular";"03/08/2020 12:39";"18/06/2026 14:13:31";"SC";"2026-10-01";"23:51:22"
"Principe da Paz J";"443-009171-4-SC";"Ativa";"26/09/2019 16:07";"01/10/2026 23:44:20";"SC";"2026-10-01";"23:51:22"
"PRINCIPE MIGUEL";"443-011217-7-SC";"Ativa/Envio irregular";"09/10/2009 17:42";"26/06/2024 10:18:24";"SC";"2026-10-01";"23:51:22"
"Princomar 201";"021-026341-5-PA";"Ativa/Envio irregular";"23/07/2007 17:07";"23/04/2009 17:31:30";"PA";"2026-10-01";"23:51:22"
"Princomar 202";"021-026352-1-PA";"Ativa/Envio irregular";"23/07/2007 16:50";"21/05/2009 08:36:25";"PA";"2026-10-01";"23:51:22"
"Princomar 203";"021-026353-9-PA";"Ativa/Envio irregular";"23/07/2007 16:32";"03/11/2008 12:45:37";"PA";"2026-10-01";"23:51:22"
"Princomar 204";"021-026354-7-PA";"Ativa/Envio irregular";"23/07/2007 16:21";"21/05/2009 08:37:32";"PA";"2026-10-01";"23:51:22"
"Princomar 205";"021-026638-4-PA";"Ativa/Envio irregular";"23/07/2007 16:08";"11/12/2008 14:05:15";"PA";"2026-10-01";"23:51:22"
"Princomar 206";"021-026637-6-PA";"Ativa/Envio irregular";"23/07/2007 15:50";"21/05/2009 08:44:25";"PA";"2026-10-01";"23:51:22"
"PRODUMAR X";"443-049010-4-SC";"Ativa";"20/04/2017 09:44";"01/10/2026 23:37:28";"SC";"2026-10-01";"23:51:22"
"PRODUMAR XI";"181-004038-8-RN";"Ativa";"22/01/2014 08:39";"01/10/2026 23:40:31";"RN";"2026-10-01";"23:51:22"
"Profeta I";"401-012422-9-SP";"Interrupção permanente";"03/03/2008 14:37";"08/05/2010 16:22:21";"SP";"2026-10-01";"23:51:22"
"PROGRESSO DA FÉ";"181-005784-1-RN";"Ativa";"21/05/2024 17:36";"01/10/2026 23:47:24";"RN";"2026-10-01";"23:51:22"
"Progresso II";"201-022015-3-PB";"Ativa";"19/05/2022 16:02";"01/10/2026 23:34:02";"PB";"2026-10-01";"23:51:22"
"Promessa CD";"441-012145-6-SC";"Ativa/Envio irregular";"14/05/2012 09:21";"25/11/2024 15:13:51";"SC";"2026-10-01";"23:51:22"
"Promessa de Deus II";"341-023167-6-ES";"Ativa";"06/12/2019 15:40";"01/10/2026 23:32:40";"ES";"2026-10-01";"23:51:22"
"PROPESCA VI";"161-003421-0-CE";"Ativa";"05/01/2012 16:19";"01/10/2026 23:49:51";"CE";"2026-10-01";"23:51:22"
"Prosperidade I";"021-100533-9-PA";"Ativa";"21/03/2019 16:52";"01/10/2026 23:43:45";"PA";"2026-10-01";"23:51:22"
"Prosperidade I / Ex Porto Epitácio";"401-030732-3-SP";"Ativa/Envio irregular";"20/11/2009 15:58";"12/06/2018 07:35:07";"SP";"2026-10-01";"23:51:22"
"Provérbios";"341-023441-1-ES";"Ativa";"05/11/2021 11:58";"01/10/2026 23:33:01";"ES";"2026-10-01";"23:51:22"
"PS 101";"443-011290-8-SC";"Ativa";"03/03/2010 17:34";"01/10/2026 23:49:18";"SC";"2026-10-01";"23:51:22"
"PUNTA DEL LESTE II";"021-098469-4-PA";"Ativa";"14/01/2025 12:15";"01/10/2026 23:43:53";"PA";"2026-10-01";"23:51:22"
"PUNTA IV";"021-031830-9-PA";"Ativa/Envio irregular";"20/01/2025 17:14";"04/07/2025 15:26:19";"PA";"2026-10-01";"23:51:22"
"PURI";"293-005798-0-BA";"Ativa";"26/11/2025 11:27";"01/10/2026 23:47:13";"BA";"2026-10-01";"23:51:22"
"Quaresma";"466-000795-2-RS";"Interrupção permanente";"07/05/2012 15:01";"";"RS";"2026-10-01";"23:51:22"
"QUATRO IRMÃOS";"161-002808-2-CE";"Ativa";"30/06/2015 10:55";"01/10/2026 23:32:20";"CE";"2026-10-01";"23:51:22"
"QUEBRA MAR II";"401-052770-6-SP";"Ativa";"06/08/2007 09:16";"01/10/2026 23:42:29";"SP";"2026-10-01";"23:51:22"
"Rafa AB / ex União Perfeita V / ex Valio";"401-011399-5-SP";"Ativa";"07/10/2008 17:44";"01/10/2026 23:42:11";"SP";"2026-10-01";"23:51:22"
"Rafaela M / ex Paulo Andre I";"443-012059-5-SC";"Ativa";"10/11/2008 10:48";"01/10/2026 23:47:32";"SC";"2026-10-01";"23:51:22"
"Rafael Lamas";"021-030087-6-PA";"Ativa/Envio irregular";"24/10/2007 14:24";"08/06/2024 00:52:14";"PA";"2026-10-01";"23:51:22"
"Rafael Vinagre";"403-016243-6-SP";"Desativada temporariamente";"13/08/2007 17:20";"30/09/2009 09:08:03";"SP";"2026-10-01";"23:51:22"
"Rafing I";"021-032110-5-PA";"Ativa/Envio irregular";"13/08/2010 15:56";"22/06/2023 16:26:14";"PA";"2026-10-01";"23:51:22"
"RAÍ DM";"162-001455-6-CE";"Ativa/Envio irregular";"30/06/2015 10:53";"01/07/2015 16:25:10";"CE";"2026-10-01";"23:51:22"
"Railson Pesca I";"021-019943-1-PA";"Ativa";"08/08/2007 19:57";"01/10/2026 23:40:35";"PA";"2026-10-01";"23:51:22"
"Railson Pesca II";"021-030296-8-PA";"Interrupção permanente";"08/08/2007 20:08";"12/05/2011 00:52:27";"PA";"2026-10-01";"23:51:22"
"Railson Pesca III";"443-005502-5-SC";"Ativa";"08/08/2007 20:03";"01/10/2026 23:47:23";"SC";"2026-10-01";"23:51:22"
"Railson Pesca IV";"021-016671-1-PA";"Ativa";"16/08/2007 16:42";"01/10/2026 23:40:23";"PA";"2026-10-01";"23:51:22"
"Raimundo Pesca";"162-002439-0-CE";"Ativa";"18/03/2020 11:58";"01/10/2026 23:47:28";"CE";"2026-10-01";"23:51:22"
"RAINHA DA PAZ JBJ";"161-003947-5-CE";"Ativa";"30/06/2015 10:47";"01/10/2026 23:38:40";"CE";"2026-10-01";"23:51:22"
"RAINHA DO MAR";"181-004706-4-RN";"Ativa/Envio irregular";"09/03/2015 15:05";"01/07/2015 16:50:02";"RN";"2026-10-01";"23:51:22"
"Rainha Ester M";"401-007708-5-SP";"Ativa";"10/04/2017 09:56";"01/10/2026 23:21:46";"SP";"2026-10-01";"23:51:22"
"Rainha Santa Izabel";"381-033946-6-RJ";"Ativa/Envio irregular";"10/06/2008 16:00";"08/03/2009 05:32:00";"RJ";"2026-10-01";"23:51:22"
"RAIZ DO MAR";"443-011992-9-SC";"Ativa/Envio irregular";"03/08/2009 15:31";"20/09/2023 23:59:40";"SC";"2026-10-01";"23:51:22"
"RAMON";"182-002482-2-RN";"Ativa";"18/10/2023 11:37";"01/10/2026 23:43:18";"RN";"2026-10-01";"23:51:22"
"RAMOS VI";"341-039289-1-ES";"Ativa";"26/05/2026 11:43";"01/10/2026 23:45:20";"ES";"2026-10-01";"23:51:22"
"RANDOL";"162-001651-6-CE";"Ativa";"09/03/2015 11:33";"01/10/2026 23:39:12";"CE";"2026-10-01";"23:51:22"
"RAQUEL MARQUES";"443-011165-1-SC";"Ativa";"25/04/2008 15:02";"01/10/2026 23:47:57";"SC";"2026-10-01";"23:51:22"
"RAYARA";"201-007592-7-PB";"Ativa";"27/03/2015 11:26";"01/10/2026 23:32:32";"PB";"2026-10-01";"23:51:22"
"RAYARA II";"201-007602-8-PB";"Ativa";"27/03/2015 11:35";"01/10/2026 23:32:43";"PB";"2026-10-01";"23:51:22"
"Raymi (1º Arrendamento)";"181-E00172-1-RN";"Interrupção permanente";"27/03/2007 09:01";"29/09/2008 09:59:38";"RN";"2026-10-01";"23:51:22"
"Raymi (2º Arrendamento)";"181-E00208-6-RN";"Ativa/Envio irregular";"15/12/2008 16:46";"";"RN";"2026-10-01";"23:51:22"
"RB II";"163-003878-4-CE";"Ativa";"27/12/2011 15:25";"01/10/2026 23:50:44";"CE";"2026-10-01";"23:51:22"
"RB IV";"201-021949-0-RN";"Ativa/Envio irregular";"08/04/2020 09:35";"28/09/2026 22:11:05";"RN";"2026-10-01";"23:51:22"
"REAL III";"381-035844-4-RJ";"Ativa/Envio irregular";"27/03/2009 10:53";"20/03/2024 15:33:17";"RJ";"2026-10-01";"23:51:22"
"REAL MADRID";"141-010840-6-PI";"Ativa";"30/06/2015 10:53";"01/10/2026 23:42:04";"PI";"2026-10-01";"23:51:22"
"Rebeca II";"182-005194-3-RN";"Ativa";"27/04/2020 13:40";"01/10/2026 23:39:26";"RN";"2026-10-01";"23:51:22"
"Recife II";"221-014753-1-PE";"Ativa/Envio irregular";"14/02/2020 11:29";"01/10/2026 17:28:11";"PE";"2026-10-01";"23:51:22"
"RECIFE III";"221-015208-9-PE";"Ativa";"14/02/2020 13:15";"01/10/2026 23:34:05";"PE";"2026-10-01";"23:51:22"
"Recipesca I";"221-014001-3-PE";"Ativa/Envio irregular";"23/08/2017 08:56";"22/07/2026 11:07:21";"PE";"2026-10-01";"23:51:22"
"RECRUTA ZERO";"161-005391-5-CE";"Ativa/Envio irregular";"28/09/2007 08:46";"09/03/2026 16:48:01";"CE";"2026-10-01";"23:51:22"
"Red Fish I";"341-023806-9-ES";"Ativa";"24/09/2018 10:36";"01/10/2026 23:32:20";"ES";"2026-10-01";"23:51:22"
"Red Fish II";"341-023502-7-ES";"Ativa";"24/09/2018 10:56";"01/10/2026 23:32:18";"ES";"2026-10-01";"23:51:22"
"Regina I";"461-007541-5-RS";"Interrupção permanente";"03/08/2007 09:12";"28/08/2008 14:58:13";"RS";"2026-10-01";"23:51:22"
"Reginaldo";"161-005026-6-CE";"Ativa";"03/05/2011 17:28";"01/10/2026 23:40:23";"CE";"2026-10-01";"23:51:22"
"Rei Arthur";"441-009732-6-SC";"Ativa/Envio irregular";"11/09/2013 11:03";"03/02/2021 13:48:02";"SC";"2026-10-01";"23:51:22"
"Rei Arthur / ex Maguary XXV";"161-003981-5-CE";"Ativa";"26/12/2007 15:07";"01/10/2026 23:40:15";"CE";"2026-10-01";"23:51:22"
"Rei Arthur I";"441-889193-5-SC";"Ativa/Envio irregular";"10/05/2017 09:12";"07/06/2018 12:01:20";"SC";"2026-10-01";"23:51:22"
"Rei da Galileia II B";"441-015911-9-SC";"Ativa/Envio irregular";"20/05/2009 16:17";"06/05/2018 19:46:00";"SC";"2026-10-01";"23:51:22"
"Rei da Galileia IV";"443-000924-4-SC";"Ativa";"11/09/2013 10:43";"01/10/2026 23:50:33";"SC";"2026-10-01";"23:51:22"
"Rei da Galiléia VI";"443-013837-1-SC";"Ativa";"17/09/2010 17:38";"01/10/2026 23:16:04";"SC";"2026-10-01";"23:51:22"
"Rei da Gloria C";"441-016947-5-SC";"Ativa";"10/01/2008 17:28";"01/10/2026 23:37:55";"SC";"2026-10-01";"23:51:22"
"Rei da Gloria G / ex Gloria P IV";"443-011531-1-SC";"Ativa";"27/09/2007 18:18";"01/10/2026 23:36:26";"SC";"2026-10-01";"23:51:22"
"Rei da Glória I";"443-011888-4-SC";"Ativa";"08/05/2008 15:11";"01/10/2026 23:35:07";"SC";"2026-10-01";"23:51:22"
"Rei da Glória II";"443-012312-8-SC";"Ativa";"08/09/2009 16:33";"01/10/2026 23:37:04";"SC";"2026-10-01";"23:51:22"
"Rei da Gloria III / ex Lefa II";"441-016463-5-SC";"Ativa";"15/10/2007 11:01";"01/10/2026 23:42:26";"SC";"2026-10-01";"23:51:22"
"Rei das Estrelas";"443-011132-4-SC";"Ativa/Envio irregular";"06/10/2008 18:25";"08/06/2017 10:18:17";"SC";"2026-10-01";"23:51:22"
"Rei das Estrelas C";"443-049125-9-SC";"Ativa";"08/06/2017 08:38";"01/10/2026 23:49:56";"SC";"2026-10-01";"23:51:22"
"Rei da Vitoria / Ex Nossa Sra da Pompeia";"401-010364-7-SP";"Ativa/Envio irregular";"14/06/2007 16:01";"21/03/2012 18:04:03";"SP";"2026-10-01";"23:51:22"
"Rei de Israel";"443-007050-4-SC";"Ativa";"11/09/2013 10:27";"01/10/2026 23:36:05";"SC";"2026-10-01";"23:51:22"
"Rei de Israel II B";"443-048505-4-SC";"Ativa";"21/11/2016 10:31";"01/10/2026 23:32:09";"SC";"2026-10-01";"23:51:22"
"REI DO ÁRTICO";"163-004743-1-CE";"Ativa";"20/02/2020 10:32";"01/10/2026 23:43:10";"CE";"2026-10-01";"23:51:22"
"Rei do Atum / ex Gera IX";"161-004401-1-CE";"Ativa/Envio irregular";"13/03/2008 17:46";"06/04/2015 15:12:50";"CE";"2026-10-01";"23:51:22"
"Rei do Mar IV / ex Rei do Mar";"421-145667-9-PR";"Ativa/Envio irregular";"17/11/2009 11:49";"20/09/2017 22:37:02";"PR";"2026-10-01";"23:51:22"
"Rei Dos Reis JC";"163-004820-8-CE";"Ativa";"31/03/2021 11:07";"01/10/2026 23:36:54";"CE";"2026-10-01";"23:51:22"
"Rei do Universo";"443-011552-4-SC";"Ativa/Envio irregular";"08/10/2008 11:02";"19/05/2017 13:53:22";"SC";"2026-10-01";"23:51:22"
"Rei do Universo C";"443-049105-4-SC";"Ativa";"22/05/2017 14:44";"01/10/2026 23:40:39";"SC";"2026-10-01";"23:51:22"
"Rei Jesus I";"443-011705-5-SC";"Ativa";"16/03/2009 16:14";"01/10/2026 23:35:28";"SC";"2026-10-01";"23:51:22"
"Rei Jesus IV / ex Canadá IV";"381-023010-3-RJ";"Ativa";"20/02/2008 10:08";"01/10/2026 23:40:47";"RJ";"2026-10-01";"23:51:22"
"Reimar I";"443-008271-5-SC";"Ativa/Envio irregular";"21/07/2011 15:02";"27/11/2025 11:20:35";"SC";"2026-10-01";"23:51:22"
"Reimar II";"443-009050-5-SC";"Ativa/Envio irregular";"01/08/2011 09:17";"19/11/2025 11:45:50";"SC";"2026-10-01";"23:51:22"
"Reino Unido";"387-006185-5-RJ";"Interrupção permanente";"04/12/2008 16:24";"15/11/2010 14:39:05";"RJ";"2026-10-01";"23:51:22"
"RENASCER I";"241-014837-9-AL";"Ativa";"16/07/2015 18:09";"01/10/2026 23:50:27";"AL";"2026-10-01";"23:51:22"
"RENASCER I";"293-005704-1-RN";"Ativa";"11/03/2026 15:02";"01/10/2026 23:48:45";"RN";"2026-10-01";"23:51:22"
"Renascer III";"182-005213-3-RN";"Ativa";"20/04/2020 10:08";"01/10/2026 23:44:38";"RN";"2026-10-01";"23:51:22"
"RENATO I";"162-001878-1-CE";"Ativa/Envio irregular";"24/06/2015 17:39";"23/12/2018 17:54:02";"CE";"2026-10-01";"23:51:22"
"Renato N";"181-889062-3-RN";"Ativa";"04/12/2012 15:31";"01/10/2026 23:32:22";"RN";"2026-10-01";"23:51:22"
"RENATO PESCADO";"161-004006-6-CE";"Ativa";"30/06/2015 10:52";"01/10/2026 23:38:34";"CE";"2026-10-01";"23:51:22"
"REP III";"161-003116-4-CE";"Ativa/Envio irregular";"24/06/2015 17:39";"01/07/2015 16:09:52";"CE";"2026-10-01";"23:51:22"
"Ribamar Pesca I";"021-022905-5-PA";"Ativa/Envio irregular";"01/03/2011 18:39";"01/06/2013 07:30:05";"PA";"2026-10-01";"23:51:22"
"Ricardo Henrique I";"403-013325-8-SP";"Ativa";"01/12/2008 16:51";"01/10/2026 23:33:22";"SP";"2026-10-01";"23:51:22"
"Ricardo Henrique II";"384-004751-0-RJ";"Ativa";"25/11/2008 16:43";"01/10/2026 23:33:53";"RJ";"2026-10-01";"23:51:22"
"Ricardo II / ex Ricardo";"341-038369-7-ES";"Ativa";"15/06/2010 13:36";"01/10/2026 23:43:53";"ES";"2026-10-01";"23:51:22"
"RIKELME RF/ ex ACARAU PESCA II";"163-004301-0-CE";"Ativa";"22/06/2015 17:46";"01/10/2026 23:32:41";"CE";"2026-10-01";"23:51:22"
"Rio Amazonas I /ex. João Pedro II /ex. Da Hora XVI /ex. Casablanca";"443-007969-2-SC";"Ativa/Envio irregular";"19/04/2013 11:13";"19/01/2023 10:16:22";"SC";"2026-10-01";"23:51:22"
"Rio Branco I";"021-016080-2-PA";"Ativa";"06/11/2017 06:00";"01/10/2026 23:40:33";"PA";"2026-10-01";"23:51:22"
"Rio Claro";"341-023330-0-ES";"Ativa/Envio irregular";"17/12/2019 18:55";"01/10/2026 22:44:57";"ES";"2026-10-01";"23:51:22"
"Rio Gurupi";"021-016118-3-PA";"Ativa";"27/07/2007 10:27";"01/10/2026 23:33:12";"PA";"2026-10-01";"23:51:22"
"Rio Japurá";"021-016315-1-PA";"Ativa";"18/01/2010 14:48";"01/10/2026 23:37:19";"PA";"2026-10-01";"23:51:22"
"Rio Jordão I / ex Lírio do Vale I";"461-007367-6-RS";"Ativa";"05/03/2015 14:50";"01/10/2026 23:44:28";"RS";"2026-10-01";"23:51:22"
"Rio Madeira";"341-023682-1-ES";"Ativa/Envio irregular";"05/05/2022 17:41";"22/12/2025 18:20:16";"ES";"2026-10-01";"23:51:22"
"RIOPESCA VII";"443-048336-1-SC";"Ativa";"13/12/2013 15:02";"01/10/2026 23:39:11";"SC";"2026-10-01";"23:51:22"
"RIO PIRANGA II";"162-002532-9-CE";"Ativa/Envio irregular";"07/04/2025 17:18";"20/08/2026 14:45:44";"CE";"2026-10-01";"23:51:22"
"Rio Potengi / ex Oceano Pesca I";"021-101852-0-RN";"Ativa";"05/07/2016 11:52";"01/10/2026 23:41:34";"RN";"2026-10-01";"23:51:22"
"RIO PRATA";"161-003278-1-CE";"Ativa";"26/08/2026 09:30";"01/10/2026 23:45:21";"CE";"2026-10-01";"23:51:22"
"RIOS MAR VI";"161-005533-1-CE";"Ativa";"17/12/2025 13:08";"01/10/2026 23:37:35";"CE";"2026-10-01";"23:51:22"
"RIO SOLIMÕES";"341-023582-5-ES";"Ativa";"22/11/2022 11:55";"01/10/2026 23:43:10";"ES";"2026-10-01";"23:51:22"
"Rio Tocantins";"341-023666-0-ES";"Ativa/Envio irregular";"05/05/2022 17:51";"26/09/2025 13:41:32";"ES";"2026-10-01";"23:51:22"
"R LARISSA ARAUJO";"161-005838-1-CE";"Ativa/Envio irregular";"27/02/2026 09:57";"23/09/2026 11:18:57";"CE";"2026-10-01";"23:51:22"
"RN Maia";"182-005215-0-RN";"Ativa";"30/04/2020 15:04";"01/10/2026 23:41:41";"RN";"2026-10-01";"23:51:22"
"RN PESCA I";"201-007701-6-RN";"Ativa";"21/09/2022 15:44";"01/10/2026 23:50:05";"RN";"2026-10-01";"23:51:22"
"Robertinho Marthins";"163-004868-2-CE";"Ativa/Envio irregular";"04/07/2022 14:45";"24/08/2022 09:40:10";"CE";"2026-10-01";"23:51:22"
"ROBERTO II";"341-023177-3-ES";"Ativa";"29/05/2024 09:20";"01/10/2026 23:47:04";"ES";"2026-10-01";"23:51:22"
"Roberto Junior A";"021-028339-4-PA";"Ativa";"07/11/2012 18:21";"01/10/2026 23:31:29";"PA";"2026-10-01";"23:51:22"
"Roberto Junior IV";"021-029803-1-PA";"Ativa";"14/04/2011 18:09";"01/10/2026 23:43:26";"PA";"2026-10-01";"23:51:22"
"Robson III";"443-011325-4-SC";"Ativa";"05/10/2007 09:48";"01/10/2026 23:35:34";"SC";"2026-10-01";"23:51:22"
"Rocha IV";"445-008582-5-SC";"Ativa";"28/09/2007 10:35";"01/10/2026 23:39:14";"SC";"2026-10-01";"23:51:22"
"ROCHELLE";"161-004137-2-CE";"Ativa";"10/05/2010 12:17";"01/10/2026 23:46:13";"CE";"2026-10-01";"23:51:22"
"Rocky";"401-E00055-9-SP";"Interrupção permanente";"10/03/2009 09:31";"08/02/2010 15:53:10";"SP";"2026-10-01";"23:51:22"
"Rocky 2";"401-E00061-3-SP";"Ativa/Envio irregular";"26/02/2007 10:15";"01/09/2008 14:36:54";"SP";"2026-10-01";"23:51:22"
"Rocky I";"181-888896-3-RN";"Ativa/Envio irregular";"08/02/2010 17:10";"22/04/2020 08:20:47";"RN";"2026-10-01";"23:51:22"
"RODRIGO";"201-007610-9-PB";"Ativa/Envio irregular";"24/06/2015 17:43";"01/07/2015 16:09:15";"PB";"2026-10-01";"23:51:22"
"RODRIGO FR";"201-007610-9-CE";"Ativa";"10/05/2023 12:05";"01/10/2026 23:49:14";"CE";"2026-10-01";"23:51:22"
"RODRIGO I";"163-004311-7-CE";"Ativa/Envio irregular";"16/06/2023 09:53";"16/01/2024 12:39:08";"CE";"2026-10-01";"23:51:22"
"RODRIGUES II";"162-000810-6-CE";"Ativa";"24/06/2015 17:43";"01/10/2026 23:45:19";"CE";"2026-10-01";"23:51:22"
"ROMANOS";"163-004644-2-CE";"Ativa";"13/02/2020 16:26";"01/10/2026 23:40:49";"CE";"2026-10-01";"23:51:22"
"Rompendo em Fé";"341-038917-2-ES";"Ativa";"16/04/2015 14:19";"01/10/2026 23:33:09";"ES";"2026-10-01";"23:51:22"
"ROMULO";"401-055564-5-SP";"Ativa";"11/11/2008 14:08";"01/10/2026 23:39:53";"SP";"2026-10-01";"23:51:22"
"Roni";"401-055555-6-SP";"Ativa";"18/07/2007 17:31";"01/10/2026 23:50:02";"SP";"2026-10-01";"23:51:22"
"Roraima II";"403-015752-1-SP";"Interrupção permanente";"18/02/2008 15:00";"17/11/2009 11:10:55";"SP";"2026-10-01";"23:51:22"
"Rosa Branca I";"443-009987-1-SC";"Ativa";"18/10/2007 15:10";"01/10/2026 23:48:59";"SC";"2026-10-01";"23:51:22"
"ROSA DE SARON I";"341-023795-0-ES";"Ativa";"06/07/2026 17:35";"01/10/2026 23:42:29";"ES";"2026-10-01";"23:51:22"
"Rosa do Mar";"465-001124-8-RS";"Ativa";"26/05/2015 17:56";"01/10/2026 23:33:44";"RS";"2026-10-01";"23:51:22"
"Rosa Maria A";"401-055544-1-SP";"Ativa";"23/07/2007 08:33";"01/10/2026 23:38:55";"SP";"2026-10-01";"23:51:22"
"Rosa Maria S";"381-020518-4-RJ";"Ativa";"23/05/2011 10:30";"01/10/2026 23:33:09";"RJ";"2026-10-01";"23:51:22"
"ROSA MILI";"163-004706-6-CE";"Ativa";"26/06/2023 11:49";"01/10/2026 23:48:49";"CE";"2026-10-01";"23:51:22"
"ROSA MISTICA";"162-001794-6-CE";"Ativa";"24/06/2015 17:45";"01/10/2026 23:37:26";"CE";"2026-10-01";"23:51:22"
"Rosa Mistica F /ex Dom Armando II";"443-047697-7-SC";"Ativa";"09/07/2012 15:19";"01/10/2026 23:50:37";"SC";"2026-10-01";"23:51:22"
"Rosa Mistica M";"382-008571-8-RJ";"Ativa";"15/01/2008 16:43";"01/10/2026 23:45:46";"RJ";"2026-10-01";"23:51:22"
"Rosani Moura";"401-041623-8-SP";"Ativa/Envio irregular";"08/08/2007 20:17";"01/01/2017 08:40:57";"SP";"2026-10-01";"23:51:22"
"Rosani Moura I";"381-051854-9-RJ";"Ativa/Envio irregular";"13/10/2010 13:50";"14/02/2017 09:06:32";"RJ";"2026-10-01";"23:51:22"
"Rosas de Ouro";"401-040263-6-SP";"Ativa/Envio irregular";"26/09/2013 10:18";"27/12/2016 07:12:55";"SP";"2026-10-01";"23:51:22"
"ROSAS DE OURO B / ex TERRA SANTA I";"403-006466-3-SP";"Ativa";"20/09/2022 16:38";"01/10/2026 23:45:15";"SP";"2026-10-01";"23:51:22"
"Rossini I";"443-010091-8-SC";"Ativa";"21/11/2011 15:43";"01/10/2026 23:46:39";"SC";"2026-10-01";"23:51:22"
"Rota do Mar I";"401-028738-1-SP";"Ativa";"18/10/2012 16:29";"01/10/2026 23:35:01";"SP";"2026-10-01";"23:51:22"
"Rota do Mar II / ex Columbus III";"443-011361-1-SC";"Ativa";"20/09/2007 10:20";"01/10/2026 23:36:50";"SC";"2026-10-01";"23:51:22"
"Rota do Mar III";"443-010088-8-SC";"Ativa";"06/07/2012 17:38";"01/10/2026 23:38:45";"SC";"2026-10-01";"23:51:22"
"Rota do Mar IV";"443-010089-6-SC";"Ativa";"06/07/2012 17:44";"01/10/2026 23:42:26";"SC";"2026-10-01";"23:51:22"
"R Pesca I";"163-004619-1-CE";"Ativa";"31/12/2019 14:14";"01/10/2026 23:43:11";"CE";"2026-10-01";"23:51:22"
"R Pesca II";"163-004624-8-CE";"Ativa";"27/12/2019 15:10";"01/10/2026 23:38:29";"CE";"2026-10-01";"23:51:22"
"R Pesca III";"163-004625-6-CE";"Ativa";"27/12/2019 16:20";"01/10/2026 23:31:28";"CE";"2026-10-01";"23:51:22"
"R PESCA V";"163-004896-8-CE";"Ativa";"12/06/2023 13:31";"01/10/2026 23:34:45";"CE";"2026-10-01";"23:51:22"
"RUANA I";"341-023655-4-ES";"Ativa/Envio irregular";"25/08/2026 12:11";"15/09/2026 00:11:18";"ES";"2026-10-01";"23:51:22"
"RULK";"162-001199-9-CE";"Ativa";"24/06/2015 17:46";"01/10/2026 23:31:37";"CE";"2026-10-01";"23:51:22"
"Rumo ao Mar";"341-023523-0-ES";"Ativa";"01/10/2018 10:14";"01/10/2026 23:36:45";"ES";"2026-10-01";"23:51:22"
"Rumo Certo MB";"163-004722-8-CE";"Ativa";"12/03/2020 16:54";"01/10/2026 23:49:44";"CE";"2026-10-01";"23:51:22"
"RYNNA";"163-004635-3-CE";"Ativa";"20/02/2020 09:27";"01/10/2026 23:39:08";"CE";"2026-10-01";"23:51:22"
"SABRINA SULLEN";"161-003320-5-CE";"Ativa/Envio irregular";"24/06/2015 17:48";"28/09/2026 14:01:46";"CE";"2026-10-01";"23:51:22"
"Safadi Seif";"443-009191-9-SC";"Ativa/Envio irregular";"16/05/2011 17:38";"15/06/2023 12:29:19";"SC";"2026-10-01";"23:51:22"
"Safadi Seif I / ex Julia JJ / ex Victor Neto I";"443-009372-5-SC";"Ativa";"11/07/2007 15:53";"01/10/2026 23:49:54";"SC";"2026-10-01";"23:51:22"
"Safari";"161-005495-4-CE";"Interrupção permanente";"16/08/2007 15:50";"22/01/2010 23:53:28";"CE";"2026-10-01";"23:51:22"
"SAFHIRA";"293-006127-8-BA";"Ativa";"12/08/2024 12:03";"01/10/2026 23:43:27";"BA";"2026-10-01";"23:51:22"
"SAFIRA VITORIA";"341-038448-1-ES";"Ativa";"25/08/2020 10:40";"01/10/2026 23:01:07";"ES";"2026-10-01";"23:51:22"
"Saga de Apoliano";"401-047170-1-SP";"Ativa";"29/08/2007 09:16";"01/10/2026 23:39:16";"SP";"2026-10-01";"23:51:22"
"Saga de Apoliano I";"443-006727-9-SC";"Ativa";"07/08/2007 15:33";"01/10/2026 23:42:08";"SC";"2026-10-01";"23:51:22"
"Saga de Apoliano II";"021-023000-2-PA";"Ativa";"08/08/2007 11:54";"01/10/2026 23:44:14";"PA";"2026-10-01";"23:51:22"
"Saga de Apoliano III";"161-003267-5-CE";"Ativa";"13/08/2009 10:16";"01/10/2026 23:42:14";"CE";"2026-10-01";"23:51:22"
"Saga de Crismar";"021-017674-1-PA";"Ativa/Envio irregular";"08/08/2007 13:41";"30/09/2026 09:53:42";"PA";"2026-10-01";"23:51:22"
"Saga de Crismar I";"021-030900-8-PA";"Ativa";"17/12/2009 11:16";"01/10/2026 23:32:41";"PA";"2026-10-01";"23:51:22"
"Saga de Crismar II / Ex Tupi";"443-005445-2-SC";"Ativa";"20/08/2007 09:38";"01/10/2026 23:40:10";"SC";"2026-10-01";"23:51:22"
"SAGA DE VIKING";"401-058852-7-SP";"Ativa";"29/01/2013 09:54";"01/10/2026 23:42:01";"SP";"2026-10-01";"23:51:22"
"Sagres XX";"161-003819-3-CE";"Ativa/Envio irregular";"29/08/2007 15:30";"25/03/2026 08:43:36";"CE";"2026-10-01";"23:51:22"
"SAHARA";"181-003338-1-RN";"Ativa";"09/03/2015 15:06";"01/10/2026 23:33:38";"RN";"2026-10-01";"23:51:22"
"SALAMANCA";"342-005261-8-ES";"Ativa/Envio irregular";"18/11/2025 12:54";"23/07/2026 18:23:05";"ES";"2026-10-01";"23:51:22"
"Salmar";"381-003045-7-RJ";"Ativa/Envio irregular";"25/02/2008 16:15";"22/02/2012 16:18:12";"RJ";"2026-10-01";"23:51:22"
"SALMO 139";"161-006135-7-CE";"Ativa";"24/06/2015 17:49";"01/10/2026 23:31:39";"CE";"2026-10-01";"23:51:22"
"SALMO IV";"161-005405-9-CE";"Ativa";"11/11/2024 16:46";"01/10/2026 23:37:51";"CE";"2026-10-01";"23:51:22"
"Salmos 31";"342-005316-9-ES";"Ativa";"19/09/2018 11:38";"01/10/2026 23:37:11";"ES";"2026-10-01";"23:51:22"
"Salmo VII";"163-003563-7-CE";"Ativa";"11/05/2010 15:55";"01/10/2026 23:48:47";"CE";"2026-10-01";"23:51:22"
"SALMO XI";"021-030732-3-PA";"Ativa";"29/01/2013 10:20";"01/10/2026 23:48:56";"PA";"2026-10-01";"23:51:22"
"Salmo XII M";"021-099484-3-PA";"Ativa/Envio irregular";"26/02/2015 16:39";"22/05/2019 14:28:15";"PA";"2026-10-01";"23:51:22"
"SALMO XXV";"161-004128-3-CE";"Ativa";"11/05/2010 16:35";"01/10/2026 23:46:13";"CE";"2026-10-01";"23:51:22"
"SALVADOR BAHIA";"162-001780-6-CE";"Ativa";"24/06/2015 17:50";"01/10/2026 23:46:18";"CE";"2026-10-01";"23:51:22"
"Salvador Costa";"341-024104-3-ES";"Ativa/Envio irregular";"17/12/2019 11:36";"01/10/2026 23:13:08";"ES";"2026-10-01";"23:51:22"
"Samantha I";"403-013768-7-SP";"Ativa/Envio irregular";"26/09/2013 09:46";"15/07/2024 18:17:13";"SP";"2026-10-01";"23:51:22"
"SAMARA MARIA";"181-004722-6-RN";"Ativa";"05/03/2025 16:43";"01/10/2026 23:37:57";"RN";"2026-10-01";"23:51:22"
"Sambaqui III";"443-011115-4-SC";"Ativa";"12/09/2007 17:45";"01/10/2026 23:33:14";"SC";"2026-10-01";"23:51:22"
"Sampaio Alencar I";"381-016855-6-RJ";"Ativa/Envio irregular";"15/05/2008 16:25";"21/05/2013 14:53:42";"RJ";"2026-10-01";"23:51:22"
"SAMUEL IV";"341-014873-6-ES";"Ativa";"15/08/2024 10:52";"01/10/2026 23:50:48";"ES";"2026-10-01";"23:51:22"
"San Diego A";"443-010900-1-SC";"Ativa/Envio irregular";"29/08/2013 17:29";"02/09/2017 09:36:10";"SC";"2026-10-01";"23:51:22"
"SANDRA LUCIA";"221-009986-2-PE";"Ativa/Envio irregular";"16/07/2015 18:10";"28/05/2026 13:53:16";"PE";"2026-10-01";"23:51:22"
"Sandro Celino C / Ex Adriano Cabral";"443-008301-1-SC";"Ativa/Envio irregular";"26/11/2010 09:42";"08/11/2016 16:43:57";"SC";"2026-10-01";"23:51:22"
"San Lucido";"401-013108-0-SP";"Ativa";"05/07/2007 17:35";"01/10/2026 23:41:36";"SP";"2026-10-01";"23:51:22"
"SAN MARINO";"341-023725-9-ES";"Ativa";"10/11/2023 12:17";"01/10/2026 23:20:32";"ES";"2026-10-01";"23:51:22"
"SAN MARTINUS";"161-005794-5-CE";"Ativa";"24/06/2015 17:50";"01/10/2026 23:40:06";"CE";"2026-10-01";"23:51:22"
"San Sebastian II";"021-029850-2-PA";"Ativa/Envio irregular";"10/05/2010 12:22";"30/09/2026 16:41:37";"PA";"2026-10-01";"23:51:22"
"San Sebastian III";"021-031791-4-PA";"Ativa";"10/05/2010 14:00";"01/10/2026 23:49:54";"PA";"2026-10-01";"23:51:22"
"Santa Barbara XVI";"182-005197-8-RN";"Ativa";"29/04/2020 15:42";"01/10/2026 23:50:24";"RN";"2026-10-01";"23:51:22"
"Santa Fé";"443-005928-4-SC";"Ativa/Envio irregular";"22/11/2007 14:54";"19/09/2013 15:19:24";"SC";"2026-10-01";"23:51:22"
"Santa Madalena";"401-055541-6-SP";"Ativa/Envio irregular";"04/12/2012 16:24";"20/10/2015 06:10:30";"SP";"2026-10-01";"23:51:22"
"Santana";"162-001785-7-RN";"Ativa";"11/05/2015 18:07";"01/10/2026 23:33:42";"RN";"2026-10-01";"23:51:22"
"SANTANA II";"461-009420-7-RS";"Ativa";"19/02/2008 17:11";"01/10/2026 23:44:18";"RS";"2026-10-01";"23:51:22"
"Santa Paula";"341-010333-3-ES";"Ativa";"28/06/2007 17:30";"01/10/2026 23:44:57";"ES";"2026-10-01";"23:51:22"
"Santa Paula II / ex Ipecea 107";"161-003411-2-CE";"Ativa";"28/06/2007 17:20";"01/10/2026 23:41:47";"CE";"2026-10-01";"23:51:22"
"Santa Paulina FG / ex União Perfeita I";"401-080757-1-SP";"Ativa";"05/11/2008 14:40";"01/10/2026 23:44:29";"SP";"2026-10-01";"23:51:22"
"Santa Paulina GH";"443-008491-2-SC";"Ativa";"17/08/2012 10:05";"01/10/2026 23:47:28";"SC";"2026-10-01";"23:51:22"
"Santa Paulina M / ex Protasio I";"443-008330-4-SC";"Ativa";"02/12/2008 14:18";"01/10/2026 23:35:36";"SC";"2026-10-01";"23:51:22"
"Santa Rita de Cassia LN";"021-099275-1-PA";"Ativa";"30/10/2012 15:26";"01/10/2026 23:33:10";"PA";"2026-10-01";"23:51:22"
"Santa Rita I";"461-007266-1-RS";"Ativa/Envio irregular";"28/06/2013 16:53";"22/02/2016 14:32:32";"RS";"2026-10-01";"23:51:22"
"Santa Rosa I";"341-014748-9-BA";"Ativa";"12/07/2022 10:57";"01/10/2026 23:49:46";"BA";"2026-10-01";"23:51:22"
"Santa Terezinha 6 / ex Lila VII S";"443-011274-6-SC";"Ativa/Envio irregular";"26/10/2007 09:22";"05/06/2024 10:43:35";"SC";"2026-10-01";"23:51:22"
"Santa Vitoria M / Ex. Santa Rosa M";"443-011296-7-SC";"Ativa";"06/11/2008 13:45";"01/10/2026 23:40:58";"SC";"2026-10-01";"23:51:22"
"SANTO ANTONIO AE / ex ASTRO DOURADO";"162-001850-1-CE";"Ativa";"23/06/2015 18:24";"01/10/2026 23:45:52";"CE";"2026-10-01";"23:51:22"
"SANTO ANTONIO DA BARRA";"162-001884-5-CE";"Ativa";"24/06/2015 17:51";"01/10/2026 23:49:18";"CE";"2026-10-01";"23:51:22"
"Santo Antonio dos Anjos III";"443-011783-7-SC";"Ativa";"19/10/2007 15:53";"01/10/2026 23:35:58";"SC";"2026-10-01";"23:51:22"
"Santo Antonio dos Anjos IV";"443-012302-1-SC";"Ativa";"28/07/2008 18:20";"01/10/2026 23:48:29";"SC";"2026-10-01";"23:51:22"
"Santo Antonio dos Anjos V / ex Amazonia";"443-011760-8-SC";"Ativa";"11/10/2007 16:20";"01/10/2026 23:48:40";"SC";"2026-10-01";"23:51:22"
"Santo Antonio dos Anjos VI / ex Matheus Iago";"443-011717-9-SC";"Ativa";"19/05/2009 12:09";"01/10/2026 23:49:53";"SC";"2026-10-01";"23:51:22"
"SANTO ANTONIO I";"162-000776-2-CE";"Ativa";"09/03/2015 11:35";"01/10/2026 23:47:54";"CE";"2026-10-01";"23:51:22"
"Santo Antonio Maria Zaccaria";"021-032106-7-PA";"Ativa/Envio irregular";"18/01/2010 15:10";"19/09/2023 10:26:49";"PA";"2026-10-01";"23:51:22"
"SANTO ANTONIO SEGUNDO";"181-005420-6-RN";"Ativa";"12/09/2018 11:38";"01/10/2026 23:45:28";"RN";"2026-10-01";"23:51:22"
"Santo Expedito S.N";"021-026547-7-PA";"Ativa/Envio irregular";"19/09/2007 09:41";"24/11/2013 13:06:01";"PA";"2026-10-01";"23:51:22"
"São Benedito - E.N.";"021-030842-7-PA";"Ativa/Envio irregular";"21/08/2007 11:13";"06/05/2024 21:37:43";"PA";"2026-10-01";"23:51:22"
"São Benedito PA";"021-028298-3-PA";"Ativa/Envio irregular";"28/07/2011 10:27";"28/05/2017 01:03:27";"PA";"2026-10-01";"23:51:22"
"São Carlos 6º";"021-030266-6-PA";"Ativa/Envio irregular";"25/02/2013 09:50";"20/10/2016 10:21:02";"PA";"2026-10-01";"23:51:22"
"São Cristovão";"182-005188-9-RN";"Ativa";"27/02/2019 14:16";"01/10/2026 23:47:33";"RN";"2026-10-01";"23:51:22"
"SAO CRISTOVAO DL";"162-001671-1-CE";"Ativa/Envio irregular";"30/06/2015 10:51";"17/06/2026 15:26:20";"CE";"2026-10-01";"23:51:22"
"São Cristovão II";"182-005209-5-RN";"Ativa";"27/02/2019 14:25";"01/10/2026 18:02:07";"RN";"2026-10-01";"23:51:22"
"São Francisco";"463-003404-8-RS";"Ativa";"16/08/2012 17:55";"01/10/2026 23:49:13";"RS";"2026-10-01";"23:51:22"
"São Francisco de Assis";"162-001776-8-CE";"Ativa/Envio irregular";"26/09/2013 10:04";"23/09/2026 17:41:39";"CE";"2026-10-01";"23:51:22"
"São Francisco de Assis IV";"181-005640-3-RN";"Ativa/Envio irregular";"05/08/2020 09:31";"20/02/2024 11:31:25";"RN";"2026-10-01";"23:51:22"
"SAO FRANCISCO I";"162-001778-4-CE";"Ativa";"30/06/2015 10:51";"01/10/2026 22:53:49";"CE";"2026-10-01";"23:51:22"
"São Francisco XP / Ex São Francisco X / Ex Paulo Hepp I";"401-007906-1-SP";"Ativa/Envio irregular";"09/07/2013 16:03";"12/04/2016 09:52:27";"SP";"2026-10-01";"23:51:22"
"São João Calabria I/ex Mais um Sonho V";"461-009416-9-RS";"Ativa";"24/10/2007 09:28";"01/10/2026 23:44:01";"RS";"2026-10-01";"23:51:22"
"São João V";"401-029876-6-SP";"Ativa/Envio irregular";"10/03/2010 16:31";"02/09/2025 18:18:17";"SP";"2026-10-01";"23:51:22"
"SAO JORGE N";"161-005939-5-CE";"Ativa";"30/06/2015 10:50";"01/10/2026 23:46:44";"CE";"2026-10-01";"23:51:22"
"SAO JOSE";"181-002594-0-RN";"Ativa/Envio irregular";"09/03/2015 15:06";"";"RN";"2026-10-01";"23:51:22"
"SÃO JOSÉ DE ANCHIETA";"443-049195-0-SC";"Ativa";"";"01/10/2026 23:36:57";"SC";"2026-10-01";"23:51:22"
"São José I";"381-019467-1-RJ";"Ativa/Envio irregular";"17/05/2010 16:27";"14/12/2016 12:38:42";"RJ";"2026-10-01";"23:51:22"
"São José III";"445-005037-1-SC";"Ativa";"23/12/2014 15:48";"01/10/2026 23:39:04";"SC";"2026-10-01";"23:51:22"
"São José R / ex Auart I / ex Apolo II";"401-055577-7-SP";"Ativa";"20/03/2008 14:50";"01/10/2026 23:50:39";"SP";"2026-10-01";"23:51:22"
"Sao Judas Tadeu";"341-023712-7-ES";"Ativa";"31/10/2019 17:23";"01/10/2026 23:45:41";"ES";"2026-10-01";"23:51:22"
"SÃO LUCAS";"162-002338-5-CE";"Ativa/Envio irregular";"30/07/2025 15:14";"29/09/2026 11:45:07";"CE";"2026-10-01";"23:51:22"
"São Luiz Gonzaga";"381-023397-8-RJ";"Ativa/Envio irregular";"19/02/2008 10:31";"25/11/2009 20:05:27";"RJ";"2026-10-01";"23:51:22"
"São Luiz Rei I";"381-022498-7-RJ";"Ativa";"22/03/2010 10:55";"01/10/2026 23:41:30";"RJ";"2026-10-01";"23:51:22"
"São Manoel V";"163-003870-9-CE";"Ativa/Envio irregular";"16/05/2011 16:53";"01/10/2026 14:03:01";"CE";"2026-10-01";"23:51:22"
"São Paulo I";"021-028572-9-PA";"Ativa/Envio irregular";"18/05/2011 17:08";"18/04/2012 18:51:30";"PA";"2026-10-01";"23:51:22"
"SÃO PAULO III";"162-001779-2-CE";"Ativa/Envio irregular";"30/06/2015 10:49";"01/10/2026 15:32:44";"CE";"2026-10-01";"23:51:22"
"SÃO PAULO JC";"162-001591-9-CE";"Ativa";"30/06/2015 10:50";"01/10/2026 23:35:32";"CE";"2026-10-01";"23:51:22"
"São Paulo V";"023-010011-2-AP";"Ativa/Envio irregular";"18/05/2011 10:36";"01/11/2011 16:21:35";"AP";"2026-10-01";"23:51:22"
"SÃO PEDRO HARLI";"161-005847-0-CE";"Ativa";"05/06/2023 15:19";"01/10/2026 23:31:27";"CE";"2026-10-01";"23:51:22"
"SAO PEDRO I";"162-001693-1-CE";"Ativa";"30/06/2015 10:49";"01/10/2026 23:44:53";"CE";"2026-10-01";"23:51:22"
"SÃO PEDRO S";"401-058851-9-SP";"Ativa";"17/09/2010 15:04";"01/10/2026 23:36:52";"SP";"2026-10-01";"23:51:22"
"São Pedro VI / ex Irmãos Polaco";"445-008499-3-SC";"Ativa";"29/08/2007 09:00";"01/10/2026 23:44:44";"SC";"2026-10-01";"23:51:22"
"São Rafael da Vigia I";"021-027164-7-PA";"Ativa/Envio irregular";"30/06/2011 10:38";"09/05/2012 19:18:41";"PA";"2026-10-01";"23:51:22"
"São Rafael I";"341-023263-0-ES";"Ativa";"19/09/2018 11:29";"01/10/2026 23:37:04";"ES";"2026-10-01";"23:51:22"
"São Rafael - SP";"401-036360-6-SP";"Ativa/Envio irregular";"22/05/2007 13:58";"07/06/2010 12:33:17";"SP";"2026-10-01";"23:51:22"
"SÃO RAFAEL VII";"162-000849-1-CE";"Ativa";"24/06/2015 16:47";"01/10/2026 23:37:15";"CE";"2026-10-01";"23:51:22"
"Sapropel II";"181-889482-3-RN";"Ativa";"16/12/2019 16:55";"01/10/2026 23:45:55";"RN";"2026-10-01";"23:51:22"
"Sarandi Grande";"401-013882-3-SP";"Ativa/Envio irregular";"30/01/2008 17:29";"22/09/2012 00:30:02";"SP";"2026-10-01";"23:51:22"
"Sara V";"161-005796-1-CE";"Ativa";"24/06/2015 17:51";"01/10/2026 23:34:53";"CE";"2026-10-01";"23:51:22"
"Saravá";"021-029868-5-PA";"Ativa/Envio irregular";"12/03/2008 16:11";"21/10/2017 15:28:30";"PA";"2026-10-01";"23:51:22"
"SAUDADE ETERNA IC";"443-050763-5-SC";"Ativa/Envio irregular";"26/06/2025 10:38";"15/02/2026 15:17:54";"SC";"2026-10-01";"23:51:22"
"Sealine I";"401-022796-6-SP";"Ativa/Envio irregular";"06/11/2007 15:31";"11/03/2020 15:37:15";"SP";"2026-10-01";"23:51:22"
"Sealine II";"443-009124-2-SC";"Interrupção permanente";"23/10/2007 15:14";"23/04/2008 23:20:03";"SC";"2026-10-01";"23:51:22"
"Seival III";"445-005533-1-SC";"Ativa/Envio irregular";"09/07/2007 15:44";"24/06/2024 07:50:48";"SC";"2026-10-01";"23:51:22"
"Seledon Jales  I";"441-890837-4-SC";"Ativa/Envio irregular";"08/05/2017 09:00";"26/11/2018 00:35:32";"SC";"2026-10-01";"23:51:22"
"Senhora do Mar I";"381-021482-5-RJ";"Ativa";"17/01/2008 16:45";"01/10/2026 23:31:39";"RJ";"2026-10-01";"23:51:22"
"Senhora do Mar III";"443-010702-5-SC";"Interrupção permanente";"31/01/2008 14:27";"28/03/2008 12:41:58";"SC";"2026-10-01";"23:51:22"
"SENHORA SANTANA";"161-003109-1-CE";"Ativa";"26/02/2026 10:45";"01/10/2026 23:50:43";"CE";"2026-10-01";"23:51:22"
"SENHOR DO BOMFIM";"162-001452-1-CE";"Ativa/Envio irregular";"27/03/2015 11:37";"01/07/2015 16:23:22";"CE";"2026-10-01";"23:51:22"
"SENHOR DO BONFIM / ex San Sebastian";"121-010733-3-MA";"Ativa";"10/05/2010 14:53";"01/10/2026 23:38:00";"MA";"2026-10-01";"23:51:22"
"S. E. PESCADOS";"163-004756-2-CE";"Ativa/Envio irregular";"13/03/2020 16:44";"28/08/2026 16:16:45";"CE";"2026-10-01";"23:51:22"
"Sereno F / ex Sereno I";"443-009127-7-SC";"Ativa/Envio irregular";"20/10/2009 12:55";"14/12/2022 10:21:26";"SC";"2026-10-01";"23:51:22"
"SERENO I";"441-012768-3-SC";"Ativa";"29/09/2026 11:22";"01/10/2026 23:41:18";"SC";"2026-10-01";"23:51:22"
"Sergio Santos";"443-011678-4-SC";"Ativa";"31/10/2007 07:58";"01/10/2026 23:50:57";"SC";"2026-10-01";"23:51:22"
"Serra Grande I";"021-030650-5-PA";"Ativa/Envio irregular";"05/10/2009 16:32";"26/02/2026 09:19:54";"PA";"2026-10-01";"23:51:22"
"SERVULO I";"201-022187-7-PB";"Ativa";"25/03/2026 11:38";"01/10/2026 23:37:23";"PB";"2026-10-01";"23:51:22"
"Servulo I / ex Gera VIII";"161-004136-4-CE";"Ativa/Envio irregular";"23/07/2007 17:13";"25/03/2026 11:20:20";"CE";"2026-10-01";"23:51:22"
"SETE II";"261-007684-3-SE";"Ativa/Envio irregular";"01/04/2015 10:04";"09/12/2020 09:13:32";"SE";"2026-10-01";"23:51:22"
"Sete Mares WA";"163-004821-6-CE";"Ativa";"27/05/2021 13:02";"01/10/2026 23:32:38";"CE";"2026-10-01";"23:51:22"
"Setubal/ex Setubal de Lima";"401-022318-9-SP";"Ativa";"11/07/2007 16:05";"01/10/2026 23:45:38";"SP";"2026-10-01";"23:51:22"
"SEU DANTAS";"293-006355-6-BA";"Ativa/Envio irregular";"22/11/2024 17:37";"11/09/2026 05:16:34";"BA";"2026-10-01";"23:51:22"
"Sheknah II";"443-004336-1-SC";"Ativa/Envio irregular";"04/07/2008 10:15";"23/12/2024 07:51:09";"SC";"2026-10-01";"23:51:22"
"SHEKNAI";"293-002123-3-BA";"Ativa/Envio irregular";"16/07/2015 18:11";"01/10/2026 15:44:35";"BA";"2026-10-01";"23:51:22"
"Shoei Maru nº 1";"181-E00233-7-RN";"Ativa/Envio irregular";"28/01/2011 18:11";"12/08/2011 23:30:57";"RN";"2026-10-01";"23:51:22"
"Shoei Maru nº 7";"181-E00232-9-RN";"Ativa/Envio irregular";"28/01/2011 17:58";"07/11/2013 05:16:05";"RN";"2026-10-01";"23:51:22"
"Sidcris";"384-004980-6-RJ";"Desativada temporariamente";"24/10/2007 09:50";"14/11/2012 16:16:10";"RJ";"2026-10-01";"23:51:22"
"SIDERAL";"401-012707-4-SP";"Ativa";"15/03/2007 17:51";"01/10/2026 23:37:54";"SP";"2026-10-01";"23:51:22"
"Silo II";"021-023149-1-PA";"Ativa";"27/09/2007 15:06";"01/10/2026 23:44:32";"PA";"2026-10-01";"23:51:22"
"Silva I";"021-019081-7-PA";"Ativa";"03/08/2007 09:56";"01/10/2026 23:46:38";"PA";"2026-10-01";"23:51:22"
"Silva II";"021-018938-0-PA";"Ativa";"20/07/2007 14:28";"01/10/2026 23:38:05";"PA";"2026-10-01";"23:51:22"
"Silva III";"021-023877-1-PA";"Ativa";"23/08/2007 11:36";"01/10/2026 23:45:07";"PA";"2026-10-01";"23:51:22"
"SILVEIRA - I";"162-001843-8-CE";"Ativa/Envio irregular";"30/06/2015 10:48";"01/07/2015 16:12:57";"CE";"2026-10-01";"23:51:22"
"SILVEIRA II";"161-004968-3-CE";"Ativa/Envio irregular";"25/06/2015 14:55";"";"CE";"2026-10-01";"23:51:22"
"SILVIA";"161-004959-4-CE";"Ativa/Envio irregular";"25/06/2015 14:58";"01/07/2015 17:06:32";"CE";"2026-10-01";"23:51:22"
"SILVIA II";"161-005408-3-CE";"Ativa/Envio irregular";"25/06/2015 14:58";"01/07/2015 17:03:07";"CE";"2026-10-01";"23:51:22"
"SILVIA MAR";"162-001660-5-CE";"Ativa";"09/03/2015 11:36";"01/10/2026 23:33:06";"CE";"2026-10-01";"23:51:22"
"Silvia VI";"161-006348-1-CE";"Desativada temporariamente";"24/05/2010 11:05";"07/09/2026 18:04:00";"CE";"2026-10-01";"23:51:22"
"Sinal da Cruz";"443-010032-2-SC";"Ativa/Envio irregular";"21/09/2007 15:28";"19/01/2015 05:08:37";"SC";"2026-10-01";"23:51:22"
"Sinuelo do Mar I";"461-009620-0-RS";"Ativa";"17/08/2012 09:35";"01/10/2026 23:41:38";"RS";"2026-10-01";"23:51:22"
"SIRIEMA IV";"401-074584-3-SP";"Ativa";"13/06/2007 11:48";"01/10/2026 23:46:39";"SP";"2026-10-01";"23:51:22"
"Siviero I";"401-055552-1-SP";"Ativa";"19/07/2007 15:11";"01/10/2026 23:37:29";"SP";"2026-10-01";"23:51:22"
"Siviero II";"443-011010-7-SC";"Cadastrada";"";"";"SC";"2026-10-01";"23:51:22"
"SIVIERO III";"443-008255-3-SC";"Desativada temporariamente";"05/10/2007 09:04";"30/09/2026 16:38:56";"SC";"2026-10-01";"23:51:22"
"S. Junior";"463-003349-1-RS";"Ativa";"11/03/2020 11:58";"01/10/2026 23:42:30";"RS";"2026-10-01";"23:51:22"
"Skiper I";"381-051262-1-RJ";"Ativa";"18/01/2008 14:13";"01/10/2026 23:36:40";"RJ";"2026-10-01";"23:51:22"
"Skiper II";"381-051536-1-RJ";"Ativa";"31/07/2008 17:25";"01/10/2026 23:25:10";"RJ";"2026-10-01";"23:51:22"
"Skiper III/ ex Angelines";"381-386807-9-RJ";"Ativa/Envio irregular";"30/09/2010 11:40";"03/07/2026 14:17:45";"RJ";"2026-10-01";"23:51:22"
"Soberano II";"442-023414-8-SC";"Ativa/Envio irregular";"11/03/2020 15:03";"01/05/2022 16:03:36";"SC";"2026-10-01";"23:51:22"
"Sobraga";"163-004630-2-CE";"Ativa";"01/04/2020 09:09";"01/10/2026 23:48:19";"CE";"2026-10-01";"23:51:22"
"Sobre as Ondas";"443-049341-3-SC";"Ativa";"11/02/2020 18:31";"01/10/2026 23:32:16";"SC";"2026-10-01";"23:51:22"
"Sofia C";"201-E00120-9-PB";"Interrupção permanente";"19/09/2007 09:15";"02/10/2009 07:04:21";"PB";"2026-10-01";"23:51:22"
"Sofia C / ex Garça I / ex Pedro Crispim II";"443-011263-1-SC";"Ativa";"29/08/2012 11:41";"01/10/2026 23:35:26";"SC";"2026-10-01";"23:51:22"
"SOFIA SC";"441-014058-2-SC";"Ativa/Envio irregular";"17/07/2007 14:37";"22/07/2026 11:58:31";"SC";"2026-10-01";"23:51:22"
"SOL DE VERÃO III";"443-010942-7-SC";"Ativa/Envio irregular";"01/11/2007 17:43";"17/01/2023 10:30:59";"SC";"2026-10-01";"23:51:22"
"SOL DO HORIZONTE";"403-022227-7-SP";"Ativa";"07/10/2010 10:17";"01/10/2026 23:42:59";"SP";"2026-10-01";"23:51:22"
"SONHO MEU";"161-005711-2-CE";"Ativa/Envio irregular";"23/06/2015 15:18";"01/07/2015 16:54:40";"CE";"2026-10-01";"23:51:22"
"Sonia A";"443-011795-1-SC";"Ativa";"23/05/2008 13:46";"01/10/2026 23:44:52";"SC";"2026-10-01";"23:51:22"
"Sorriso";"182-002491-1-RN";"Ativa";"31/12/2019 13:47";"01/10/2026 23:34:18";"RN";"2026-10-01";"23:51:22"
"Souza Neto";"182-005175-7-RN";"Ativa";"09/07/2021 17:42";"01/10/2026 23:50:21";"RN";"2026-10-01";"23:51:22"
"Souza Oliviera / ex Fenix Gonçalense IV";"443-005305-7-SC";"Ativa";"27/05/2010 11:39";"01/10/2026 23:40:01";"SC";"2026-10-01";"23:51:22"
"Spalenza";"341-015022-6-ES";"Ativa/Envio irregular";"30/01/2020 18:50";"01/10/2026 23:42:52";"ES";"2026-10-01";"23:51:22"
"SPALENZA II";"293-006148-1-BA";"Ativa/Envio irregular";"22/07/2025 11:14";"17/08/2026 08:49:09";"BA";"2026-10-01";"23:51:22"
"Squalus S / Ex Alcatraz IV";"401-019550-9-SP";"Ativa/Envio irregular";"20/09/2007 11:51";"20/09/2023 10:59:15";"SP";"2026-10-01";"23:51:22"
"SR DO BONFIM DA BAHIA";"162-001729-6-CE";"Ativa";"24/06/2015 17:52";"01/10/2026 23:49:27";"CE";"2026-10-01";"23:51:22"
"S. S. de Arapixi 1º";"021-031691-8-PA";"Ativa/Envio irregular";"12/06/2008 10:50";"18/04/2019 08:58:42";"PA";"2026-10-01";"23:51:22"
"SS PESCADOS /ex Victor Celino";"401-044956-0-SP";"Ativa/Envio irregular";"15/03/2010 16:27";"16/04/2024 13:53:30";"SP";"2026-10-01";"23:51:22"
"Star Fish I";"443-010715-7-SC";"Ativa/Envio irregular";"11/10/2007 15:31";"26/06/2015 10:47:42";"SC";"2026-10-01";"23:51:22"
"Sta. Rita de Cassia EN";"021-031807-4-PA";"Ativa/Envio irregular";"30/03/2009 10:04";"23/02/2024 14:56:38";"PA";"2026-10-01";"23:51:22"
"STAR U";"443-011310-6-SC";"Ativa/Envio irregular";"13/04/2007 13:55";"01/10/2026 22:58:40";"SC";"2026-10-01";"23:51:22"
"Stela Maris III";"443-011459-5-SC";"Ativa";"18/07/2007 17:35";"01/10/2026 23:37:14";"SC";"2026-10-01";"23:51:22"
"Stephanie Seif I";"443-011708-0-SC";"Ativa";"28/06/2007 17:31";"01/10/2026 23:39:45";"SC";"2026-10-01";"23:51:22"
"Suilayne";"443-010894-3-RS";"Ativa";"30/03/2020 14:38";"01/10/2026 23:32:04";"RS";"2026-10-01";"23:51:22"
"SUMAKA II";"022-006362-1-PA";"Ativa/Envio irregular";"11/02/2025 12:45";"26/04/2025 06:29:59";"PA";"2026-10-01";"23:51:22"
"SVM I / ex Maguary XXII";"161-004026-1-CE";"Ativa";"04/12/2007 11:50";"01/10/2026 23:41:03";"CE";"2026-10-01";"23:51:22"
"SVM II / ex Meridional VI / ex Fort X";"403-005972-4-SP";"Ativa";"03/08/2007 11:55";"01/10/2026 23:33:55";"SP";"2026-10-01";"23:51:22"
"SVM III / ex Meridional IV /e x Fort VII (2º Rastreamento)";"403-007220-8-SP";"Ativa";"07/01/2009 11:34";"01/10/2026 23:49:44";"SP";"2026-10-01";"23:51:22"
"TABAJARA I";"162-001646-0-CE";"Ativa";"16/07/2015 18:11";"01/10/2026 23:34:32";"CE";"2026-10-01";"23:51:22"
"Taí";"381-033959-8-RJ";"Ativa/Envio irregular";"29/09/2010 13:47";"26/12/2016 09:44:07";"RJ";"2026-10-01";"23:51:22"
"Taiwa Maru nº 78";"181-E00235-3-RN";"Ativa/Envio irregular";"11/02/2011 16:57";"13/07/2011 23:28:05";"RN";"2026-10-01";"23:51:22"
"Taiwa Maru nº 88";"181-E00236-1-RN";"Ativa/Envio irregular";"11/02/2011 17:22";"19/07/2012 23:35:35";"RN";"2026-10-01";"23:51:22"
"Talha Mar I";"341-014895-7-BA";"Ativa";"03/02/2022 10:50";"01/10/2026 23:48:01";"BA";"2026-10-01";"23:51:22"
"Talhamar N / ex Talhamar F / ex Talhamar RS / Ex Yasmin";"401-011039-2-SP";"Ativa/Envio irregular";"27/11/2008 18:02";"15/07/2023 15:08:43";"SP";"2026-10-01";"23:51:22"
"Talismã";"401-062924-0-SP";"Interrupção permanente";"13/06/2007 14:18";"23/01/2008 09:07:16";"SP";"2026-10-01";"23:51:22"
"TALISMÃ";"293-002075-0-BA";"Ativa/Envio irregular";"16/07/2015 18:12";"23/04/2026 12:23:19";"BA";"2026-10-01";"23:51:22"
"TAMBAU";"182-002104-1-RN";"Ativa";"25/06/2015 15:52";"01/10/2026 23:32:19";"RN";"2026-10-01";"23:51:22"
"Tampinha I / ex Andorinha V";"163-003765-6-CE";"Ativa";"03/10/2007 17:53";"01/10/2026 23:31:32";"CE";"2026-10-01";"23:51:22"
"TAMPINHA II";"163-004836-4-CE";"Ativa";"20/04/2023 15:47";"01/10/2026 23:41:26";"CE";"2026-10-01";"23:51:22"
"Tamy Y";"401-074596-7-SP";"Ativa";"03/09/2007 09:05";"01/10/2026 23:48:19";"SP";"2026-10-01";"23:51:22"
"Tanbe";"401-014074-7-SP";"Ativa/Envio irregular";"25/05/2012 16:43";"05/03/2026 09:25:04";"SP";"2026-10-01";"23:51:22"
"Tanbé I";"401-058837-3-SP";"Ativa/Envio irregular";"13/07/2011 09:37";"17/06/2026 11:09:22";"SP";"2026-10-01";"23:51:22"
"Tangará I";"182-005155-2-RN";"Ativa/Envio irregular";"23/06/2020 08:45";"27/01/2022 07:55:05";"RN";"2026-10-01";"23:51:22"
"TANGARA II";"182-002338-9-RN";"Ativa";"11/05/2015 17:51";"01/10/2026 23:35:12";"RN";"2026-10-01";"23:51:22"
"TARADA I";"441-017365-1-SC";"Ativa";"05/07/2016 13:00";"01/10/2026 23:37:27";"SC";"2026-10-01";"23:51:22"
"Tarada II";"466-000897-5-SC";"Ativa";"03/11/2020 10:18";"01/10/2026 23:39:28";"SC";"2026-10-01";"23:51:22"
"TARPON I";"293-003120-4-BA";"Ativa/Envio irregular";"19/11/2024 18:33";"30/09/2026 15:36:13";"BA";"2026-10-01";"23:51:22"
"Tathi M";"401-074595-9-SP";"Ativa";"31/08/2007 18:14";"01/10/2026 23:34:54";"SP";"2026-10-01";"23:51:22"
"Tatiana F";"443-010546-4-SC";"Ativa";"03/08/2007 13:48";"01/10/2026 23:47:00";"SC";"2026-10-01";"23:51:22"
"Tatuira";"461-007050-2-RS";"Ativa";"20/01/2014 16:13";"01/10/2026 23:46:16";"RS";"2026-10-01";"23:51:22"
"TAVARES III /ex TAVARES OLIVEIRA";"443-012180-0-SC";"Ativa";"12/07/2012 15:39";"01/10/2026 23:43:59";"SC";"2026-10-01";"23:51:22"
"TELVES III";"341-023727-5-ES";"Ativa/Envio irregular";"20/01/2023 12:17";"09/03/2026 17:21:44";"ES";"2026-10-01";"23:51:22"
"Teresa de Jesus";"161-005655-8-CE";"Ativa";"30/04/2010 11:01";"01/10/2026 23:45:33";"CE";"2026-10-01";"23:51:22"
"TERRA SANTA C";"401-021672-7-SP";"Ativa";"27/07/2007 14:04";"01/10/2026 23:37:51";"SP";"2026-10-01";"23:51:22"
"Thacia";"021-102506-2-PA";"Ativa";"01/06/2021 11:47";"01/10/2026 23:46:46";"PA";"2026-10-01";"23:51:22"
"Thacia I";"021-103131-3-PA";"Ativa";"26/05/2021 15:54";"01/10/2026 23:37:43";"PA";"2026-10-01";"23:51:22"
"Thairo";"161-006005-9-PA";"Ativa";"13/07/2016 12:36";"01/10/2026 23:41:14";"PA";"2026-10-01";"23:51:22"
"THAIS";"141-010841-4-PI";"Ativa/Envio irregular";"16/07/2015 18:13";"18/12/2025 10:14:17";"PI";"2026-10-01";"23:51:22"
"Thamara Crystina";"341-023843-3-BA";"Ativa";"26/11/2020 12:09";"01/10/2026 23:31:26";"BA";"2026-10-01";"23:51:22"
"Thamara Crystina I";"341-024088-8-BA";"Ativa";"26/11/2020 12:09";"01/10/2026 23:42:26";"BA";"2026-10-01";"23:51:22"
"Thamara I";"341-023361-0-ES";"Ativa";"06/11/2019 16:24";"01/10/2026 23:44:09";"ES";"2026-10-01";"23:51:22"
"Tharles Bruno";"341-038620-3-ES";"Ativa";"30/05/2018 08:30";"01/10/2026 23:38:17";"ES";"2026-10-01";"23:51:22"
"Thavisson IV";"182-005181-1-RN";"Ativa";"20/04/2020 14:41";"01/10/2026 23:35:50";"RN";"2026-10-01";"23:51:22"
"Thavisson V";"182-005191-9-RN";"Ativa";"20/04/2020 14:43";"01/10/2026 23:48:30";"RN";"2026-10-01";"23:51:22"
"Thavisson VI";"182-005206-1-RN";"Ativa";"20/04/2020 16:51";"01/10/2026 23:39:00";"RN";"2026-10-01";"23:51:22"
"Thavisson VII";"182-005221-4-RN";"Ativa";"11/01/2021 18:04";"01/10/2026 23:49:31";"RN";"2026-10-01";"23:51:22"
"THAYS";"161-004776-1-CE";"Ativa/Envio irregular";"27/03/2015 11:37";"01/07/2015 16:54:12";"CE";"2026-10-01";"23:51:22"
"Thiago EJ / Ex Marco Polo II";"401-055578-5-SP";"Ativa";"01/08/2011 09:29";"01/10/2026 23:40:35";"SP";"2026-10-01";"23:51:22"
"Thiago EJ I / Ex Rota do Mar II";"401-013816-5-SP";"Ativa/Envio irregular";"14/07/2011 09:19";"20/12/2025 23:22:10";"SP";"2026-10-01";"23:51:22"
"Thiago EJ II / ex Xodó do Millenium";"443-011288-6-SP";"Ativa";"23/05/2013 16:08";"01/10/2026 23:36:05";"SP";"2026-10-01";"23:51:22"
"Thiago Samuel";"461-008497-0-SC";"Ativa/Envio irregular";"22/12/2016 11:43";"16/01/2017 14:08:07";"SC";"2026-10-01";"23:51:22"
"THIAGO VII";"201-022105-2-PB";"Ativa";"15/06/2026 10:15";"01/10/2026 23:32:19";"PB";"2026-10-01";"23:51:22"
"Thomas";"162-002472-1-CE";"Ativa";"13/10/2021 11:53";"01/10/2026 23:34:12";"CE";"2026-10-01";"23:51:22"
"Thomas JC";"163-004759-7-CE";"Ativa";"12/03/2020 08:42";"01/10/2026 23:33:49";"CE";"2026-10-01";"23:51:22"
"THUNNUS";"443-050827-5-SC";"Ativa";"24/02/2025 15:22";"01/10/2026 23:49:04";"SC";"2026-10-01";"23:51:22"
"Thunnus II /Ex Alalunga VI";"401-058820-9-SP";"Ativa";"04/07/2007 11:31";"01/10/2026 23:42:36";"SP";"2026-10-01";"23:51:22"
"Thunnus III /ex Alalunga II";"443-009153-6-SC";"Ativa";"20/06/2007 10:14";"01/10/2026 23:38:03";"SC";"2026-10-01";"23:51:22"
"Tiago Lamas";"021-027344-5-PA";"Ativa/Envio irregular";"15/08/2007 11:53";"26/02/2021 10:15:20";"PA";"2026-10-01";"23:51:22"
"TIANA";"162-001666-4-CE";"Ativa";"27/03/2015 11:38";"01/10/2026 23:32:29";"CE";"2026-10-01";"23:51:22"
"Titã V";"341-023859-0-ES";"Ativa";"12/04/2022 14:58";"01/10/2026 23:50:35";"ES";"2026-10-01";"23:51:22"
"TJS";"261-007866-8-SE";"Ativa";"19/11/2024 16:55";"01/10/2026 23:40:52";"SE";"2026-10-01";"23:51:22"
"Todos da paz";"461-007527-0-RS";"Ativa/Envio irregular";"14/02/2013 16:21";"30/11/2022 07:44:30";"RS";"2026-10-01";"23:51:22"
"Tomaz";"441-008445-3-SC";"Ativa/Envio irregular";"18/08/2021 12:07";"20/09/2023 11:42:35";"SC";"2026-10-01";"23:51:22"
"Tomo Maru II";"163-004689-2-CE";"Ativa";"31/10/2018 18:34";"01/10/2026 23:09:09";"CE";"2026-10-01";"23:51:22"
"TONAMI I";"021-022784-2-PA";"Ativa";"07/08/2007 17:24";"01/10/2026 23:33:38";"PA";"2026-10-01";"23:51:22"
"Tonami II";"021-022923-3-PA";"Ativa";"07/08/2007 17:15";"01/10/2026 23:42:31";"PA";"2026-10-01";"23:51:22"
"TONY BLAIR";"021-030365-4-PA";"Ativa";"14/05/2010 16:06";"01/10/2026 23:47:06";"PA";"2026-10-01";"23:51:22"
"Tony Luan";"163-004697-3-CE";"Ativa";"23/11/2021 12:06";"01/10/2026 23:35:02";"CE";"2026-10-01";"23:51:22"
"TOTUS TUUS";"163-004605-1-CE";"Ativa";"11/03/2020 10:18";"01/10/2026 23:43:51";"CE";"2026-10-01";"23:51:22"
"TOYAMA";"021-026928-6-PA";"Ativa";"07/08/2007 09:24";"01/10/2026 23:31:34";"PA";"2026-10-01";"23:51:22"
"Toyama I";"021-019944-0-PA";"Ativa";"09/08/2007 11:05";"01/10/2026 23:36:33";"PA";"2026-10-01";"23:51:22"
"TRANSMAR";"161-003096-6-CE";"Ativa/Envio irregular";"25/06/2015 14:59";"01/07/2015 16:59:55";"CE";"2026-10-01";"23:51:22"
"Transmar I";"161-005546-2-CE";"Ativa";"25/03/2009 10:00";"01/10/2026 23:38:51";"CE";"2026-10-01";"23:51:22"
"Transmar II";"221-007226-3-PE";"Ativa/Envio irregular";"10/03/2009 09:45";"30/06/2019 15:42:27";"PE";"2026-10-01";"23:51:22"
"Transmar III";"021-029010-2-PA";"Ativa/Envio irregular";"12/03/2008 16:45";"23/02/2017 02:38:50";"PA";"2026-10-01";"23:51:22"
"TR CAIO I";"161-005791-1-CE";"Ativa";"30/06/2015 11:03";"01/10/2026 23:40:13";"CE";"2026-10-01";"23:51:22"
"Tremendão";"381-020534-6-RJ";"Ativa/Envio irregular";"14/04/2016 13:30";"23/01/2019 08:55:52";"RJ";"2026-10-01";"23:51:22"
"Três Irmãs";"463-003255-0-RS";"Ativa";"19/10/2017 10:53";"01/10/2026 23:37:52";"RS";"2026-10-01";"23:51:22"
"Três Marias";"181-889499-8-RN";"Ativa";"05/06/2020 14:50";"01/10/2026 23:35:08";"RN";"2026-10-01";"23:51:22"
"Tri campeão II";"381-007459-4-RJ";"Ativa/Envio irregular";"11/02/2008 17:14";"27/09/2022 09:54:16";"RJ";"2026-10-01";"23:51:22"
"Tri Campeão III";"381-000529-1-RJ";"Ativa/Envio irregular";"26/02/2009 10:47";"18/09/2015 16:29:20";"RJ";"2026-10-01";"23:51:22"
"Trimar / Ex Dumar";"443-004266-7-SC";"Ativa/Envio irregular";"16/04/2007 16:39";"02/02/2012 02:47:32";"SC";"2026-10-01";"23:51:22"
"TRIMAR I";"401-055559-9-SP";"Ativa";"15/08/2012 17:03";"01/10/2026 23:49:42";"SP";"2026-10-01";"23:51:22"
"Trimar II";"461-004112-0-RS";"Ativa";"03/08/2007 09:21";"01/10/2026 23:37:17";"RS";"2026-10-01";"23:51:22"
"Trimar III";"401-058831-4-SP";"Ativa/Envio irregular";"03/08/2007 09:27";"30/07/2016 23:34:47";"SP";"2026-10-01";"23:51:22"
"Trimar VIII";"401-055547-5-SP";"Ativa/Envio irregular";"31/08/2007 17:54";"01/11/2010 07:20:57";"SP";"2026-10-01";"23:51:22"
"Trimar XII";"401-055573-4-SP";"Ativa/Envio irregular";"03/08/2007 11:17";"22/10/2015 07:41:56";"SP";"2026-10-01";"23:51:22"
"Trimar XV";"401-064996-8-SP";"Ativa";"18/07/2007 10:49";"01/10/2026 23:40:42";"SP";"2026-10-01";"23:51:22"
"Trimar XVI";"443-048789-8-SC";"Ativa";"13/11/2018 09:31";"01/10/2026 23:32:50";"SC";"2026-10-01";"23:51:22"
"Trimar XVI";"401-064998-4-SP";"Ativa/Envio irregular";"03/07/2007 17:20";"25/02/2019 09:17:37";"SP";"2026-10-01";"23:51:22"
"Trimar XVII";"443-048900-9-SC";"Ativa";"12/05/2016 13:20";"01/10/2026 23:38:58";"SC";"2026-10-01";"23:51:22"
"Trimar XVIII";"443-049475-4-SC";"Ativa";"08/01/2019 09:15";"01/10/2026 23:31:24";"SC";"2026-10-01";"23:51:22"
"Tropical Pesca I";"021-018306-3-PA";"Ativa";"31/07/2007 15:44";"01/10/2026 23:50:35";"PA";"2026-10-01";"23:51:22"
"Tropical Pesca II";"021-019010-8-PA";"Ativa";"31/07/2007 15:39";"01/10/2026 23:43:15";"PA";"2026-10-01";"23:51:22"
"Tropical Pesca III";"021-018603-8-PA";"Ativa";"30/07/2007 16:45";"01/10/2026 23:40:36";"PA";"2026-10-01";"23:51:22"
"TROVÃO A";"401-055558-1-SP";"Ativa";"18/10/2007 13:40";"01/10/2026 23:34:15";"SP";"2026-10-01";"23:51:22"
"Trovão Azul I";"443-009517-5-SC";"Ativa";"19/11/2009 11:35";"01/10/2026 23:48:17";"SC";"2026-10-01";"23:51:22"
"Tubarão do Mar";"021-029684-4-PA";"Ativa";"15/05/2008 09:21";"01/10/2026 23:38:00";"PA";"2026-10-01";"23:51:22"
"Tubarão I";"021-028118-9-PA";"Ativa";"15/09/2011 10:18";"01/10/2026 23:36:16";"PA";"2026-10-01";"23:51:22"
"Tubarão IX";"021-030126-1-PA";"Ativa/Envio irregular";"02/10/2007 09:44";"03/03/2023 13:36:04";"PA";"2026-10-01";"23:51:22"
"Tubarão VII";"021-029099-4-PA";"Ativa/Envio irregular";"02/10/2007 09:19";"14/06/2023 17:21:24";"PA";"2026-10-01";"23:51:22"
"Tubarão VIII";"021-027262-7-PA";"Ativa/Envio irregular";"25/10/2007 15:33";"30/07/2023 22:00:59";"PA";"2026-10-01";"23:51:22"
"Tucano";"021-016264-3-PA";"Ativa/Envio irregular";"23/07/2007 08:54";"02/03/2020 23:44:45";"PA";"2026-10-01";"23:51:22"
"Tucumã";"401-034374-5-SP";"Ativa/Envio irregular";"30/04/2007 10:42";"07/06/2010 12:35:07";"SP";"2026-10-01";"23:51:22"
"Tucunaré";"021-027217-1-PA";"Ativa/Envio irregular";"11/05/2010 10:25";"22/01/2011 15:49:41";"PA";"2026-10-01";"23:51:22"
"TULIO FILHO";"162-001442-4-CE";"Ativa";"25/06/2015 15:00";"01/10/2026 23:39:47";"CE";"2026-10-01";"23:51:22"
"Tunas";"341-038541-0-ES";"Ativa";"08/11/2019 12:29";"01/10/2026 23:37:23";"ES";"2026-10-01";"23:51:22"
"Tunasa I";"021-021499-6-PA";"Ativa";"30/04/2008 16:03";"01/10/2026 23:42:19";"PA";"2026-10-01";"23:51:22"
"Tunas Braga";"163-004652-3-CE";"Ativa";"14/10/2019 11:58";"01/10/2026 23:48:57";"CE";"2026-10-01";"23:51:22"
"Tunas II";"341-023834-4-ES";"Ativa";"25/10/2018 18:23";"01/10/2026 23:33:20";"ES";"2026-10-01";"23:51:22"
"Tunas V";"341-023893-0-ES";"Ativa";"12/02/2010 11:23";"01/10/2026 23:42:13";"ES";"2026-10-01";"23:51:22"
"Tunas VI";"341-024111-6-ES";"Ativa/Envio irregular";"02/12/2019 16:25";"";"ES";"2026-10-01";"23:51:22"
"TUNIDIO F";"442-024448-8-SC";"Ativa";"04/11/2025 12:53";"01/10/2026 23:39:20";"SC";"2026-10-01";"23:51:22"
"TWISTER IX";"341-023940-5-ES";"Desativada temporariamente";"21/05/2024 14:03";"14/09/2026 16:25:28";"ES";"2026-10-01";"23:51:22"
"U-AMARO";"201-004970-5-PB";"Ativa/Envio irregular";"01/04/2015 10:05";"01/07/2015 16:25:52";"PB";"2026-10-01";"23:51:22"
"Uitalo I";"163-004772-4-CE";"Ativa";"11/03/2020 10:46";"01/10/2026 23:34:51";"CE";"2026-10-01";"23:51:22"
"Uitalo II";"163-004682-5-CE";"Ativa";"20/07/2022 17:54";"01/10/2026 23:50:56";"CE";"2026-10-01";"23:51:22"
"Uitalo Neto";"163-004676-1-CE";"Ativa";"05/12/2019 16:18";"01/10/2026 23:39:37";"CE";"2026-10-01";"23:51:22"
"U JOEBSON";"201-007565-0-PB";"Ativa/Envio irregular";"01/04/2015 10:05";"03/10/2019 13:28:05";"PB";"2026-10-01";"23:51:22"
"Uluwatu I / ex Ipê X-A / ex Belluno";"443-009145-5-SC";"Ativa";"06/07/2007 10:00";"01/10/2026 23:40:38";"SC";"2026-10-01";"23:51:22"
"Uluwatu II / ex Verak / ex Ipe XI-A / ex Belluno II";"443-009146-3-SC";"Ativa";"06/07/2007 10:01";"01/10/2026 23:34:09";"SC";"2026-10-01";"23:51:22"
"UNIMAR III";"161-005540-3-RS";"Ativa";"08/12/2022 10:51";"01/10/2026 23:35:38";"RS";"2026-10-01";"23:51:22"
"Universo I";"401-010708-1-SP";"Ativa/Envio irregular";"04/07/2007 18:05";"11/02/2026 17:22:22";"SP";"2026-10-01";"23:51:22"
"UNIVERSO III  /ex JK I";"401-010303-5-SP";"Ativa/Envio irregular";"21/02/2008 16:50";"08/10/2024 09:06:04";"SP";"2026-10-01";"23:51:22"
"UNO I";"161-003124-5-CE";"Ativa/Envio irregular";"25/06/2015 15:00";"01/07/2015 17:02:12";"CE";"2026-10-01";"23:51:22"
"Urias G";"384-009415-1-RJ";"Ativa/Envio irregular";"01/03/2013 09:17";"03/05/2016 14:52:55";"RJ";"2026-10-01";"23:51:22"
"Urumair";"163-004339-7-PA";"Ativa/Envio irregular";"28/04/2015 10:59";"01/10/2026 17:45:45";"PA";"2026-10-01";"23:51:22"
"Urutu";"401-013989-7-SP";"Ativa/Envio irregular";"12/02/2008 14:53";"28/07/2010 01:13:40";"SP";"2026-10-01";"23:51:22"
"UTEMAR";"162-001169-7-CE";"Ativa";"25/06/2015 15:01";"01/10/2026 23:39:04";"CE";"2026-10-01";"23:51:22"
"Uxia";"181-E00196-9-RN";"Interrupção permanente";"26/02/2007 09:19";"02/03/2008 02:06:03";"RN";"2026-10-01";"23:51:22"
"VALDICK";"181-005296-3-RN";"Ativa";"03/06/2025 09:15";"01/10/2026 23:45:32";"RN";"2026-10-01";"23:51:22"
"Valente de Davi / Ex. Estrela de Ouro / Vitoria V.E (2º Rastreamento)";"401-011498-3-SP";"Ativa/Envio irregular";"30/06/2009 09:43";"18/11/2022 11:20:51";"SP";"2026-10-01";"23:51:22"
"Valente de Davi I / ex Pesca Mar I / ex Money Maker / ex Andreara";"443-006731-7-SC";"Ativa";"04/09/2012 17:36";"01/10/2026 23:40:44";"SC";"2026-10-01";"23:51:22"
"VALENTE DE DEUS";"401-055553-0-SP";"Ativa";"26/07/2007 09:08";"01/10/2026 23:41:26";"SP";"2026-10-01";"23:51:22"
"VALENTINO JR";"141-010901-1-PI";"Ativa";"25/06/2015 14:25";"01/10/2026 23:33:36";"PI";"2026-10-01";"23:51:22"
"Valter Expedito";"163-004787-2-CE";"Ativa";"20/04/2020 09:59";"01/10/2026 23:37:30";"CE";"2026-10-01";"23:51:22"
"VANIA ADRIANA";"161-003438-4-CE";"Ativa";"25/06/2015 15:01";"01/10/2026 23:48:43";"CE";"2026-10-01";"23:51:22"
"Varela";"441-010083-1-SC";"Ativa/Envio irregular";"09/07/2007 15:24";"19/06/2018 13:15:42";"SC";"2026-10-01";"23:51:22"
"Vasconcellos Pescados I / Ex Mano Velho";"021-022761-3-PA";"Ativa";"17/02/2009 15:13";"01/10/2026 23:45:15";"PA";"2026-10-01";"23:51:22"
"Vasconcellos Pescados II / ex Meridional III / ex Fort III";"021-016834-0-PA";"Ativa";"31/07/2007 15:35";"01/10/2026 23:43:36";"PA";"2026-10-01";"23:51:22"
"Vasconcellos Pescados III / ex Meridional I / ex Fort I";"021-016943-5-PA";"Ativa";"09/08/2007 15:33";"01/10/2026 23:45:09";"PA";"2026-10-01";"23:51:22"
"VELEIRO";"181-004357-3-RN";"Ativa/Envio irregular";"09/03/2015 15:07";"20/07/2019 10:42:52";"RN";"2026-10-01";"23:51:22"
"VELEIRO II";"181-003434-5-RN";"Ativa/Envio irregular";"09/03/2015 15:07";"01/07/2015 16:32:42";"RN";"2026-10-01";"23:51:22"
"Velho Pocho I";"443-011752-7-SC";"Ativa";"30/03/2010 09:43";"01/10/2026 22:49:44";"SC";"2026-10-01";"23:51:22"
"VELOSO IV";"163-004940-9-CE";"Ativa";"11/12/2024 12:21";"01/10/2026 23:48:55";"CE";"2026-10-01";"23:51:22"
"Vencedor AJ /ex Primavera XX AB";"401-058856-0-SP";"Ativa";"14/09/2007 11:46";"01/10/2026 23:32:26";"SP";"2026-10-01";"23:51:22"
"VENCEDOR C";"443-011040-9-SC";"Ativa";"31/05/2011 17:53";"01/10/2026 23:16:20";"SC";"2026-10-01";"23:51:22"
"Vencedor III";"401-008037-0-SP";"Ativa/Envio irregular";"30/07/2009 17:19";"12/04/2021 09:58:07";"SP";"2026-10-01";"23:51:22"
"VENCEDOR MV";"162-001694-0-CE";"Ativa";"16/07/2015 17:41";"01/10/2026 23:39:27";"CE";"2026-10-01";"23:51:22"
"Vencedor VI / Ex Vencedor I";"421-023344-7-PR";"Ativa";"02/12/2008 09:34";"01/10/2026 23:38:05";"PR";"2026-10-01";"23:51:22"
"Vencedor ZZ";"163-004680-9-CE";"Ativa";"29/11/2021 16:45";"01/10/2026 23:36:16";"CE";"2026-10-01";"23:51:22"
"Veneza";"387-704661-4-RJ";"Ativa/Envio irregular";"07/07/2010 10:50";"22/06/2015 10:55:35";"RJ";"2026-10-01";"23:51:22"
"VENEZA";"163-004031-2-CE";"Ativa";"12/05/2010 16:49";"01/10/2026 23:49:51";"CE";"2026-10-01";"23:51:22"
"VENEZA F";"443-007659-6-SC";"Desativada temporariamente";"10/11/2008 15:43";"08/09/2026 19:46:13";"SC";"2026-10-01";"23:51:22"
"Veneza I";"341-023959-6-ES";"Ativa";"25/05/2010 09:40";"01/10/2026 23:32:43";"ES";"2026-10-01";"23:51:22"
"VÊNUS /ex Roberto Junior III";"021-029190-7-PA";"Ativa";"20/10/2011 14:26";"01/10/2026 23:34:00";"PA";"2026-10-01";"23:51:22"
"VERDÃO I";"341-023241-9-BA";"Ativa";"23/03/2023 15:37";"01/10/2026 23:23:22";"BA";"2026-10-01";"23:51:22"
"Verde Vale IV";"443-004240-3-SC";"Ativa";"05/03/2013 10:31";"01/10/2026 23:34:04";"SC";"2026-10-01";"23:51:22"
"Verde Vale X";"443-009054-8-SC";"Ativa/Envio irregular";"08/10/2013 17:19";"04/03/2021 15:09:22";"SC";"2026-10-01";"23:51:22"
"Verde Vale XI";"443-009056-4-SC";"Ativa/Envio irregular";"28/01/2013 16:48";"11/06/2017 13:44:23";"SC";"2026-10-01";"23:51:22"
"Verde Vale XII";"443-008440-8-SC";"Ativa/Envio irregular";"27/03/2017 08:42";"01/10/2026 21:58:37";"SC";"2026-10-01";"23:51:22"
"Veremos";"341-023544-2-ES";"Ativa";"25/08/2017 12:34";"01/10/2026 23:38:10";"ES";"2026-10-01";"23:51:22"
"Veremos II";"342-004979-0-ES";"Desativada temporariamente";"05/12/2019 15:02";"09/09/2026 08:53:58";"ES";"2026-10-01";"23:51:22"
"Veremos IX";"341-022978-7-ES";"Ativa";"01/06/2020 14:34";"01/10/2026 23:43:28";"ES";"2026-10-01";"23:51:22"
"VEREMOS VII";"341-014858-2-ES";"Ativa/Envio irregular";"19/09/2018 10:03";"11/09/2026 17:42:09";"ES";"2026-10-01";"23:51:22"
"VEREMOS VIII";"341-014966-0-ES";"Ativa";"29/09/2025 09:46";"01/10/2026 23:45:51";"ES";"2026-10-01";"23:51:22"
"Veremos X";"341-023092-1-ES";"Ativa/Envio irregular";"02/12/2019 18:09";"28/11/2025 12:03:02";"ES";"2026-10-01";"23:51:22"
"Veremos XI";"341-023499-3-ES";"Ativa/Envio irregular";"12/09/2018 16:36";"13/09/2026 01:30:12";"ES";"2026-10-01";"23:51:22"
"Veremos XII";"341-023572-8-ES";"Ativa";"12/09/2018 17:45";"01/10/2026 23:49:56";"ES";"2026-10-01";"23:51:22"
"Veremos XIII";"341-023357-1-ES";"Ativa";"19/04/2018 09:38";"01/10/2026 23:49:53";"ES";"2026-10-01";"23:51:22"
"Veremos XIV";"341-023621-0-ES";"Ativa";"26/08/2019 15:35";"01/10/2026 23:34:10";"ES";"2026-10-01";"23:51:22"
"VERTINHO";"162-002377-6-CE";"Ativa";"29/05/2023 17:23";"01/10/2026 23:38:26";"CE";"2026-10-01";"23:51:22"
"VIANA";"161-006000-8-CE";"Ativa/Envio irregular";"25/06/2015 15:02";"01/07/2015 16:56:12";"CE";"2026-10-01";"23:51:22"
"VIANA FILHO";"162-001184-1-CE";"Ativa";"25/06/2015 15:02";"01/10/2026 23:35:46";"CE";"2026-10-01";"23:51:22"
"VICENTE LEITE IV";"162-001158-1-CE";"Ativa";"25/06/2015 15:03";"01/10/2026 23:49:47";"CE";"2026-10-01";"23:51:22"
"VICENTE LEITE VI";"162-000732-1-CE";"Ativa";"25/06/2015 15:03";"01/10/2026 23:43:44";"CE";"2026-10-01";"23:51:22"
"Victor Hugo S";"443-011581-8-SC";"Ativa";"25/01/2012 09:33";"01/10/2026 23:32:58";"SC";"2026-10-01";"23:51:22"
"Victor Hugo S I/ ex D Mattos I / ex Vigilante";"442-020925-9-SC";"Ativa";"14/06/2011 10:06";"01/10/2026 23:32:33";"SC";"2026-10-01";"23:51:22"
"Victoria Elaine";"341-023835-2-ES";"Ativa/Envio irregular";"19/09/2018 08:54";"16/01/2023 13:45:15";"ES";"2026-10-01";"23:51:22"
"VICTORIA MAR";"443-007864-5-SC";"Ativa";"17/07/2007 15:05";"01/10/2026 23:31:37";"SC";"2026-10-01";"23:51:22"
"VICTORIA MIRLA";"162-002174-9-CE";"Ativa/Envio irregular";"25/06/2015 15:04";"03/08/2025 15:51:13";"CE";"2026-10-01";"23:51:22"
"VICTORINHA MAR I";"382-008947-1-RJ";"Ativa/Envio irregular";"24/10/2023 19:43";"25/08/2026 14:32:07";"RJ";"2026-10-01";"23:51:22"
"VICTORINHA MAR II";"403-021131-3-SP";"Ativa/Envio irregular";"08/11/2023 16:04";"17/10/2024 11:16:44";"SP";"2026-10-01";"23:51:22"
"Vida Boa";"443-008898-5-SC";"Ativa";"02/10/2012 15:52";"01/10/2026 23:45:51";"SC";"2026-10-01";"23:51:22"
"Vida Boa I";"443-010991-5-SC";"Ativa";"20/02/2008 14:18";"01/10/2026 23:48:10";"SC";"2026-10-01";"23:51:22"
"Vida Mar A / Ex. Pedro Pin / Seival";"445-003444-9-SC";"Ativa/Envio irregular";"16/08/2007 09:28";"15/09/2014 14:04:29";"SC";"2026-10-01";"23:51:22"
"Vida Nova I";"403-021305-7-SP";"Ativa";"08/02/2008 11:45";"01/10/2026 23:36:35";"SP";"2026-10-01";"23:51:22"
"Vida Nova IV";"443-010989-3-SC";"Ativa";"10/01/2008 16:38";"01/10/2026 23:36:49";"SC";"2026-10-01";"23:51:22"
"Vida Reluz";"341-023898-1-ES";"Ativa";"26/11/2009 09:24";"01/10/2026 22:54:06";"ES";"2026-10-01";"23:51:22"
"Vigia I / Ex MF VII";"021-016817-0-PA";"Ativa/Envio irregular";"30/07/2007 18:09";"19/11/2024 10:05:34";"PA";"2026-10-01";"23:51:22"
"Vigia II / Ex MF VIII";"021-016818-8-PA";"Ativa/Envio irregular";"25/07/2007 15:48";"19/11/2024 10:22:43";"PA";"2026-10-01";"23:51:22"
"Vigia III / Ex MF IX";"401-013760-6-SP";"Ativa";"31/07/2007 15:12";"01/10/2026 23:33:18";"SP";"2026-10-01";"23:51:22"
"Vigia IV / Ex MF XI";"401-013761-4-SP";"Ativa/Envio irregular";"31/07/2007 09:56";"19/11/2024 10:45:16";"SP";"2026-10-01";"23:51:22"
"Vigia V / Ex MF XII";"021-018072-2-PA";"Ativa/Envio irregular";"31/07/2007 09:42";"19/11/2024 10:57:46";"PA";"2026-10-01";"23:51:22"
"Vigia VI";"021-016547-2-PA";"Ativa/Envio irregular";"16/09/2014 14:49";"19/11/2024 10:21:07";"PA";"2026-10-01";"23:51:22"
"Vigia VII";"021-016081-1-PA";"Ativa/Envio irregular";"22/12/2016 07:57";"19/11/2024 10:06:10";"PA";"2026-10-01";"23:51:22"
"VILAMAR I";"021-028812-4-PA";"Ativa";"10/07/2024 17:42";"01/10/2026 23:33:35";"PA";"2026-10-01";"23:51:22"
"VILA REAL I";"381-035843-6-RJ";"Ativa";"18/06/2024 09:34";"01/10/2026 23:39:12";"RJ";"2026-10-01";"23:51:22"
"VIRGEM APARECIDA";"162-001622-2-CE";"Ativa";"25/06/2015 15:06";"01/10/2026 23:45:07";"CE";"2026-10-01";"23:51:22"
"VIRGEM DA GLORIA";"162-000857-2-CE";"Ativa";"28/03/2025 15:28";"01/10/2026 23:44:36";"CE";"2026-10-01";"23:51:22"
"Vitorhgabriel";"163-004805-4-CE";"Ativa";"08/12/2021 16:51";"01/10/2026 23:34:29";"CE";"2026-10-01";"23:51:22"
"Vitoria C I / ex José Augusto II";"443-009157-9-SC";"Ativa/Envio irregular";"01/11/2007 15:27";"17/08/2025 10:56:51";"SC";"2026-10-01";"23:51:22"
"Vitoria da Conquista";"401-044716-8-SP";"Interrupção permanente";"18/06/2008 17:47";"27/07/2012 09:41:56";"SP";"2026-10-01";"23:51:22"
"Vitoria da Conquista";"021-101467-2-PA";"Ativa/Envio irregular";"14/06/2021 14:42";"14/11/2025 11:23:21";"PA";"2026-10-01";"23:51:22"
"VITORIA FELICIA I";"181-005555-5-RN";"Ativa/Envio irregular";"04/09/2020 16:09";"18/05/2026 17:12:23";"RN";"2026-10-01";"23:51:22"
"Vitória Filha II";"461-010530-6-RS";"Ativa";"26/12/2012 10:43";"01/10/2026 23:33:10";"RS";"2026-10-01";"23:51:22"
"VITORIA I";"445-007362-2-SC";"Ativa";"10/06/2009 18:26";"01/10/2026 23:30:57";"SC";"2026-10-01";"23:51:22"
"Vitória II";"163-004116-5-CE";"Ativa/Envio irregular";"18/08/2010 17:08";"27/10/2017 14:28:30";"CE";"2026-10-01";"23:51:22"
"VITÓRIA III";"162-000754-1-CE";"Ativa";"11/11/2024 16:09";"01/10/2026 23:36:41";"CE";"2026-10-01";"23:51:22"
"Vitoria M I / ex Victória M S";"401-010363-9-SP";"Ativa/Envio irregular";"16/04/2007 16:13";"13/01/2010 06:14:55";"SP";"2026-10-01";"23:51:22"
"VITORIA REIS";"162-002437-3-CE";"Ativa";"28/12/2022 13:49";"01/10/2026 23:49:01";"CE";"2026-10-01";"23:51:22"
"Vitoria X / ex Vitória I";"163-003918-7-CE";"Ativa/Envio irregular";"09/12/2010 15:05";"15/09/2026 12:59:50";"CE";"2026-10-01";"23:51:22"
"VITORINO III";"293-002534-4-ES";"Ativa";"13/11/2025 17:55";"01/10/2026 23:37:18";"ES";"2026-10-01";"23:51:22"
"Vitorioso JE / ex Caixa D'aco";"443-011401-3-SC";"Ativa";"23/08/2007 11:47";"01/10/2026 23:48:53";"SC";"2026-10-01";"23:51:22"
"Vitor K";"163-003841-5-CE";"Ativa";"24/03/2022 11:13";"01/10/2026 23:42:05";"CE";"2026-10-01";"23:51:22"
"Viva Vida C";"443-004512-7-SC";"Ativa";"04/08/2008 15:52";"01/10/2026 23:34:01";"SC";"2026-10-01";"23:51:22"
"VIVIANE";"021-102522-4-PA";"Ativa";"14/11/2025 11:31";"01/10/2026 23:43:01";"PA";"2026-10-01";"23:51:22"
"Vô Antonio";"443-007144-6-SC";"Ativa";"15/08/2007 10:46";"01/10/2026 23:33:37";"SC";"2026-10-01";"23:51:22"
"VÔ ANTÔNIO E";"401-007861-8-SP";"Ativa/Envio irregular";"20/01/2009 16:09";"07/04/2025 20:24:17";"SP";"2026-10-01";"23:51:22"
"Vô Antonio J";"181-889502-1-RN";"Ativa";"08/04/2020 09:16";"01/10/2026 23:41:34";"RN";"2026-10-01";"23:51:22"
"Vo Biele C ex Garça J";"443-011829-9-SC";"Ativa";"07/03/2012 09:54";"01/10/2026 23:43:16";"SC";"2026-10-01";"23:51:22"
"Vó Celi / ex Yasmin III";"461-009703-6-RS";"Ativa";"13/03/2008 17:28";"01/10/2026 23:50:22";"RS";"2026-10-01";"23:51:22"
"Vô Cícero";"403-013496-3-SP";"Ativa/Envio irregular";"06/03/2009 16:24";"25/06/2013 22:12:22";"SP";"2026-10-01";"23:51:22"
"VO CICINHO";"403-015855-2-SP";"Ativa/Envio irregular";"17/08/2007 15:32";"19/01/2026 17:17:01";"SP";"2026-10-01";"23:51:22"
"VO CICINHO I";"401-008393-0-SP";"Ativa";"06/07/2007 15:57";"01/10/2026 23:47:33";"SP";"2026-10-01";"23:51:22"
"VO CICINHO II / ex Vo Nicacio I";"381-000995-4-RJ";"Ativa/Envio irregular";"04/03/2010 14:35";"11/09/2026 07:29:12";"RJ";"2026-10-01";"23:51:22"
"Vo Claudir";"443-049711-7-SC";"Ativa";"19/03/2021 10:08";"01/10/2026 23:31:47";"SC";"2026-10-01";"23:51:22"
"Vô David";"443-009155-2-SC";"Ativa";"19/06/2007 10:25";"01/10/2026 23:49:55";"SC";"2026-10-01";"23:51:22"
"Vô Dem";"443-005333-2-SC";"Ativa/Envio irregular";"04/06/2021 11:41";"05/06/2026 14:56:11";"SC";"2026-10-01";"23:51:22"
"Vô Dem I";"443-049393-6-SC";"Ativa";"20/01/2020 14:32";"01/10/2026 23:36:04";"SC";"2026-10-01";"23:51:22"
"Vô Dem II/ ex Akira VII";"401-010710-3-SC";"Ativa/Envio irregular";"04/04/2013 15:53";"11/09/2026 15:24:01";"SC";"2026-10-01";"23:51:22"
"Vô Felipe / ex Cabral";"443-007047-4-SC";"Ativa/Envio irregular";"23/11/2007 15:02";"08/06/2018 16:08:32";"SC";"2026-10-01";"23:51:22"
"Vô Felipe G";"443-012267-9-SC";"Ativa/Envio irregular";"01/06/2010 11:35";"03/07/2016 00:51:22";"SC";"2026-10-01";"23:51:22"
"VÓ HELENA";"401-033309-0-SP";"Desativada temporariamente";"08/11/2007 09:52";"11/08/2026 19:56:54";"SP";"2026-10-01";"23:51:22"
"Vô Hildo";"443-011576-1-SC";"Ativa";"05/04/2010 10:23";"01/10/2026 23:50:15";"SC";"2026-10-01";"23:51:22"
"VÔ HILDO I";"443-011712-8-SC";"Ativa";"17/06/2009 10:29";"01/10/2026 23:46:04";"SC";"2026-10-01";"23:51:22"
"VO ICA";"443-011149-9-SC";"Ativa";"18/10/2007 15:40";"01/10/2026 23:49:57";"SC";"2026-10-01";"23:51:22"
"Vô João";"381-039542-1-RJ";"Ativa/Envio irregular";"18/05/2010 09:36";"30/09/2026 05:21:38";"RJ";"2026-10-01";"23:51:22"
"Vô João G";"443-011961-9-SC";"Ativa/Envio irregular";"23/08/2007 13:15";"18/08/2015 15:11:35";"SC";"2026-10-01";"23:51:22"
"Vô João G 2";"443-048791-0-SC";"Ativa";"18/08/2015 15:39";"01/10/2026 23:45:58";"SC";"2026-10-01";"23:51:22"
"VÔ JOÃO G3";"443-050887-9-SC";"Ativa/Envio irregular";"29/05/2025 09:55";"";"SC";"2026-10-01";"23:51:22"
"Vô Joaquim F /Ex Trimar XIII";"401-058847-1-SP";"Ativa";"03/08/2007 11:44";"01/10/2026 23:40:01";"SP";"2026-10-01";"23:51:22"
"VÔ JOSE J";"401-014558-7-SP";"Ativa";"26/07/2007 09:34";"01/10/2026 23:39:24";"SP";"2026-10-01";"23:51:22"
"VOLGA";"443-004329-9-SC";"Ativa/Envio irregular";"07/08/2008 12:27";"29/07/2026 11:18:40";"SC";"2026-10-01";"23:51:22"
"Vó Lica I / ex Carlos D'Avila I / ex Akira IV";"401-014277-4-SP";"Ativa/Envio irregular";"14/09/2007 09:32";"11/01/2023 15:58:21";"SP";"2026-10-01";"23:51:22"
"Vô Lindo";"384-016184-3-RJ";"Ativa/Envio irregular";"18/04/2016 12:34";"30/09/2021 11:53:09";"RJ";"2026-10-01";"23:51:22"
"VO MAEL";"443-011665-2-SC";"Ativa";"13/05/2008 09:51";"01/10/2026 23:32:22";"SC";"2026-10-01";"23:51:22"
"VO MANOEL/ ex VO CICINHO III / ex Vo Nicacio III";"401-013273-6-SC";"Ativa";"04/07/2013 15:52";"01/10/2026 23:39:28";"SC";"2026-10-01";"23:51:22"
"VO MANOEL II";"445-009672-0-SC";"Ativa";"28/08/2008 11:14";"01/10/2026 23:50:06";"SC";"2026-10-01";"23:51:22"
"Vô Marzinho / ex Diogo F";"443-011645-8-SC";"Ativa";"10/03/2009 15:48";"01/10/2026 23:48:34";"SC";"2026-10-01";"23:51:22"
"VO MI II /ex  Silva Marques / ex Rio Pesca V";"441-014418-9-SC";"Ativa/Envio irregular";"26/07/2007 16:07";"16/08/2023 05:17:55";"SC";"2026-10-01";"23:51:22"
"VÔ MINGO";"443-011641-5-SC";"Ativa";"05/05/2009 09:51";"01/10/2026 23:47:13";"SC";"2026-10-01";"23:51:22"
"VO NINA I";"466-001175-5-RS";"Ativa";"08/09/2015 17:07";"01/10/2026 23:34:52";"RS";"2026-10-01";"23:51:22"
"Vo Pacheco";"443-010971-1-SC";"Ativa/Envio irregular";"";"05/12/2022 10:25:02";"SC";"2026-10-01";"23:51:22"
"Vô Pedro";"381-036648-0-RJ";"Ativa/Envio irregular";"24/05/2022 10:44";"07/06/2022 07:34:26";"RJ";"2026-10-01";"23:51:22"
"VÔ PEDRO I";"441-016882-7-SC";"Ativa/Envio irregular";"18/06/2020 15:52";"18/09/2024 11:53:05";"SC";"2026-10-01";"23:51:22"
"Vo Pedro X";"443-008302-9-SC";"Ativa/Envio irregular";"23/10/2007 17:53";"10/11/2024 18:11:21";"SC";"2026-10-01";"23:51:22"
"VÔ PEGAN";"381-031781-1-RJ";"Ativa";"14/11/2007 17:03";"01/10/2026 23:50:58";"RJ";"2026-10-01";"23:51:22"
"Vô Rosa I";"443-009184-6-SC";"Ativa/Envio irregular";"16/12/2008 11:10";"14/04/2015 08:10:56";"SC";"2026-10-01";"23:51:22"
"VO ROSEIRA";"443-010902-8-SC";"Ativa/Envio irregular";"28/02/2011 17:36";"23/08/2022 09:24:17";"SC";"2026-10-01";"23:51:22"
"Vô Silvestre I";"443-009180-3-SC";"Ativa";"26/12/2012 09:54";"01/10/2026 23:35:28";"SC";"2026-10-01";"23:51:22"
"Vô Silvestre II";"441-014212-7-SC";"Ativa/Envio irregular";"14/10/2019 12:07";"26/03/2022 17:51:33";"SC";"2026-10-01";"23:51:22"
"Vovik";"401-058833-1-SP";"Interrupção permanente";"13/11/2007 17:37";"18/03/2009 09:44:19";"SP";"2026-10-01";"23:51:22"
"Vó Vilma I / ex Carlos D'Avila / ex Akira III";"401-014937-0-SP";"Ativa/Envio irregular";"14/09/2007 11:13";"06/01/2023 12:43:13";"SP";"2026-10-01";"23:51:22"
"VÔ VILMAR";"443-048098-2-SC";"Ativa";"12/12/2013 16:33";"01/10/2026 23:49:07";"SC";"2026-10-01";"23:51:22"
"Vô Vinagre";"381-020505-2-RJ";"Ativa/Envio irregular";"28/01/2008 15:41";"05/06/2018 16:32:22";"RJ";"2026-10-01";"23:51:22"
"Voyage";"443-004685-9-SC";"Ativa/Envio irregular";"18/10/2007 14:22";"16/08/2010 01:41:35";"SC";"2026-10-01";"23:51:22"
"VÔ ZAIA";"442-022288-3-SC";"Ativa";"22/02/2011 18:08";"01/10/2026 23:41:29";"SC";"2026-10-01";"23:51:22"
"Vó Zola";"401-013938-2-SP";"Ativa";"15/09/2017 11:30";"01/10/2026 23:50:22";"SP";"2026-10-01";"23:51:22"
"V Pescados";"021-101555-5-PA";"Ativa";"11/05/2018 08:55";"01/10/2026 23:46:10";"PA";"2026-10-01";"23:51:22"
"V Pescados I / ex MF X";"021-027003-9-PA";"Ativa";"31/07/2007 10:10";"01/10/2026 23:31:16";"PA";"2026-10-01";"23:51:22"
"Vulcano";"443-007589-1-SC";"Ativa/Envio irregular";"23/11/2007 11:33";"18/08/2010 18:46:41";"SC";"2026-10-01";"23:51:22"
"Walter Fish";"293-002341-4-BA";"Ativa";"05/01/2012 14:32";"01/10/2026 23:50:03";"BA";"2026-10-01";"23:51:22"
"W. Buch";"021-030635-1-PA";"Ativa";"07/06/2010 16:09";"01/10/2026 23:36:36";"PA";"2026-10-01";"23:51:22"
"Weliton I";"163-004589-6-RN";"Ativa";"20/07/2020 10:04";"01/10/2026 23:42:33";"RN";"2026-10-01";"23:51:22"
"WILLAME";"162-001281-2-CE";"Ativa";"09/03/2015 11:37";"01/10/2026 23:35:38";"CE";"2026-10-01";"23:51:22"
"Williamys I";"162-001619-2-RN";"Ativa";"11/05/2015 18:15";"01/10/2026 23:50:39";"RN";"2026-10-01";"23:51:22"
"Willian Santos";"443-011259-2-SC";"Ativa";"22/10/2007 16:22";"01/10/2026 23:49:27";"SC";"2026-10-01";"23:51:22"
"Witamar II";"341-023270-2-ES";"Ativa";"18/12/2019 11:50";"01/10/2026 23:33:48";"ES";"2026-10-01";"23:51:22"
"World I";"161-003195-4-CE";"Ativa/Envio irregular";"29/07/2009 16:27";"23/06/2025 09:35:08";"CE";"2026-10-01";"23:51:22"
"XARÉU DO PEIXE IV";"161-005680-9-CE";"Ativa";"02/04/2026 11:20";"01/10/2026 23:38:02";"CE";"2026-10-01";"23:51:22"
"Xavante";"443-005618-8-SC";"Ativa/Envio irregular";"15/08/2012 15:28";"03/02/2025 10:21:21";"SC";"2026-10-01";"23:51:22"
"Xodo do Milenium";"443-011288-6-SC";"Ativa/Envio irregular";"01/07/2010 09:44";"10/08/2016 11:36:55";"SC";"2026-10-01";"23:51:22"
"XUXA I";"182-002379-6-RN";"Ativa";"11/05/2015 17:37";"01/10/2026 23:49:08";"RN";"2026-10-01";"23:51:22"
"Y. Abe / ex Dom Geraldo III";"443-010475-1-SC";"Ativa/Envio irregular";"15/04/2009 09:09";"01/06/2026 10:08:48";"SC";"2026-10-01";"23:51:22"
"Yago F / ex  Mar de Cortez 3";"443-009152-8-SC";"Ativa";"28/06/2007 17:26";"01/10/2026 23:38:06";"SC";"2026-10-01";"23:51:22"
"Yagopesca F / Ex. Cidade de Itajaí";"443-004394-9-SC";"Desativada temporariamente";"29/02/2008 11:49";"15/10/2025 08:08:04";"SC";"2026-10-01";"23:51:22"
"Yamashita";"161-003636-1-CE";"Ativa/Envio irregular";"15/08/2007 15:40";"25/03/2026 08:36:01";"CE";"2026-10-01";"23:51:22"
"Yamaya III";"443-006937-9-SC";"Ativa";"22/05/2007 13:54";"01/10/2026 23:40:01";"SC";"2026-10-01";"23:51:22"
"Yan Lucas";"181-005704-3-RN";"Ativa/Envio irregular";"09/03/2015 15:17";"01/07/2015 16:19:22";"RN";"2026-10-01";"23:51:22"
"YASMIM";"162-000862-9-CE";"Ativa";"25/06/2015 15:07";"01/10/2026 23:46:52";"CE";"2026-10-01";"23:51:22"
"YASMIN F /ex VIVIANE F";"443-011102-2-SC";"Desativada temporariamente";"18/02/2013 14:35";"02/07/2026 09:19:48";"SC";"2026-10-01";"23:51:22"
"Yasmin V";"461-151450-1-RS";"Ativa";"08/07/2013 17:11";"01/10/2026 23:48:22";"RS";"2026-10-01";"23:51:22"
"Yeshua JC";"163-004720-1-CE";"Ativa";"27/12/2019 18:40";"01/10/2026 22:53:52";"CE";"2026-10-01";"23:51:22"
"YLHAMAR";"162-002042-4-CE";"Ativa";"31/03/2015 11:19";"01/10/2026 23:45:25";"CE";"2026-10-01";"23:51:22"
"Yndaia CN";"443-009143-9-SC";"Desativada temporariamente";"09/08/2007 18:02";"11/09/2026 19:33:18";"SC";"2026-10-01";"23:51:22"
"ZACARIAS COSTA";"163-004687-6-CE";"Ativa";"25/11/2022 16:46";"01/10/2026 23:41:20";"CE";"2026-10-01";"23:51:22"
"Zenn / ex Santa Isabel";"401-014362-2-SC";"Ativa";"19/03/2008 10:01";"01/10/2026 23:44:03";"SC";"2026-10-01";"23:51:22"
"ZENN I / ex COLUMBUS X";"401-004695-3-SP";"Ativa";"02/07/2009 15:17";"01/10/2026 23:36:51";"SP";"2026-10-01";"23:51:22"
"ZÉ TROVÃO";"141-011167-9-PI";"Ativa";"23/12/2024 11:27";"01/10/2026 23:32:55";"PI";"2026-10-01";"23:51:22"
"ZEZAO";"161-006351-1-CE";"Ativa/Envio irregular";"01/07/2015 16:13";"";"CE";"2026-10-01";"23:51:22"
"Zezinho e Raquel ELC";"163-004788-1-CE";"Ativa";"30/03/2020 13:34";"01/10/2026 23:48:16";"CE";"2026-10-01";"23:51:22"
"ZILA";"162-001603-6-CE";"Ativa/Envio irregular";"25/06/2015 15:08";"";"CE";"2026-10-01";"23:51:22"
"Zuniga";"401-038311-9-SP";"Ativa/Envio irregular";"18/02/2013 14:27";"17/09/2020 06:31:32";"SP";"2026-10-01";"23:51:22"
"Zuniga I";"401-011401-1-SP";"Interrupção permanente";"28/05/2009 17:26";"16/05/2012 23:39:07";"SP";"2026-10-01";"23:51:22"
"Zuniga II / ex São Paulo V";"401-058857-8-SP";"Ativa/Envio irregular";"12/02/2008 17:19";"16/09/2019 13:56:35";"SP";"2026-10-01";"23:51:22"
"Zuniga III";"401-014491-2-SP";"Ativa/Envio irregular";"01/02/2013 10:45";"24/09/2020 08:46:32";"SP";"2026-10-01";"23:51:22"
"Zuniga IV";"401-014314-2-SP";"Interrupção permanente";"27/11/2009 17:15";"16/05/2012 23:10:00";"SP";"2026-10-01";"23:51:22"
"Zuniga IX";"384-015864-8-RJ";"Ativa/Envio irregular";"15/12/2008 16:03";"26/09/2012 11:28:18";"RJ";"2026-10-01";"23:51:22"
"Zuniga V";"461-004610-5-RS";"Ativa/Envio irregular";"28/01/2013 15:49";"24/09/2020 08:30:35";"RS";"2026-10-01";"23:51:22"
"Zuniga VI";"461-004111-1-RS";"Ativa/Envio irregular";"28/01/2013 15:54";"24/09/2020 09:05:57";"RS";"2026-10-01";"23:51:22"
"Zuniga VIII";"401-014484-0-SP";"Ativa/Envio irregular";"02/07/2013 14:44";"09/03/2017 20:27:25";"SP";"2026-10-01";"23:51:22"
